,word,tags,ipa,results
9,-aí,,iː,ai
10,-aíonn,,iːən̪ˠ,aən̪n̪
14,-fidís,,hədʲiːʃ,fʲɪdʲiʃ
17,-finn,,hən̠ʲ,fʲən̠ʲ
22,-igh,Ulster; Connacht,j,ɪɟ
21,-igh,Connacht,iː,ɪɟ
25,-imid,,əmʲɪdʲ,ɪmʲədʲ
26,-imis,,əmʲəʃ,ɪmʲiʃ
28,-ithe,,"i(ː)ʃtʲə, iː",ɪhə
41,-ídís,,iːdʲiːʃ,ɪdʲiʃ
42,-ígí,,iːɟiː,ɪɟi
43,-ím,,iːmʲ,ɪmʲ
44,-ímid,,iːmʲədʲ,ɪmʲədʲ
45,-ímis,,iːmʲəʃ,ɪmʲiʃ
46,-ínn,,iːn̠ʲ,ən̠ʲ
48,-íos,,iːsˠ,ɪsˠ
49,-ítear,,iːtʲəɾˠ,ɪtʲəɾˠ
50,-íteá,,iːtʲaː,ɪtʲi
53,-ófaí,,oːhiː,ʊfˠʊ̽
54,-ófá,,"oːfˠaː, oːhaː",ʊfˠʊ̽
58,-óimis,,oːmʲəʃ,ɛmʲiʃ
59,-óinn,,oːn̠ʲ,ʊən̠ʲ
64,Afganastáin,,"-ˈɡanˠə-, afˠˈɡan̪ˠəsˠt̪ˠɑːnʲ",afˠgən̪əsˠt̪ən̪
81,Aodhagán,Connacht,"ˈiːɡɑːnˠ, ˈiːɡɑːn̪ˠ",aəd̪həgən̪
83,Aoife,,ˈiːfʲə,aifʲi
84,Aoine,,ˈiːnʲə,aən̪ə
92,Baile Brigín,Connacht,"ˌbˠalə ˈbʲɾʲɪɟiːnʲ, ˌbˠælə ˈbʲɾʲɪɟiːnʲ, ˌbˠɑːlʲə ˈbʲɾʲɪɟiːnʲ",bˠail̪ə bɾʲɪɟən̪
93,Baile Meánach,Connacht,ˌbˠalʲə ˈmʲɑːnˠəx,bˠail̪ə mʲɑn̪əx
94,Baile Meánach,Munster; Connacht,ˌbˠalʲə ˈmʲɑːn̪ˠəx,bˠail̪ə mʲɑn̪əx
96,Baile na Mainistreach,Munster; Connacht,ˌbˠalʲə n̪ˠə ˈmˠanʲəʃtʲɾʲəx,bˠail̪ə n̪a mˠain̪iʃtɾʲəx
106,Bh,,"vʲ, w",b
107,Bhaile Átha Cliath,Munster; Connacht,ˌvʲlʲɑː ˈclʲiə,ˈbˠalʲə at̪hə ˈclʲiə
109,Bhríd,,vʲɾʲiːdʲ,bˠhɾʲɪdʲ
144,Ch,,"x, ç",k
145,Cheatharlach,Connacht,ˈçɑːɾˠl̪ˠəx,kçɑt̪həɾˠl̪əx
149,Cholm,,"ˈxɔlˠəmˠ, ˈxɔl̪ˠəmˠ",khʊl̪mˠ
150,Cholm Cille,Ulster; Connacht,"ˌxɔlˠəmˈcɪl̠ʲə, ˌxɔl̪ˠəmˈcɪl̠ʲə",khʊl̪mˠ cɪl̪l̪ə
152,Chonnachta,Connacht,ˈxʊn̪ˠəxt̪ˠə,khʊn̪n̪ʊ̽kht̪ʊ̽
154,Chásca,Munster; Connacht,ˈxɑːsˠkə,khasˠkə
160,Cireabaití,,ˈkɪɾʲəˌbatiː,cɪɾʲəbˠitʲi
161,Ciribeas,,ˈkɪɾʲəˌbas,cɪɾʲibʲəsˠ
163,Cloch na Blarnan,Munster; Connacht,ˌklˠɔx n̪ˠə ˈbˠlˠɑːɾˠn̪ˠənˠ,kl̪ʊk n̪a bˠl̪aɾˠn̪ən̪
164,Clocha Liatha,Ulster; Connacht,"n̪ˠə ˌklˠɔxə ˈl̠ʲiəhə, n̪ˠə ˌkl̪ˠɔxə ˈl̠ʲiəhə",kl̪ʊkhʊ̽ l̪iət̪hə
165,Cléire,,ˈclʲeːɾʲə,kl̪ɛɾʲi
186,Daidí na Nollag,,ˌd̪ˠadʲiː n̪ˠə ˈnˠɔl̪ˠəɡ,d̪aidʲi n̪a n̪ʊl̪l̪ʊ̽g
192,Dh,,"j, ɟ, ɣ",d
193,Dhaidí na Nollag,,ˌɣadʲiː n̪ˠə ˈnˠɔl̪ˠəɡ,d̪haidʲi n̪a n̪ʊl̪l̪ʊ̽g
194,Dhia,,jiə,dçiə
196,Dia dhaoibh,,ˌdʲiə ˈɣiːvʲ,dʲiə d̪haibʲ
197,Dia dhuit,,ˌdʲiə ˈɣɪtʲ,dʲiə d̪hɪtʲ
198,Dia duit,,ˌdʲiə ˈd̪ˠɪtʲ,dʲiə d̪ɪtʲ
238,Fhionlainnis,,ˈɪn̪ˠl̪ˠən̠ʲɪʃ,fçɪn̪l̪ən̪n̪iʃ
241,Fhranca,,ˈɾˠaŋkə,fˠhɾˠan̪kə
260,Gaedhlaing,,ˈɡeːlɪɲ,geːdʲhl̪əng
263,Gaeilge na hÉireann,,"ˈɡeːlʲɟɪ nˠə ˈheːɾʲən̪ˠ, ˈɡeːlʲɟɪ n̪ˠə ˈheːɾʲən̪ˠ",geːəlɟi n̪a çɛɾʲən̪ˠ
267,Gaelach,Munster; Connacht,ˈɡeːl̪ˠəx,geːl̪əx
269,Garda,Munster; Connacht,ˈɡɑːɾˠd̪ˠə,gaɾˠd̪ə
271,Gardaí,Connacht,ˈɡɑːɾˠd̪ˠiː,gaɾˠd̪ə
276,Ghaelach,Munster; Connacht,ˈɣeːl̪ˠəx,gheːl̪əx
275,Ghaelach,Connacht,ˈɣeːlˠəx,gheːl̪əx
278,Gráinne,Connacht,ˈɡɾˠɑːn̠ʲə,gɾˠain̪n̪ə
279,Gréigis,,ˈɟɾʲeːɟɪʃ,gɾʲɛɟiʃ
283,Idirlíon,,"-ˌl̠ʲiːnˠ, ˈɪdʲəɾʲˌl̠ʲiːn̪ˠ",ɪdʲiɾʲl̪ən̪
290,Inis Meáin,,ˌɪnʲəʃ ˈmʲɑːnʲ,ɪn̪iʃ mʲain̪
294,Iúil,,uːlʲ,ɪəl̪
301,Leitir Ceanainn,Ulster; Connacht,"ˌl̠ʲɛtʲəɾʲ ˈcanˠən̠ʲ, ˌl̠ʲɛtʲəɾʲ ˈcan̪ˠən̠ʲ",l̪ɛtʲiɾʲ cɑn̪əən̠ʲ
306,Loch Garman,,"ˌl̪ˠɔx ˈɡaɾˠəmˠənˠ, ˌl̪ˠɔx ˈɡaɾˠəmˠən̪ˠ",ˈl̪ˠɔx ˈɡaɾˠəmˠən̪ˠ
310,Luan Cásca,Munster; Connacht,ˌl̪ˠuən̪ˠ ˈkɑːsˠkə,l̪uan̪ kasˠkə
309,Luan Cásca,Connacht,ˌl̪ˠuənˠ ˈkɑːsˠkə,l̪uan̪ kasˠkə
313,Lá Fhéile Pádraig,,ˌl̪ˠɑː ˌeːlʲə ˈpˠɑːɾˠɪc,l̪a fçɛl̪ə pˠad̪ɾˠiɟ
323,Meán Fómhair,,ˌmʲɑːn̪ˠ ˈfoːwəɾʲ,mʲɑn̪ fˠʊmˠhiɾʲ
327,Mháire,Connacht,ˈwɑːɾʲə,mˠhaiɾʲi
349,Nc,,"ŋk, ɲc",nk
364,Ocsatánais,,"ɔksəˈtˠaːnˠɪʃ, ˈɔksətˠaːnˠɪʃ",ʊksˠʊ̽t̪ʊ̽n̪iʃ
368,Ollainnis,,ˈɔl̪ˠən̠ʲəʃ,ʊl̪l̪ʊ̽n̪n̪iʃ
369,Ostair,,ˈɔsˠt̪ˠəɾʲ,ʊsˠt̪iɾʲ
370,Oíche Inide,,ˈiːç ˈɪnʲədʲə,ɛcçi ɪn̪idʲi
376,Ph,,"fʲ, fˠ",p
380,Pháras,Munster; Connacht,ˈfˠɑːɾˠəsˠ,pˠhaɾˠəsˠ
427,Shamhain,Connacht,"həunʲ, ˈhɑvˠən",sˠhamˠhən̪
429,Sheáin,Munster; Connacht,"çɑːnʲ, çɑ̃ːnʲ",sçain̪
430,Shligigh,Connacht,ˈhlʲɪɟiː,sˠhl̪ɪɟiɟ
435,Sligeach,Connacht,ˈʃl̠ʲɪɟəx,sˠl̪ɪɟəx
439,Sord Cholm Cille,Connacht,"ˌsˠauɾˠd̪ˠ xɔlˠəm ˈcɪl̠ʲə, ˌsˠauɾˠd̪ˠ xɔl̪ˠəm ˈcɪl̠ʲə",sˠəuɾˠd̪ khʊl̪mˠ cɪl̪l̪ə
468,Tír na nÓg,Munster; Connacht,ˌtʲiːɾˠ n̪ˠə ˈn̪ˠoːɡ,tʲəiɾʲ n̪a n̪ʊg
477,Vallúinis,,wal̪ˠuːnʲɪʃ,val̪l̪ən̪iʃ
482,Volaifis,,wɔl̪ˠəfʲɪʃ,vʊl̪ifʲiʃ
485,a chairde,Munster; Connacht,ə ˈxɑːɾˠdʲə,a khaiɾʲdʲi
486,a chara,,ə ˈxaɾˠə,a khaɾˠə
487,a chlog,Connacht,"oːˈxlˠoɡ, əˈxlˠoɡ",a khl̪ʊg
501,abhaile,Connacht,əˈwalʲə,abˠhəl̪ə
502,abhaill,,ˈəuwəl̠ʲ,abˠhəl̪l̪
504,abhna,,ˈoːn̪ˠə,abˠhn̪ə
524,acústaic,,əˈkuːsˠt̪ˠɪc,akəsˠt̪ic
532,adhlaic,Connacht,"ˈɑːl̪ˠəc, ˈəil̪ˠəc",ad̪hl̪ic
533,adhnaic,Connacht,ˈəin̪ˠəc,ad̪hn̪ic
543,ag,,"ə, əɟ, əɡ, ɛɟ, ɪɟ",ag
555,agam,Mayo; Connacht,ˈuɡəmˠ,agəmˠ
558,agat,Galway; Connacht,ˈɑː(ɡə)t̪ˠ,agət̪
565,aici,Connacht,"ˈɛciː, ˈɛcə",aici
566,aicise,,ˈɛcɪʃə,aiciʃi
573,aiges,,ˈɛɟɪsˠ,aiɟiʃ
596,airg,,ˈaɾʲɪɟ,ɑːɾʲg
601,airne,Munster; Connacht,ˈɑːɾˠn̠ʲə,aiɾʲn̪ə
610,aiseag,Ulster; Connacht,ˈæʃək,aiʃəg
622,aithinne,,ˈæhən̠ʲə,aitʲçən̪n̪ə
640,amach,,əˈmˠax,amˠəx
641,amach is amach,,əˈmˠax əsˠ əˈmˠax,amˠəx ɪʃ amˠəx
657,amhrán,Connacht,"ˈoːɾˠɑːnˠ, ˈoːɾˠɑːn̪ˠ",amˠhɾˠən̪
658,amhrán,Aran; also; Connacht,ˈɑːɾˠɑːnˠ,amˠhɾˠən̪
659,amháin,Connacht,əˈwɑːnʲ,amˠhən̪
661,amú,,əˈmˠuː,amˠə
662,an,,"ə.nˠ-, ə.n̠ʲ-, ə.n̪ˠ-, ə, ənˠ",an̪
663,an rud a fhaightear go bog caitear go bog é,,ən̪ˠ ɾˠʊd̪ˠ ə aɪtʲəɾˠ ɡə bˠɔɡ kɑtʲəɾˠ ɡə bˠɔɡ eː,an̪ ɾˠʊd̪ a fˠhaiɟhtʲəɾˠ gʊ bˠʊg kaitʲəɾˠ gʊ bˠʊg ɛ
664,an té,,ə(n̠ʲ)ˈtʲeː,an̪ tʲɛ
666,anagheairid,,ɑnɑˈjaɾʲədʲ,an̪əgçiɾʲidʲ
671,aneas,Connacht,əˈn̠ʲasˠ,an̪əsˠ
676,anocht,Connacht,əˈnˠɔxt̪ˠ,an̪əkht̪
678,anoir,Connacht,əˈn̪ˠɛɾʲ,an̪iɾʲ
680,anois,Connacht,əˈnʲiʃ,an̪iʃ
686,aoi,,iː,aə
687,aoibh,,ˈiːvʲ,aibʲ
688,aoibheall,,ˈiːvʲəl̪ˠ,aibʲçəl̪l̪
690,aoibhinn,Ulster; Connacht,ˈiːvʲən̠ʲ,aibʲçən̠ʲ
692,aoil,,iːlʲ,aəl̪
696,aoir,,ˈiːɾʲ,ɑːɾʲ
697,aoire,Ulster; Connacht,ˈiːɾʲə,aiɾʲi
698,aois,Ulster; Munster; Connacht,iːʃ,aiʃ
699,aon,,,aən̪
700,aon,Ulster; Connacht,iːn̪ˠ,aən̪
702,aon déag,,eːn̠ʲ dʲeːɡ,aən̪ dʲɑg
704,aonaid,,ˈeːnˠədʲ,aən̪idʲ
707,aonmhac,Ulster; Connacht,"ˈeːnˠˌwak, ˈeːn̪ˠˌwak",aən̪mˠhək
708,aonraic,,ˈeːn̪ˠɾˠɪc,aən̪ɾˠic
710,aos,Ulster; Connacht,iːsˠ,aəsˠ
716,ar a laghad,Munster; Connacht,ˌɛɾʲəˈl̪ˠəid̪ˠ,ɑːɾˠ a l̪aghəd̪
718,ar ais,,ɛɾʲˈaʃ,ɑːɾˠ aiʃ
721,ar aon chaoi,,ɛɾʲ eː ˈxiː,ɑːɾˠ aən̪ khaə
726,ar bís,,əɾˠˈbʲiːʃ,ɑːɾˠ bʲɪʃ
727,ar chor ar bith,,ə ˌxɔɾˠ əˈbʲɪ(h),ɑːɾˠ khʊɾˠ ɑːɾˠ bʲɪtʲ
732,ar dtúis,,ɛɾˠˈd̪ˠuːʃ,ɑːɾˠ d̪t̪ɪʃ
736,ar gcúl,,"eɾʲˈɡuːlˠ, eɾʲˈɡuːl̪ˠ, əɾʲˈɡuːlˠ",ɑːɾˠ gkʊl̪
737,ar leith,,ɛɾʲˈl̠ʲɛh,ɑːɾˠ l̪ɛtʲ
738,ar maidin,,ɛɾʲ ˈmˠadʲənʲ,ɑːɾˠ mˠaidʲən̪
739,ar nós,Connacht,əɾˠˈn̪ˠuːsˠ,ɑːɾˠ n̪ʊsˠ
741,ar scáth,Connacht,ɛɾʲˈsˠkɑː,ɑːɾˠ sˠkat
744,ar siúl,,ɛɾʲ ˈʃuːlˠ,ɑːɾˠ ʃɪəl̪
745,ar son,Connacht,ɛɾʲˈsˠʊnˠ,ɑːɾˠ sˠʊn̪
750,arc,,aɾˠk,ɑːrk
757,ardghlórach,Connacht,ˈɑːɾˠd̪ˠˌɣlˠoːɾˠəx,aɾˠd̪ghl̪əɾˠəx
766,arán,Connacht,"(ə)ˈɾˠɑːnˠ, (ə)ˈɾˠɑːn̪ˠ",aɾˠən̪
768,arís,,əˈɾʲiːʃ,aɾʲiʃ
769,aríst,Ulster; Connacht,əˈɾʲiːʃtʲ,aɾʲiʃt̪
792,atá,Munster; Connacht,əˈt̪ˠɑː,at̪ə
793,atáim,Munster; Connacht,əˈt̪ˠɑːmʲ,at̪imʲ
795,atáthar,Munster; Connacht,əˈt̪ˠɑːhəɾˠ,at̪ət̪həɾˠ
796,aíocht,,iəxt̪ˠ,aəkht̪
858,baoth,,,bˠaət
886,bean rialta,,ˌbʲanˠ ˈɾˠiəl̪ˠt̪ˠə,bʲɑn̪ ɾʲiəl̪t̪ə
894,bearna baoil,,ˌbʲɑːɾˠn̪ˠə ˈbˠiːlʲ,bʲæɾˠn̪ə bˠaəl̪
935,bh,,"vʲ, w",b
936,bhF,,"vʲ, w",bˠhfˠ
938,bhFionlainnis,,ˈvʲɪn̪ˠl̪ˠən̠ʲɪʃ,bˠhfʲɪn̪l̪ən̪n̪iʃ
942,bhain,,"wanʲ, wɪnʲ",bˠhain̪
944,bhainne,Ulster; Connacht,ˈwan̠ʲə,bˠhain̪n̪ə
946,bhairéad,Connacht,ˈwaɾʲeːd̪ˠ,bˠhaiɾʲəd̪
947,bhaist,Ulster; Connacht,waʃtʲ,bˠhaiʃt̪
948,bhalla,,,bˠhal̪l̪ə
950,bhanc,Ulster; Connacht,waŋk,bˠhank
952,bharúil,Connacht,ˈwaɾˠuːlʲ,bˠhaɾˠəl̪
955,bhatar,Ulster; Connacht,ˈwat̪ˠəɾˠ,bˠhat̪əɾˠ
958,bhearr,Munster; Connacht,vʲɑːɾˠ,bçæɾˠɾˠ
959,bheas,,vʲɛ(i)sˠ,bçɑsˠ
960,bheatha,,ˈvʲahə,bçɑt̪hə
961,bheidh,Ulster; Connacht,vʲɛj,bçɛdʲ
965,bheinn,,vʲɛn̠ʲ,bçɛən̠ʲ
966,bheir,,vʲɛɾʲ,bçɛɾʲ
970,bheirim,Munster; Connacht,ˈvʲɛɾʲəmʲ,bçɛɾʲimʲ
972,bheirir,,ˈvʲɛɾʲəɾʲ,bçɛɾʲiɾʲ
975,bheo,Munster; Connacht,vʲoː,bçoː
976,bhf,,"vʲ, w",bˠhfˠ
977,bhfaca,Connacht,ˈwɑkə,bˠhfˠakə
979,bhfadhb,Ulster; Connacht,wəibˠ,bˠhfˠad̪hbˠ
982,bhfarraige,Ulster; Connacht,ˈwaɾˠəɟə,bˠhfˠaɾˠɾˠiɟi
984,bhfeaca,,ˈvʲakə,bˠhfʲɑkə
986,bhfear,,vʲaɾˠ,bˠhfʲæɾˠ
987,bhfearthainn,Ulster; Kerry; Cork; Connacht,ˈvʲaɾˠhən̠ʲ,bˠhfʲæɾˠt̪həən̠ʲ
989,bhfeiceanna,,ˈvʲɛcən̪ˠə,bˠhfʲɛcən̪n̪ə
993,bhfeicinn,Ulster; Connacht,ˈvʲɛcɪn̠ʲ,bˠhfʲɛcən̠ʲ
992,bhfeicinn,,,bˠhfʲɛcən̠ʲ
995,bhfeighil,,vʲəilʲ,bˠhfʲɛɟçəl̪
997,bhfeirm,,ˈvʲɛɾʲəmʲ,bˠhfʲɛɾʲmˠ
998,bhfeis,,vʲɛʃ,bˠhfʲɛʃ
999,bhfeoil,Munster; Connacht,vʲoːlʲ,bˠhfʲoːəl̪
1001,bhfiacha,,ˈvʲiəxə,bˠhfʲiəkhə
1002,bhfiarthaí,,ˈvʲiəɾˠhiː,bˠhfʲiəɾˠt̪hə
1003,bhfiche,Ulster; Connacht,ˈvʲɪçə,bˠhfʲɪcçi
1004,bhfichidí,Connacht,ˈvʲɪçɪdʲiː,bˠhfʲɪcçidʲi
1005,bhfir,,vʲɪɾʲ,bˠhfʲɪɾʲ
1006,bhflaith,Ulster; Connacht,"wlˠa, wlˠah",bˠhfˠl̪aitʲ
1007,bhflatha,Ulster; Connacht,ˈwlˠahə,bˠhfˠl̪at̪hə
1009,bhfreastalaí,,ˈfʲɾʲasˠt̪ˠəlˠiː,bˠhfɾʲɑsˠt̪əl̪ə
1022,bhfáinní,Connacht,ˈwɑːn̠ʲiː,bˠhfˠain̪n̪ə
1023,bhféar,Ulster; Connacht,vʲeːɾˠ,bˠhfʲæɾˠ
1024,bhfíodóirí,Connacht,ˈvʲiːd̪ˠoːɾʲiː,bˠhfʲɪd̪iɾʲi
1025,bhfís,,vʲiːʃ,bˠhfʲɪʃ
1027,bhialann,,ˈvʲiəl̪ˠən̪ˠ,bçiəl̪ən̪ˠ
1028,bhialann,Ulster; also; Connacht,ˈvʲiəlˠən̪ˠ,bçiəl̪ən̪ˠ
1030,bhinde,,ˈvʲɪn̠ʲdʲə,bçɪndʲi
1032,bhlas,Ulster; Connacht,vˠlˠasˠ,bˠhl̪asˠ
1033,bhliain,,vʲlʲiənʲ,bˠhl̪iəən̪
1038,bhog,Connacht,wɔɡ,bˠhʊg
1040,bhoid,Ulster; Connacht,wɪdʲ,bˠhɛdʲ
1041,bholg,Ulster; Connacht,"ˈwɔlˠəɡ, ˈwɔl̪ˠəɡ",bˠhʊl̪əg
1042,bhranda,,ˈvˠɾˠan̪ˠd̪ˠə,bˠhɾˠan̪d̪ə
1047,bhriste,,ˈvʲɾʲɪʃtʲə,bˠhɾʲɪʃtʲi
1048,bhrád,Connacht,wɾˠɑːd̪ˠ,bˠhɾˠad̪
1049,bhrí,,vʲɾʲiː,bˠhɾʲɪ
1050,bhróga,Connacht,"ˈwɾˠoːɡiː, ˈwɾˠoːɡə",bˠhɾˠʊgʊ̽
1051,bhróin,,"vˠɾˠoːnʲ, wɾˠoːnʲ",bˠhɾˠɔn̪
1053,bhuailte,Ulster; Connacht,ˈwuəl̠ʲtʲə,bˠhuaəltʲi
1054,bhuel,Ulster; Munster; Connacht,wɛlʲ,bˠhʊʊ̽l̪
1055,bhun,Connacht,wʊnˠ,bˠhʊn̪
1060,bhád,Connacht,wɑːd̪ˠ,bˠhad̪
1063,bhán,Ulster; Connacht,"waːnˠ, wɑːnˠ",bˠhan̪
1066,bhí,,vʲiː,bçɪ
1067,bhídís,,ˈvʲiːdʲiːʃ,bçɪdʲiʃ
1069,bhínn,,vʲiːn̠ʲ,bçən̠ʲ
1070,bhíobhair,,ˈvʲiːwəɾʲ,bçɪbˠhiɾʲ
1073,bhíonn,,vʲiːn̪ˠ,bçɪn̪n̪
1074,bhíonns,,vʲiːn̪ˠsˠ,bçɪn̪n̪sˠ
1077,bhís,,ˈvʲiːʃ,bçɪʃ
1080,bhó,Connacht,woː,bˠhʊ
1416,caidhp bháis,Connacht,ˌkaipʲ ˈwɑːʃ,kaidʲhpˠ bˠhaiʃ
1540,cart,,kɑɾˠt̪ˠ,cɑːɾˠt̪
1606,ceathair déag,,"dje ˈcahəɾʲ, ˈcahəɾʲ jeːɡ",cɑt̪hiɾʲ dʲɑg
1618,ceird,Aran; Connacht,kaiɾʲdʲ,cəiɾʲd̪
1627,ceithre,Connacht,ˈçɛɾʲə,cɛtʲhɾʲi
1642,chac,,"xak, xɑk",khak
1643,chaill,Connacht,"xal̠ʲ, xɑːl̠ʲ",khail̪l̪
1644,chailleas,,ˈxalʲəsˠ,khail̪l̪əsˠ
1648,chaith,Connacht,xa,khaitʲ
1651,channa,,"ˈxan̪ˠə, ˈxɑn̪ˠə",khan̪n̪ə
1652,chantar,,ˈxan̪ˠt̪ˠəɾˠ,khan̪t̪əɾˠ
1654,chaogad,Ulster; Connacht,ˈxiːɡəd̪ˠ,khaəgəd̪
1655,chaoi,,xiː,khaə
1656,chaoil,,xiːlʲ,khaəl̪
1657,chaoimhe,Ulster; Connacht,ˈxiːvʲə,khaimʲçi
1659,chapaill,,ˈxapˠəl̪ʲ,khapˠəl̪l̪
1660,chapall,,ˈxapˠəl̪ˠ,khapˠəl̪l̪
1661,char,,xaɾˠ,khaɾˠ
1663,charachtair,,ˈxaɾˠəxt̪ˠəɾʲ,khaɾˠəkht̪iɾʲ
1665,charad,,ˈxaɾˠəd̪ˠ,khaɾˠəd̪
1666,charaid,,"ˈxaɾˠədʲ, ˈxɑɾˠədʲ",khaɾˠidʲ
1669,chas,,xɑsˠ,khasˠ
1670,chat,,xat̪ˠ,khat̪
1671,chatach,Connacht,ˈxat̪ˠəx,khat̪əx
1672,chath,,xah,khat
1673,chead,,çad̪ˠ,kçɑd̪
1674,cheada,,ˈçad̪ˠə,kçɑd̪ə
1675,cheal,,çalˠ,kçɑl̪
1677,chealg,Ulster; Munster; Connacht,ˈçal̪ˠəɡ,kçɑl̪əg
1680,cheantar,,ˈçan̪ˠt̪ˠəɾˠ,kçɑn̪t̪əɾˠ
1681,cheap,,çapˠ,kçɑpˠ
1682,cheaptaí,,ˈçapˠt̪ˠiː,kçɑpˠt̪ə
1683,chearc,,çaɾˠk,kçærk
1684,chearnóg,Connacht,ˈçɑːɾˠn̪ˠoːɡ,kçæɾˠn̪əg
1685,cheart,,çaɾˠt̪ˠ,kçæɾˠt̪
1686,cheas,,çasˠ,kçɑsˠ
1688,cheintiméadar,Connacht,ˈçɛn̠ʲtʲəmʲeːd̪ˠəɾˠ,kçɛntʲimʲidʲəɾˠ
1690,cheird,Cois-Fharraige; Connacht,çaiɾˠdʲ,kçɛɾʲd̪
1700,chiardhuibh,,ˈçiəɾˠɣɪvʲ,kçiəɾˠd̪hibʲ
1701,chic,,çɪc,kçɪc
1702,chileagram,,ˈçɪlʲəɡɾˠamˠ,kçɪl̪əgɾˠəmˠ
1706,chion,Connacht,çɪnˠ,kçɪn̪
1707,chip,,çɪpʲ,kçɪpʲ
1709,chirt,,çɪɾˠtʲ,kçɪɾʲt̪
1710,chis,,çɪʃ,kçɪʃ
1711,chiseanna,,ˈçɪʃən̪ˠə,kçɪʃən̪n̪ə
1712,chistin,,ˈçɪʃtʲənʲ,kçɪʃtʲən̪
1715,chloch,Munster; Connacht,xlˠɔx,khl̪ʊk
1716,chloisteáil,,ˈxlˠɔʃtʲɑːlʲ,khl̪ɛʃtʲəl̪
1717,chluais,,"xlˠuəʃ, xl̪ˠuəʃ",khl̪uaiʃ
1719,chlé,,çlʲeː,khl̪ɛ
1722,chneasta,Ulster; Connacht,ˈçɾʲasˠt̪ˠə,khn̪asˠt̪ə
1723,chnáimh,Ulster; Connacht,xɾˠɑːvʲ,khn̪aimʲ
1725,chodail,Munster; Connacht,ˈxod̪ˠəlʲ,khʊd̪ʊ̽l̪
1727,choil,,xɛlʲ,khɔl̪
1729,choir,,xɛɾʲ,khɛɾʲ
1730,choire,,ˈxɛɾʲə,khɛɾʲi
1734,chomhair,Munster; Connacht,xoːɾʲ,khʊmˠhiɾʲ
1737,chonaic,Cois-Fharraige; Connacht,ˈxaːnʲic ~ ˈhaːnʲic ~ ˈxinʲic ~ ˈxaːɲc,khʊn̪ic
1736,chonaic,Aran; Connacht,ˈxɞn̪ˠic,khʊn̪ic
1740,chorp,,xɔɾˠpˠ,khʊɾˠpˠ
1741,chos,Munster; Connacht,xɔsˠ,khʊsˠ
1742,chosa,,ˈxɔsˠə,khʊsˠʊ̽
1743,choscair,Munster; Connacht,ˈxɔsˠkəɾʲ,khʊsˠkiɾʲ
1744,chrap,,xɾˠapˠ,khɾˠapˠ
1746,chreid,Munster; Connacht,çɾʲɛdʲ,khɾʲɛdʲ
1748,chroí,,xɾˠiː,khɾˠɔ
1751,chruit,,xɾˠɪtʲ,khɾˠɪtʲ
1754,chráis,,xɾˠɑːʃ,khɾˠaiʃ
1756,chuairt,,"xuəɾˠtʲ, xuːɾˠtʲ",khuaiɾʲt̪
1757,chuala,Munster; Connacht,"ˈxuəlˠə, ˈxuəl̪ˠə",khual̪ə
1760,chualais,,ˈxuəlˠəʃ,khual̪iʃ
1761,chualamar,,ˈxuəlˠəmˠəɾˠ,khual̪əmˠəɾˠ
1765,chuathas,,ˈxuəhəsˠ,khuat̪həsˠ
1767,chughamsa,,ˈxuːmˠsˠə,khʊghʊ̽mˠsˠʊ̽
1768,chuid,,xɪdʲ,khɪdʲ
1772,chuimhnigh,Mayo; Connacht,ˈxĩvʲɾʲiː ~ ˈximʲɾʲiː ~ ˈxĩvʲnʲiː,khɪmʲhn̪iɟ
1775,chuir i dtaisce,,ˌxɪɾʲ əˈd̪ˠaʃcɪ,khɪɾʲ ɪ d̪t̪aiʃci
1780,chulaith,Mayo; Connacht,ˈxolˠiː,khʊl̪itʲ
1779,chulaith,Galway; Connacht,ˈxolˠə ~ ˈxɞlˠə,khʊl̪itʲ
1781,chum,,"xuːmˠ, xʊmˠ, xʊnˠ",khʊmˠ
1783,chun,,xʊnˠ,khʊn̪
1784,chur,,xʊɾˠ,khʊɾˠ
1788,cháin,Munster; Connacht,xɑːnʲ,khain̪
1791,chéad,,çeːd̪ˠ,kçɑd̪
1792,chéanna,Ulster; noun; Connacht,ˈçeːn̪ˠə,kçɑn̪n̪ə
1794,chéibh,,ˈçeːvʲ,kçɛbʲ
1796,chéile,,ˈçeːlʲə,kçɛl̪ə
1797,chéim,,çeːmʲ,kçɛmʲ
1799,chíd,,ˈçiːdʲ,kçɪdʲ
1800,chím,,çiːmʲ,kçɪmʲ
1801,chímid,,ˈçiːmʲɪdʲ,kçɪmʲədʲ
1802,chíonn,,çiːn̪ˠ,kçɪn̪n̪
1803,chír,,ˈçiːɾʲ,kçɪɾʲ
1804,chíre,,ˈçiːɾʲə,kçɪɾʲi
1805,chítear,,ˈçiːtʲəɾˠ,kçɪtʲəɾˠ
1806,chóir,Munster; Connacht,xoːɾʲ,khɛɾʲ
1807,chóisir,Munster; Connacht,ˈxoːʃəɾʲ,khɛʃiɾʲ
1808,chór,,xoːɾˠ,khʊɾˠ
1810,chósta,Munster; Connacht,ˈxoːsˠt̪ˠə,khʊsˠt̪ʊ̽
1811,chóta,Munster; Connacht,ˈxoːt̪ˠə,khʊt̪ʊ̽
1814,chúig,,xuːɟ,khɪɟ
1815,chúil,,xuːlʲ,khɪl̪
1816,chúis,,xuːʃ,khɪʃ
1817,chúl,,"xuːlˠ, xuːl̪ˠ",khʊl̪
1818,chúng,,"ˈxuːŋ, ˈxuːŋɡ",khʊng
1819,chúns,,xuːn̪ˠsˠ,khʊn̪sˠ
1820,chúrsa,,ˈxuːɾˠsˠə,khʊɾˠsˠʊ̽
1895,cleacht,,clʲaxt̪ˠ,kl̪akht̪
1898,cleasaí,Connacht,ˈclʲasˠiː,kl̪asˠə
1900,cleith,,clʲɛ(h),kl̪ɛtʲ
1902,cliabhán,Connacht,"ˈclʲiəwɑːnˠ, ˈclʲiəwɑːn̪ˠ",kl̪iəbˠhən̪
1904,clibirt,,ˈclʲɪbʲəɾˠtʲ,kl̪ɪbʲiɾʲt̪
1905,clibín,Ulster; Connacht,ˈclʲɪbʲiːnʲ,kl̪ɪbʲən̪
1906,clismirt,,"ˈclʲiʃmʲəɾˠtʲ, ˈclʲɨsˠmˠəɾˠtʲ, ˈɟlʲɨsˠmˠəɾˠtʲ",kl̪ɪʃmʲiɾʲt̪
1942,cléibh,,"clʲeːvʲ, clʲɛi̯vʲ",kl̪ɛbʲ
1955,cneas,Ulster; Connacht,cɾʲasˠ,kɾʲ'asˠ
1956,cneasta,Ulster; Connacht,ˈcɾʲasˠt̪ˠə,kɾʲ'asˠt̪ə
1984,cogús,,,kʊgʊ̽sˠ
2089,creid,Munster; Connacht,cɾʲɛdʲ,kɾʲɛdʲ
2090,creidfead,,ˈcɾʲɛtʲəd̪ˠ,kɾʲɛdʲfʲəd̪
2092,creidmheach,Connacht,ˈcɾʲedʲvʲəx,kɾʲɛdʲmçəx
2093,creidmheas,,ˈcɾʲɛdʲˌvʲasˠ,kɾʲɛdʲmçəsˠ
2094,creig,,cɾʲɛɟ,kɾʲɛɟ
2095,criadh,,cɾʲiə,kɾʲiə
2097,crith,,"cɾʲi(h), cɾʲiç",kɾʲɪtʲ
2100,critic,,ˈcɾʲɪtʲɪc,kɾʲɪtʲic
2150,cré,,cɾʲeː,kɾʲɛ
2152,créatúir,Connacht,"ˈcɾʲeːt̪ˠuɾʲ, ˈcɾʲeːt̪ˠuːɾʲ",kɾʲɑt̪iɾʲ
2153,créatúr,Connacht,ˈcɾʲeːt̪ˠuːɾˠ,kɾʲɑt̪əɾˠ
2160,críon,,cɾʲiːnˠ,kɾʲɪn̪
2198,cuir i gcás,,ˌkɪɾʲ ə ˈɡɑːsˠ,kəiɾʲ ɪ gkasˠ
2224,cumhachtaigh,,,kʊmˠhʊ̽kht̪iː
2258,cál ceannann,Munster; Connacht,ˌkɑːlˠ ˈcan̪ˠən̪ˠ,kal̪ cɑn̪n̪ən̪ˠ
2265,cárt,Munster; Connacht,kɑːɾˠt̪ˠ,cɑːɾˠt̪
2266,cárta,,"ˈkaːɾˠd̪ˠə, ˈkɑːɾˠd̪ˠə, ˈkɑːɾˠt̪ˠə",caɾˠt̪ə
2340,cú faoil,,ˌkuː ˈfˠiːlʲ,kʊ fˠaəl̪
2531,dh,,"j, ɟ, ɣ",d
2534,dhaoine,,ˈɣiːnʲə,d̪haən̪ə
2536,dharna,,ˈɣɑːɾˠn̪ˠə,d̪haɾˠn̪ə
2540,dhearg,,ˈjaɾˠəɡ,dçæɾˠəg
2541,dhearna,,ˈjɑːɾˠn̪ˠə,dçæɾˠn̪ə
2542,dhearnadar,,ˈjaːɾˠn̪ˠəd̪ˠəɾˠ,dçæɾˠn̪idʲəɾˠ
2544,dhearnas,,ˈjaːɾˠn̪ˠəsˠ,dçæɾˠn̪əsˠ
2545,dheas,,jasˠ,dçɑsˠ
2546,dheineann,,ˈjɪnʲən̪ˠ,dçɛn̪ən̪ˠ
2547,dheinim,,"ˈjɛnʲɪmʲ, ˈjɪnʲɪmʲ",dçɛn̪imʲ
2549,dheora,Munster; Connacht,ˈjoːɾˠə,dçoːɾˠə
2550,dhesean,,ˈjɛʃənˠ,dçɛʃən̪
2556,dhiúca,,ˈjuːkə,dçɪəkə
2557,dhiúic,,juːc,dçɪic
2558,dhiúil,,juːlʲ,dçɪəl̪
2559,dhochtúir,Connacht,ˈɣɔxt̪ˠuːɾʲ,d̪hʊkht̪iɾʲ
2561,dhol,,ɣɔlˠ,d̪hʊl̪
2565,dhorn,Connacht,ɣoːɾˠn̪ˠ,d̪hʊɾˠn̪
2566,dhreas,,jɾʲasˠ,d̪hɾʲɑsˠ
2567,dhruid,,ɣɾˠɪdʲ,d̪hɾˠɪdʲ
2568,dhuibh,,"ɣɨ̞vʲ, ɣɪvʲ",d̪hɪbʲ
2569,dhuine,,ˈɣɪnʲə,d̪hɪn̪ə
2570,dhuit,Connacht,ɣɪtʲ,d̪hɪtʲ
2572,dhul,,ɣʊlˠ,d̪hʊl̪
2573,dhá,Munster; Connacht,"(ɣ)ɑː, ɣɑː",d̪ha
2574,dháiríre,Munster; Connacht,ɣɑːˈɾʲiːɾʲə,d̪haiɾʲiɾʲi
2576,dhéag,,jeːɡ,dçɑg
2578,dhíbh,,jiːvʲ,dçɪbʲ
2579,dhíbhse,,ˈjiːvʲʃə,dçɪbʲhʃi
2581,dhínne,,ˈjiːn̠ʲə,dçɪn̪n̪ə
2582,dhíobháil,Connacht,ˈjiːwɑːlʲ,dçɪbˠhəl̪
2584,dhíolann,,ˈjiːlˠən̪ˠ,dçɪl̪ən̪ˠ
2586,dhó,Munster; Connacht,ɣoː,d̪hʊ
2587,dhónna,Munster; Connacht,ɣoːn̪ˠə,d̪hʊn̪n̪ʊ̽
2588,dhósan,,ˈɣoːsˠənˠ,d̪hʊsˠʊ̽n̪
2589,dhúil,,ɣuːlʲ,d̪hɪl̪
2591,dhún,,ɣuːnˠ,d̪hʊn̪
2676,dorú,,,d̪ʊɾˠʊ̽
2926,each,,ax,əx
2933,ealaín,Connacht,ˈɑːlˠiːnʲ,al̪ən̪
2938,earc,,aɾˠk,ɑːrk
2946,easpag,Connacht,"ˈæsˠpˠoːɡ, ˈaːsˠpˠək",asˠpˠəg
2947,easpag,Aran; Connacht,ˈæsˠpˠəɡ,asˠpˠəg
2954,eicínt,,"əˈciːn̠ʲtʲ, əˈciːn̠ʲtʲʃ",ɛcən̪t̪
2966,eiteog,Connacht,ˈɛtʲoːɡ,ɪtʲoːg
2975,eochair,,ˈɔxəɾʲ,oːkhiɾʲ
3050,feadh,,,fʲə
3059,feann,,,fʲən̪ˠ
3111,fhaide,,ˈadʲə,fˠhaidʲi
3112,fhaire,,ˈaɾʲə,fˠhaiɾʲi
3114,fheabhas,Munster; Connacht,əusˠ,fçɑbˠhəsˠ
3116,fheadha,Munster; Connacht,ɑː,fçɑd̪hə
3117,fheamainn,,ˈamˠən̠ʲ,fçɑmˠəən̠ʲ
3119,fhear mhire,,aɾˠ ˈvʲiɾʲə,fçæɾˠ mçɪɾʲi
3120,fhearr,,aːɾˠ,fçæɾˠɾˠ
3123,fheicinn,Ulster; Connacht,ˈɛcɪn̠ʲ,fçɛcən̠ʲ
3124,fheictear,,ˈɛctʲəɾˠ,fçɛctʲəɾˠ
3126,fheis,,ɛʃ,fçɛʃ
3127,fheoil,Munster; Connacht,oːlʲ,fçoːəl̪
3130,fhiacha,,ˈiəxə,fçiəkhə
3131,fhianaise,Connacht,"ˈiːnˠɪʃə, ˈiːn̪ˠɪʃə",fçiən̪iʃi
3132,fhiartha,,ˈiəɾˠhə,fçiəɾˠt̪hə
3135,fhios,Connacht,ɪsˠ,fçɪsˠ
3136,fhir,,ɪɾʲ,fçɪɾʲ
3137,fhiáin,Connacht,ˈiːɑːnʲ,fçiəən̪
3141,fhocal,Munster; Connacht,ˈɔkəl̪ˠ,fˠhʊkʊ̽l̪
3143,fhreagair,,ˈɾʲaɡəɾʲ,fˠhɾʲɑgiɾʲ
3148,fhuaire,,ˈuəɾʲə,fˠhuaiɾʲi
3149,fhuar,,uəɾˠ,fˠhuaɾˠ
3153,fhuip,,ɪpʲ,fˠhɪpʲ
3154,fhuáil,,ˈuːaːlʲ,fˠhuaəl̪
3156,fhágadar,Munster; Connacht,ˈɑːɡəd̪ˠəɾˠ,fˠhagidʲəɾˠ
3160,fhásas,Munster; Connacht,ˈɑːsˠəsˠ,fˠhasˠəsˠ
3161,fhéadaim,Munster; Connacht,ˈeːd̪ˠəmʲ,fçɑd̪imʲ
3164,fhéidir,,ˈeːdʲəɾʲ,fçɛdʲiɾʲ
3165,fhéin,,heːnʲ,fçɛn̪
3169,fhómhair,Connacht,ˈoːvˠəɾʲ,fˠhʊmˠhiɾʲ
3379,fíon geal,,ˌfʲiːnˠ ˈɟalˠ,fʲɪn̪ ɟɑl̪
3404,gC,,"ɟ, ɡ",gk
3407,gabha,Galway; Connacht,ɡau,gabˠhə
3408,gabha,Mayo; Connacht,ˈɡəuə,gabˠhə
3410,gabhaidís,,ˈɡauədʲiːʃ,gabˠhidʲiʃ
3411,gabhair,,,gabˠhiɾʲ
3412,gabhal,Connacht,"ˈɡɑuəlˠ, ˈɡɑuəl̪ˠ",gabˠhəl̪
3415,gabháil,Connacht,ˈɡɔwɑːlʲ,gabˠhəl̪
3417,gabhála,Connacht,ˈɡawɑːlˠə,gabˠhəl̪ə
3418,gabháltas,Connacht,ˈɡoːl̪ˠt̪ˠəsˠ,gabˠhəl̪t̪əsˠ
3420,gach aon duine,,"ɡax eːn̪ˠˈd̪ˠɪnʲə, ɡaˈheːn̠ʲə, ɡaˈxeːn̠ʲə",gəx aən̪ d̪ɪn̪ə
3421,gach uile,Cois-Fharraige; Aran; Mayo; Connacht,ˈxilʲə,gəx ɪl̪ə
3425,gada,,ˈɡad̪ˠə,gad̪ə
3427,gae,,ɡeː,geː
3428,gafa,,ˈɡafˠə,gafˠə
3432,gainimh,,ˈɡɑnʲəvʲ,gain̪imʲ
3433,gainne,,ˈɡɪn̠ʲə,gain̪n̪ə
3435,gair,Connacht,ɡɛɾʲ,gɑːɾʲ
3436,gairdín,Connacht,ˈɡɑːɾˠdʲiːnʲ,gaiɾʲdʲən̪
3439,gairid,Connacht,ˈɡaɾʲədʲ,gaiɾʲidʲ
3440,gairleog,Connacht,ˈɡaɾʲlʲoːɡ,gɪɾʲl̪oːg
3446,gairmiúlacht,,ɡaɾʲˈmʲuːl̪ˠəxt̪ˠ,gaiɾʲmʲiəl̪əkht̪
3447,gairmiúlaigh,,ɡaɾʲmʲuːl̪ˠiː,gaiɾʲmʲiilʲiː
3449,gaisce,,ˈɡaʃcɪ,gaiʃci
3450,gaiscígh,Connacht,ˈɡaʃciː,gaiʃciɟ
3451,gaiscíocha,Connacht,ˈɡaʃciːxə,gaiʃcəkhə
3454,galach,Connacht,ˈɡalˠəx,gal̪əx
3456,gallán,,,gal̪l̪ən̪
3457,gallán,Connacht,"ˈɡal̪ˠɑːnˠ, ˈɡal̪ˠɑːn̪ˠ",gal̪l̪ən̪
3459,galán,Connacht,"ˈɡalˠɑːnˠ, ˈɡal̪ˠɑːn̪ˠ",gal̪ən̪
3458,galán,,,gal̪ən̪
3461,galúin,Connacht,ˈɡalˠuːnʲ,gal̪ən̪
3462,galún,Connacht,ˈɡalˠuːnˠ,gal̪ən̪
3464,gamhain,,ˈɡãuənʲ,gamˠhən̪
3465,gan,,"ɡənˠ, ɡən̪ˠ",gan̪
3466,gaobhar,Ulster; Connacht,ˈɡiːwəɾˠ,gaəbˠhəɾˠ
3467,gaofar,Ulster; Connacht,"ˈɡiːfˠəɾˠ, ˈɡɯːfˠəɾˠ",gaəfˠəɾˠ
3470,gaosán,Connacht,ˈɡiːsˠɑːnˠ,gaəsˠən̪
3471,gaoth,Ulster; Connacht,"ɡiː, ɡɯː",gaət
3473,gar,,ɡaɾˠ,gɑːɾˠ
3475,garda,Munster; Connacht,ˈɡɑːɾˠd̪ˠə,gaɾˠd̪ə
3478,garga,,ˈɡaɾˠəɡə,gaɾˠgə
3479,gariníon,,ˈɡaɾʲˌɪnʲiːnˠ,gaɾʲən̪ən̪
3484,garsún,Connacht,ˈɡaɾˠsˠuːnˠ,gaɾˠsˠən̪
3485,gasra,Ulster; Connacht,ˈɡasˠɾˠə,gasˠɾˠə
3488,gasúir,Connacht,ˈɡasˠuːɾʲ,gasˠiɾʲ
3489,gasúr,Connacht,ˈɡasˠuːɾˠ,gasˠəɾˠ
3490,gc,,"ɟ, ɡ",gk
3492,gcailín,Connacht,ˈɡalʲiːnʲ,gkail̪ən̪
3494,gcaitheann,,ˈɡahən̪ˠ,gkaitʲçən̪ˠ
3495,gcanna,,"ˈɡan̪ˠə, ˈɡɑn̪ˠə",gkan̪n̪ə
3497,gcaogad,Ulster; Connacht,ˈɡiːɡəd̪ˠ,gkaəgəd̪
3499,gcaoi,,ɡiː,gkaə
3500,gcaoimhe,Ulster; Connacht,ˈɡiːvʲə,gkaimʲçi
3502,gcara,,ˈɡɑɾˠə,gkaɾˠə
3503,gcarachtar,,ˈɡaɾˠəxt̪ˠəɾˠ,gkaɾˠəkht̪əɾˠ
3505,gcatach,Connacht,ˈɡat̪ˠəx,gkat̪əx
3507,gcead,,ɟad̪ˠ,gcɑd̪
3509,gceantar,,ˈɟan̪ˠt̪ˠəɾˠ,gcɑn̪t̪əɾˠ
3510,gcearnóg,Connacht,ˈɟɑːɾˠn̪ˠoːɡ,gcæɾˠn̪əg
3511,gceart,,ɟaɾˠt̪ˠ,gcæɾˠt̪
3514,gceist,,ɟɛʃtʲ,gcɛʃt̪
3515,gceárta,Connacht,ˈɟɑːɾˠt̪ˠə,gcæɾˠt̪ə
3519,gcine,,ˈɟɪnʲə,gcɪn̪ə
3521,gciseanna,,ˈɟɪʃən̪ˠə,gcɪʃən̪n̪ə
3523,gclóis,,"ɡlˠoːʃ, ɡl̪ˠoːʃ",gkl̪ɛʃ
3527,gcoillte,Connacht,"ˈɡəil̠ʲtʲə, ˈɡɞl̠ʲtʲə",gkɛl̪ltʲi
3530,gcolanna,,ˈɡɔlˠən̪ˠə,gkʊl̪ʊ̽n̪n̪ʊ̽
3531,gcomhluadar,Munster; Connacht,ˈɡoːlˠuəd̪ˠəɾˠ,gkʊmˠhl̪idʲʊ̽ɾˠ
3532,gcorp,,ɡɔɾˠpˠ,gkʊɾˠpˠ
3537,gcuan,,ɡuənˠ,gkuan̪
3538,gcuid,,ɡɪdʲ,gkɪdʲ
3541,gcás,Munster; Connacht,ɡɑːsˠ,gkasˠ
3543,gcéadta,,ˈɟeːt̪ˠə,gcɑd̪t̪ə
3544,gcéibh,,ˈɟeːvʲ,gcɛbʲ
3545,gcónaí,Connacht,ˈɡuːn̪ˠiː,gkʊn̪ʊ̽
3548,gcúinne,,ˈɡuːn̠ʲə,gkɪn̪n̪ə
3596,gha,,ɣa(h),gha
3597,ghabhar,Munster; Connacht,ɣəuɾˠ,ghabˠhəɾˠ
3598,ghabhas,,ˈɣauəsˠ,ghabˠhəsˠ
3602,ghairdín,Connacht,ˈɣɑːɾˠdʲiːnʲ,ghaiɾʲdʲən̪
3605,ghaiscígh,Connacht,ˈɣaʃciː,ghaiʃciɟ
3606,ghaiscíoch,Connacht,ˈɣaʃciːx,ghaiʃcək
3608,ghaoth,Ulster; Connacht,ɣiː,ghaət
3616,ghine,,ˈjɪnʲə,gçɪn̪ə
3619,ghiorria,Munster; Connacht,ˈjɪɾˠiə,gçɪrɾʲi
3620,ghlac,Ulster; Connacht,"ɣlˠak, ɣl̪ˠak",ghl̪ak
3621,ghlacann,,ˈɣlˠakən̪ˠ,ghl̪akən̪ˠ
3622,ghlactaí,Ulster; Connacht,"ˈɣlˠakt̪ˠiː, ˈɣl̪ˠakt̪ˠiː",ghl̪akt̪ə
3623,ghlais,,ɣlˠaʃ,ghl̪aiʃ
3630,ghliocais,,ˈjlʊkəʃ,ghl̪ɪkiʃ
3633,ghnách,Connacht,"ɡɾˠɑːx, ɣnˠɑːx",ghn̪əx
3634,ghnáth,,,ghn̪at
3635,ghnáth,Connacht,"ɣnˠɑː, ɣɾˠɑː",ghn̪at
3636,ghním,Connacht,n̠ʲiːmʲ,ghn̪ɪmʲ
3637,ghníomh,Connacht,"jɾʲiːvˠ, ʝɾʲiːə̯vˠ",ghn̪ɪm
3638,ghníomhaíocht,Connacht,ˈɣɾˠiːwiəxt̪ˠ,ghn̪ɪmˠhəəkht̪
3642,ghoib,,ɣɪbʲ,ghɛbʲ
3644,ghoile,,ˈɣɛlʲə,ghɔl̪ə
3646,ghoirid,,ˈɣʌɾʲədʲ,ghɛɾʲidʲ
3647,ghor,Munster; Connacht,ɣɔɾˠ,ghʊɾˠ
3650,ghrian,Ulster; Munster; Connacht,"jɾʲiən̪ˠ, ʝɾʲiən̪ˠ",ghɾʲiən̪
3649,ghrian,Ulster; Connacht,"jɾʲiənˠ, ʝɾʲiənˠ",ghɾʲiən̪
3654,ghrása,Munster; Connacht,ˈɣɾˠɑːsˠə,ghɾˠasˠə
3657,ghuigh,,ɣiː,ghɪɟ
3659,ghuí,,ɣiː,ghɪ
3660,gháire,Munster; Connacht,ˈɣɑːɾʲə,ghaiɾʲi
3662,ghéig,,jeːɟ,gçɛɟ
3689,glacfaidh,,ˈɡlˠakə,gl̪akfˠiː
3690,glaine,,"ˈɡlˠanʲə, ˈɡl̪ˠanʲə",gl̪ain̪ə
3692,glaise,,ˈɡlˠaʃə,gl̪aiʃi
3695,glaodh,Ulster; Connacht,ɡlˠiː,gl̪aəd
3698,gleanna,Connacht,ˈɟlʲaːn̪ˠə,gl̪an̪n̪ə
3699,gleannta,Connacht,ˈɟlʲaːn̪ˠt̪ˠə,gl̪an̪n̪t̪ə
3703,glic,,ɟlʲɪc,gl̪ɪc
3704,glice,,ˈɟlʲɪcɪ,gl̪ɪci
3706,glinn,,ˈɟlʲin̠ʲ,gl̪ən̠ʲ
3707,glinne,,ˈɟlʲin̠ʲə,gl̪ɪn̪n̪ə
3709,gliocais,,ˈɟlʊkəʃ,gl̪ɪkiʃ
3714,gliú beach,,ˌɟlʲuː ˈbʲax,gl̪ɪə bʲəx
3715,gloine,,"ˈɡlˠɪnʲə, ˈɡl̪ˠɪnʲə",gl̪ɔn̪ə
3717,gluais,,"ɡlˠuəʃ, ɡl̪ˠuəʃ",gl̪uaiʃ
3721,gluaisteán,,ˈɡl̪ˠʊəʃtʲɑːn̪ˠ,gl̪uaiʃtʲən̪
3728,gléasta,,ˈɟlʲeːsˠt̪ˠə,gl̪asˠt̪ə
3729,glóir,Munster; Connacht,ɡlˠoːɾʲ,gl̪ɛɾʲ
3731,glór,Connacht,ɡlˠoːɾˠ,gl̪ʊɾˠ
3732,glór,Munster; Connacht,ɡl̪ˠoːɾˠ,gl̪ʊɾˠ
3734,glúin óg,Munster; Connacht,ə ˌɣlˠuːnʲ ˈoːɡ,gl̪ɪn̪ ʊg
3735,glún,Ulster; Connacht,ɡlˠuːnˠ,gl̪ʊn̪
3736,glún,Ulster; Munster; Connacht,ɡl̪ˠuːn̪ˠ,gl̪ʊn̪
3743,gníomh,Ulster; Connacht,ɟɾʲĩːw,gɾʲ'ɪm
3742,gníomh,Connacht,ɟɾʲiːvˠ,gɾʲ'ɪm
3744,gníomhaí,,ˈɡnʲiːwiː,gɾʲ'ɪmçi
3745,gníomhaíocht,Connacht,ˈɡɾˠiːwiəxt̪ˠ,gɾʲ'ɪmçiəkht̪
3747,go,,"ɡɔ, ɡə",gʊ
3749,go deo,Munster; Connacht,ɡə ˈdʲoː,gʊ dʲoː
3754,go háirid,,ɡəˈhɑːɾʲədʲ,gʊ haiɾʲidʲ
3755,go héag,Ulster; Connacht,ɡəˈheːɡ,gʊ çɑg
3756,go leor,Ulster; Munster; Connacht,ɡəˈl̠ʲoːɾˠ,gʊ l̪oːɾˠ
3761,gobtha,,ˈɡɔpˠə,gʊbˠt̪hʊ̽
3762,god é,,ɡəˈd̪ˠeː,gʊd̪ ɛ
3766,goidim,Connacht,ˈɡɞdʲəmʲ,gɛdʲimʲ
3767,goidte,Connacht,ˈɡɞtʲə,gɛdʲtʲi
3769,goil,,"ɡɔlʲ, ɡɛlʲ",gɔl̪
3774,goilí,,ˈɡɛlʲiː,gɔl̪ə
3777,goirim,Connacht,ˈɡɛɾʲəmʲ,gɛɾʲimʲ
3778,goirme,,ˈɡɪɾʲəmʲə,gɛɾʲmʲi
3781,gol,Connacht,ɡɔlˠ,gʊl̪
3782,gol,Munster; Connacht,ɡɔl̪ˠ,gʊl̪
3783,gola,,"ˈɡɔlˠə, ˈɡɔl̪ˠə",gʊl̪ʊ̽
3785,gorach,Connacht,ˈɡɔɾˠəx,gʊɾˠəx
3788,gorm,Connacht,ˈɡɞɾˠəmˠ,gʊɾˠəmˠ
3790,gorta,,ˈɡɔɾˠt̪ˠə,gʊɾˠt̪ʊ̽
3793,gos,,"ɡɔsˠ, ɡəsˠ",gʊsˠ
3794,graeip,,ɡɾˠeːpʲ,gɾˠeːipʲ
3798,greamaím,Connacht,ˈɟɾʲamˠiːmʲ,gɾʲɑmˠimʲ
3799,greamú,Connacht,ˈɟɾʲamˠuː,gɾʲɑmˠə
3801,greannach,Connacht,ˈɟrʲan̪ˠəx,gɾʲɑn̪n̪əx
3802,greannmhar,Ulster; Connacht,ˈɟɾʲan̪ˠwəɾˠ,gɾʲɑn̪n̪mˠhəɾˠ
3803,greas,,ɟɾʲasˠ,gɾʲɑsˠ
3804,greis,,ɟɾʲɛʃ,gɾʲɛʃ
3806,grian,,"ɟɾʲiənˠ, ɟɾʲiən̪ˠ",gɾʲiən̪
3811,grianmhar,Connacht,"ˈɟɾʲiənˠvˠəɾˠ, ˈɟɾʲiən̪ˠvˠəɾˠ",gɾʲiən̪mˠhəɾˠ
3812,grinne,Ulster; Kerry; Cork; Connacht,ˈɟɾʲɪn̠ʲə,gɾʲɪn̪n̪ə
3813,grua,Munster; Connacht,ˈɡɾˠuə,gɾˠua
3815,gruagach,Munster; Connacht,ˈɡɾˠuəɡəx,gɾˠuagəx
3820,gruth,Connacht,ɡɾˠɞ,gɾˠʊt
3821,grá,,"ɡɾˠaː, ɡɾˠɑː",gɾˠa
3823,grád,Munster; Connacht,ɡɾˠɑːd̪ˠ,gɾˠad̪
3824,grág,Munster; Connacht,ɡɾˠɑːɡ,gɾˠag
3825,gráig,Munster; Connacht,ɡɾˠɑːɟ,gɾˠaiɟ
3830,gráinne,Ulster; Connacht,ˈɡɾˠɑːn̠ʲə,gɾˠain̪n̪ə
3832,grán,Connacht,ɡɾˠɑːnˠ,gɾˠan̪
3833,grán buí,Munster; Connacht,ˈɡɾˠɑːnˠ bˠiː,gɾˠan̪ bˠɪ
3834,gránach,Munster; Connacht,ˈɡɾˠɑːnˠəx,gɾˠan̪əx
3835,gránna,Munster; Connacht,ˈɡɾˠɑːn̪ˠə,gɾˠan̪n̪ə
3840,gréasaí,Connacht,ˈɟɾʲeːsˠiː,gɾʲɑsˠə
3843,gréin,,ɟɾʲeːnʲ,gɾʲɛn̪
3844,gréine,,ˈɟɾʲeːnʲə,gɾʲɛn̪ə
3845,gréisceach,Munster; Connacht,ˈɟɾʲeːʃcəx,gɾʲɛʃcəx
3848,gríosach,Munster; Connacht,ˈɟɾʲiːsˠəx,gɾʲɪsˠəx
3849,gró,Munster; Connacht,ɡɾˠoː,gɾˠʊ
3851,gróite,Connacht,ˈɡɾˠoːtʲiː,gɾˠɛtʲi
3852,grúdaire,,ˈɡɾˠuːd̪əɾʲə,gɾˠʊd̪iɾʲi
3855,grús,,ɡɾˠuːsˠ,gɾˠʊsˠ
3857,gual,,"ɡuəlˠ, ɡuəl̪ˠ",gual̪
3858,guala,,"ˈɡuəlˠə, ˈɡuəl̪ˠə",gual̪ə
3859,gualainn,Ulster; Connacht,"ˈɡuəlˠən̠ʲ, ˈɡuəl̪ˠən̠ʲ",gual̪əən̠ʲ
3863,guirme,,ˈɡɪɾʲmʲə,gɪɾʲmʲi
3865,gunna,Munster; Connacht,ˈɡʊn̪ˠə,gʊn̪n̪ʊ̽
3866,gur,,"ɡəɾˠ, ɡʊɾˠ",gəuɾˠ
3867,gus,Munster; Connacht,ɡʊsˠ,gʊsˠ
3868,gustal,,"ˈɡʊsˠt̪ˠəlˠ, ˈɡʊsˠt̪ˠəl̪ˠ",gʊsˠt̪ʊ̽l̪
3869,guta,,ˈɡʊt̪ˠə,gʊt̪ʊ̽
3870,guth,Connacht,ɡu,gʊt
3871,guthán,,ˈɡʊhɑːn̪ˠ,gʊt̪hʊ̽n̪
3873,guíochtaint,,ˈɡiː(ə)xt̪ˠənʲtʲ,gʊʊ̽kht̪ʊ̽n̪t̪
3874,guíonna,,ˈɡiːn̪ˠə,gʊʊ̽n̪n̪ʊ̽
3875,gá,Munster; Connacht,ɡɑː,ga
3877,gága,Munster; Connacht,ˈɡɑːɡə,gagə
3878,gáifeach,Munster; Connacht,ˈɡɑːfʲəx,gaifʲəx
3879,gáir,Munster; Connacht,ɡɑːɾʲ,gɑːɾʲ
3902,gúna,,"ˈɡuːnˠə, ˈɡuːn̪ˠə",gʊn̪ʊ̽
3908,hInis Meáin,,ˌhɪnʲəʃ ˈmʲɑːnʲ,çɪn̪iʃ mʲain̪
3954,himeanna,,ˈhɪmʲən̪ˠə,çɪmʲən̪n̪ə
3955,hiomlán,Connacht,ˈhʊmˠlˠɑːnˠ,çɪmˠl̪ən̪
3970,hÉirinn,,ˈheːɾʲən̠ʲ,çɛɾʲən̠ʲ
3976,héileacaptar,,ˈheː.l̪ʲəˌkapˠ.t̪ˠəɾˠ,çɛl̪əkəpˠt̪əɾˠ
3977,héin,,heːnʲ,çɛn̪
3978,héis,,heːʃ,çɛʃ
3982,i bhfad,Ulster; Connacht,əˈwad̪ˠ,ɪ bˠhfˠad̪
3983,i bhfad ó shin,Ulster; Connacht,əˌwad̪ˠ oːˈhɪnʲ,ɪ bˠhfˠad̪ ʊ sçɪn̪
3986,i dtaca le,,(ə)ˈd̪ˠakə lʲe,ɪ d̪t̪akə l̪ɛ
3987,i dtosach,Connacht,ə ˈd̪ˠɔsˠəx,ɪ d̪t̪ʊsˠəx
3993,i gceist,,ə ˈɟɛʃtʲ,ɪ gcɛʃt̪
3995,i gcomhluadar,Munster; Connacht,əˈɡoːlˠuəd̪ˠəɾˠ,ɪ gkʊmˠhl̪idʲʊ̽ɾˠ
3996,i gcónaí,Connacht,əˈɡuːn̪ˠiː,ɪ gkʊn̪ʊ̽
3997,i m'ainneoin,Connacht,əˈmˠan̠ʲoːnʲ,ɪ mʲain̪n̪oːən̪
3998,i mbliana,,"ə ˈmʲlʲiənˠə, ə ˈmʲlʲiən̪ˠə",ɪ mˠbˠl̪iən̪ə
4002,i ndán,,,ɪ n̪d̪an̪
4008,i ngeall ar,Galway; Connacht,əˈɲɑːl̪ˠ eɾʲ,ɪ nɟɑl̪l̪ ɑːɾˠ
4007,i ngeall ar,Connacht,"əˈɲiəl̪ˠ eɾʲ, əˈɲul̪ˠ eɾʲ",ɪ nɟɑl̪l̪ ɑːɾˠ
4009,i ngeall ar,Mayo; Connacht,əˈɲal̪ˠ ɛɾʲ,ɪ nɟɑl̪l̪ ɑːɾˠ
4018,ianaithe,,ɪən̪ˠɪə,iən̪əəhə
4041,imeacht,Connacht,"ˈimʲəxt̪ˠ, ˈɪmʲaxt̪ˠ",ɪmʲəkht̪
4054,imithe,Mayo; Connacht,əˈmʲiçə,ɪmʲəhə
4055,imleacán,Connacht,ˈimʲlʲəkɑːnˠ,ɪmʲl̪əkən̪
4060,imím,Connacht,ˈimʲiːmʲ,ɪmʲimʲ
4061,in aghaidh,Ulster; Connacht,əˈn̪ˠəi,ɪn̪ aghiː
4062,in aice,Ulster; Connacht,əˈn̪ˠacɪ,ɪn̪ aici
4063,in aice le,,əˈn̪ˠacɪlʲə,ɪn̪ aici l̪ɛ
4064,in ainneoin,Connacht,əˈn̪ˠan̠ʲoːnʲ,ɪn̪ ain̪n̪oːən̪
4068,in éineacht,,əˈn̠ʲeːnʲəxt̪ˠ,ɪn̪ ɛn̪əkht̪
4093,inseoidh,Connacht,"ˈinʲʃoː, ˈinʲʃɔə̯",ɪnʃoːidʲ
4094,insim,,"ˈinʲʃəmʲ, ˈin̠ʲʃəmʲ, ˈiːnʲʃəmʲ",ɪnʃimʲ
4101,iníon,Connacht,"nʲiːnˠ, ˈinʲiːnʲ",ɪn̪ən̪
4102,iníona,Connacht,ˈinʲiːnˠiː,ɪn̪ən̪ə
4106,iomaire,Munster; Connacht,ˈʊmˠəɾʲə,ɪmˠiɾʲi
4108,iomlán,Connacht,"ˈʊmˠlˠɑːnˠ, ˈʊmˠl̪ˠɑːn̪ˠ",ɪmˠl̪ən̪
4110,iompar,Munster; Connacht,ˈʊmˠpˠəɾˠ,ɪmˠpˠəɾˠ
4111,iomrall,,ˈʊmˠəɾˠəl̪ˠ,ɪmˠɾˠəl̪l̪
4125,is cuma,,əsˠ ˈkʊmˠə,ɪʃ kʊmˠʊ̽
4127,is fuath le,,"sˠfˠuə lʲə, ɪsˠ fˠuə lʲə",ɪʃ fˠuat l̪ɛ
4128,is éigean,,ˈʃeːɟənˠ,ɪʃ ɛɟən̪
4133,ite,,ˈitʲə,ɪtʲi
4135,ith,,i(h),ɪtʲ
4136,ithe,,,ɪhə
4137,itheann,,"ˈihən̪ˠ, ˈiːn̪ˠ",ɪtʲçən̪ˠ
4142,iúr,,uːɾˠ,ɪəɾˠ
4264,leáigh,,,l̪eiː
4271,liath,,,l̪iət
4280,lig do scíth,,ˌl̠ʲɪɟ də ˈʃciː,l̪ɪɟ d̪ʊ scɪtʲ
4322,log,,,l̪ʊg
4342,luaidh,,,l̪uiː
4345,luaigh,,,l̪uiː
4354,luch,,,l̪ʊk
4375,lá féile,,ˌl̪ˠɑː ˈfʲeːlʲə,l̪a fʲɛl̪ə
4385,láithreach stairiúil,Connacht,ˌl̪ˠɑːɾʲʲəx ˈsˠtˠaɾʲuːlʲ,l̪aitʲhɾʲəx sˠt̪aiɾʲiəl̪
4404,léigh,,,l̪ɛɟ
4415,lí,,,l̪ɪ
4455,mac tíre,,ˌmˠak ˈtʲiːɾʲə,mˠak tʲɪɾʲi
4466,maide briste,,ˌmˠædʲə ˈbʲɾʲɪʃtʲə,mˠaidʲi bɾʲɪʃtʲi
4617,meá,,"æ(h), ɑː",mʲæ
4630,mh,,"vʲ, w",m
4632,mhadraí,,ˈwad̪ˠɾˠiː,mˠhad̪ɾˠə
4633,mhaidin,Connacht,ˈwadʲənʲ,mˠhaidʲən̪
4634,mhaige,Ulster; Connacht,ˈwæɟɪ,mˠhaiɟi
4635,mhair,Ulster; Connacht,waɾʲ,mˠhaiɾʲ
4636,mhairbh,Ulster; Connacht,ˈwarʲəvʲ,mˠhaiɾʲb
4638,mhaithe,Ulster; Connacht,ˈwahə,mˠhaəhə
4642,mhall,Ulster; Connacht,wal̪ˠ,mˠhal̪l̪
4644,mhaoil,Ulster; Connacht,wiːlʲ,mˠhaəl̪
4650,mhart,Ulster; Connacht,waɾˠtˠ,mˠhaɾˠt̪
4656,mhic,,vʲɪc,mçɪc
4660,mhire,,ˈvʲɪɾʲə,mçɪɾʲi
4661,mhiste,,ˈvʲɪʃtʲə,mçɪʃtʲi
4663,mhná,Connacht,vˠɾˠɑː,mˠhn̪a
4665,mholainn,Ulster; Connacht,ˈwɔlˠən̠ʲ,mˠhʊl̪ʊ̽ən̠ʲ
4668,mhuca,Ulster; Connacht,ˈwʊkə,mˠhʊkʊ̽
4671,mhuirnín,Connacht,ˈwuːɾˠnʲiːnʲ,mˠhɪɾʲn̪ən̪
4674,mháistreása,Connacht,ˈwɑːʃtʲɾʲɑːsˠə,mˠhaiʃtɾʲəsˠə
4676,mhéad,,vʲeːd̪ˠ,mçɑd̪
4678,mhéid,,vʲeːdʲ,mçɛdʲ
4679,mhéir,,vʲeːɾʲ,mçɛɾʲ
4680,mhí,,vʲiː,mçɪ
4683,mhín,,vʲiːnʲ,mçɪn̪
4684,mhóir,Connacht,woːɾʲ,mˠhɛɾʲ
4735,moll,,,mˠʊl̪l̪
4900,nGréigis,,ˈɲɾʲeːɟɪʃ,n̪gɾʲɛɟiʃ
4910,naomhtar,,,n̪aəmˠht̪əɾˠ
4919,nc,,"ŋk, ɲc",nk
4957,ngabha,Connacht,ŋɑu,n̪gabˠhə
4958,ngabhar,Connacht,ˈŋɑuəɾˠ,n̪gabˠhəɾˠ
4959,ngabhas,,ˈŋauəsˠ,n̪gabˠhəsˠ
4960,ngad,,"ŋad̪ˠ, ŋɑd̪ˠ",n̪gad̪
4964,ngaoith,,ŋiːh,n̪gaitʲ
4967,ngarda,Munster; Connacht,ˈŋɑːɾˠd̪ˠə,n̪gaɾˠd̪ə
4968,ngardaí,Connacht,ˈŋɑːɾˠd̪ˠiː,n̪gaɾˠd̪ə
4970,ngealach,Connacht,ˈɲalˠəx,nɟɑl̪əx
4971,ngeall,Mayo; Connacht,ɲal̪ˠ,nɟɑl̪l̪
4976,nglacadh,,,n̪gl̪akə
4978,nglacfaidh,,ˈŋlˠakə,n̪gl̪akfˠiː
4980,nglais,,ŋlˠaʃ,n̪gl̪aiʃ
4981,nglas,,ŋlˠasˠ,n̪gl̪asˠ
4983,ngoba,,ˈŋɔbˠə,n̪gʊbˠʊ̽
4984,ngoid,,ŋɛdʲ,n̪gɛdʲ
4985,ngoile,,ˈŋɛlʲə,n̪gɔl̪ə
4986,ngoilí,,ˈŋɛlʲiː,n̪gɔl̪ə
4990,ngrian,,ɲɾʲiənˠ,n̪gɾʲiən̪
4992,ngráin,Munster; Connacht,ŋɾˠɑːnʲ,n̪gɾˠain̪
4993,ngréin,,ɲɾʲeːnʲ,n̪gɾʲɛn̪
4994,nguí,,ŋiː,n̪gɪ
5074,obann,,"ˈɔbˠən̪ˠ, ˈɞbˠən̪ˠ",ʊbˠən̪ˠ
5075,oblátach,Connacht,ˈɔbˠlˠɑːt̪ˠəx,ʊbˠl̪ʊ̽t̪əx
5076,ocht,Connacht,ɔxt̪ˠ,ʊkht̪
5081,ofráil,Connacht,ˈɔfˠɾˠɑːlʲ,ʊfˠɾˠʊ̽l̪
5086,oibrigh,Connacht,ˈəibʲɾʲiː,ɛbʲɾʲiɟ
5091,oidhre,Munster; Connacht,ˈaiɾʲə,ɛdʲhɾʲi
5095,oighear,,əiɾˠ,ɛɟçəɾˠ
5096,oil,,"ɛlʲ, ɪlʲ",ɔl̪
5098,oileann,,"ˈɛlʲən̪ˠ, ˈɪlʲən̪ˠ",ɔl̪ən̪ˠ
5099,oileáin,Connacht,ˈɪlʲɑːnʲ,ɔl̪ən̪
5107,oinniún,Connacht,ˈin̠ʲuːnˠ,ɔn̪n̪əən̪
5108,oireacht,Munster; Connacht,ˈeɾʲəxt̪ˠ,ɛɾʲəkht̪
5111,oirnis,,ˈəuɾʲn̠ʲəʃ,ɛɾʲn̪iʃ
5115,ola,,ˈɔlˠə,ʊl̪ʊ̽
5116,olann,Ulster; Connacht,"ˈɔlˠən̪ˠ, ˈɔl̪ˠən̪ˠ",ʊl̪ən̪ˠ
5118,olc,,"ol̪ˠk, ɔlˠk, ɔl̪ˠk",ʊl̪ək
5120,olla,Munster; Connacht,ˈɔl̪ˠə,ʊl̪l̪ʊ̽
5122,ollbhasún,,ˈɔl̪ˠwaˌsˠuːnˠ,ʊl̪l̪bˠhʊ̽sˠʊ̽n̪
5124,olldord,,ˈɔl̪ˠˌd̪ˠoːɾˠd̪ˠ,ʊl̪l̪d̪ʊ̽ɾˠd̪
5125,ollscoil,Connacht,"ˈɔl̪ˠˌsˠkɔlʲ, ˈɔl̪ˠˌsˠkɞlʲ",ʊl̪l̪sˠkʊ̽l̪
5126,optach,Connacht,ˈɔpˠt̪ˠəx,ʊpˠt̪əx
5127,orainne,,ˈɔɾˠən̠ʲə,ʊɾˠʊ̽n̪n̪ʊ̽
5128,orca,,ˈɔɾˠkə,ʊɾˠkʊ̽
5129,orla,,ˈɔːɾˠl̪ˠə,ʊɾˠl̪ʊ̽
5130,orm,Ulster; stressed; Connacht,ˈɔɾˠəmˠ,ʊɾˠəmˠ
5132,ormsa,,ˈɔɾˠəmˠsˠə,ʊɾˠəmˠsˠʊ̽
5137,os,Munster; Connacht,ɔsˠ,ʊsˠ
5139,os coinne,,əsˠˈkɪn̠ʲə,ʊsˠ kɔn̪n̪ə
5140,os comhair,Connacht,əsˠˈkuːɾʲ,ʊsˠ kʊmˠhiɾʲ
5141,osa,,ˈɔsˠə,ʊsˠʊ̽
5144,oscailte,,ˈɔsˠkɪlʲtʲɪ,ʊsˠkʊ̽ltʲi
5145,oscar,Munster; Connacht,ˈɔsˠkəɾˠ,ʊsˠkʊ̽ɾˠ
5147,ospidéal,Connacht,ˈɔsˠpʲədʲeːlˠ,ʊspʲidʲʊ̽l̪
5148,ospidéil,Munster; Connacht,ˈɔspʲədʲeːlʲ,ʊspʲidʲʊ̽l̪
5149,otair,Munster; Connacht,ˈɔt̪ˠəɾʲ,ʊt̪iɾʲ
5150,othar,,ˈɔhəɾˠ,ʊt̪hʊ̽ɾˠ
5181,ph,,"fʲ, fˠ",p
5184,pheann,,,pçən̪ˠ
5186,phearsana,,ˈfʲaɾˠsˠənˠə,pçæɾˠsˠən̪ə
5188,phian,,fʲiənˠ,pçiən̪
5189,phianta,,ˈfʲiən̪ˠt̪ˠə,pçiən̪t̪ə
5190,phill,,,pçɪl̪l̪
5194,phioc,,fʲʊk,pçɪk
5196,phlainc,,fˠlˠaɲc,pˠhl̪aink
5198,phlúch,,"fˠlˠuːx, fˠl̪ˠuːx",pˠhl̪ʊk
5199,phlúr,,"fˠlˠuːɾˠ, fˠl̪ˠuːɾˠ",pˠhl̪ʊɾˠ
5200,phonc,,fˠʊŋk,pˠhʊnk
5206,phus,Munster; Connacht,fˠʊsˠ,pˠhʊsˠ
5209,pháirt,,fˠɑːɾˠtʲ,pˠhaiɾʲt̪
5210,pháistí,Connacht,ˈfˠɑːʃtʲiː,pˠhaiʃtʲi
5211,phálás,Connacht,ˈfˠɑːlˠɑːsˠ,pˠhal̪əsˠ
5213,phíopa,,ˈfʲiːpˠə,pçɪpˠə
5214,phóca,Munster; Connacht,ˈfˠoːkə,pˠhʊkʊ̽
5366,póca,,,pˠʊkʊ̽
5371,pógfaidh,,,pˠʊgfˠiː
5373,pógtha,,,pˠʊgt̪hʊ̽
5412,riabhach,,,ɾʲiəbˠhəx
5616,sceideal,,"ˈʃcɛdʲəlˠ, ˈʃcɛdʲəl̪ˠ",scɛdʲəl̪
5618,sceitimíní,Connacht,ˈʃcɛtʲəmʲiːnʲiː,scɛtʲimʲən̪ə
5619,sciath,,ʃciə,sciət
5625,sciorta,,ˈʃcɪɾˠt̪ˠə,scɪɾˠt̪ə
5626,sciúlán,Connacht,"ˈʃcuːlˠɑːnˠ, ˈʃcuːl̪ˠɑːn̪ˠ",scɪəl̪ən̪
5637,scréach,,ʃcɾʲeːx,sˠkɾʲəx
5638,scríob,Ulster; Connacht,ʃcɾʲiːbˠ,sˠkɾʲɪbˠ
5640,scríobhfaidh,Ulster; Connacht,ˈʃcɾʲiːfˠə,sˠkɾʲɪbˠhfˠiː
5653,scéalaí,Connacht,ˈʃceːlˠiː,scɑl̪ə
5655,scéimh,,ʃceːvʲ,scɛmʲ
5751,sh,,h,s
5752,shagart,,ˈhaɡəɾˠt̪ˠ,sˠhagəɾˠt̪
5753,shalach,Connacht,ˈhal̪ˠəx,sˠhal̪əx
5754,shaoil,Ulster; Connacht,hiːlʲ,sˠhaəl̪
5759,shean,,hanˠ,sçɑn̪
5760,sheisear,,ˈhɛʃəɾˠ,sçɛʃəɾˠ
5761,sheol,,"çɔːlˠ, çɔːl̪ˠ",sçoːl̪
5763,shil,Munster; Connacht,hɪlʲ,sçɪl̪
5764,shinsir,Ulster; Connacht,ˈhɪn̠ʲʃəɾʲ,sçɪnʃiɾʲ
5765,shir,,hɪɾʲ,sçɪɾʲ
5767,shiúl,,"çuːlˠ, çuːl̪ˠ",sçɪəl̪
5768,shleamhain,Ulster; Connacht,ˈ(h)lʲãuwənʲ,sˠhl̪amˠhən̪
5770,shleamhnaigh,,"ˈ(h)lʲãunˠi, ˈ(h)lʲãunˠə, ˈ(h)lʲãun̪ˠi, ˈ(h)lʲãun̪ˠə, ˈ(h)lʲəunˠiː, ˈ(h)lʲəun̪ˠiː",sˠhl̪amˠhn̪iː
5774,shlíoc,,(h)lʲiːk,sˠhl̪ɪk
5776,shnua,,"(h)n̪ˠuː, (h)n̪ˠuːə",sˠhn̪ua
5778,shníomh,Ulster; Connacht,(h)nʲiːw,sˠhn̪ɪm
5779,sholas,Ulster; Connacht,ˈhɔlˠəsˠ,sˠhʊl̪ʊ̽sˠ
5781,shráid,Munster; Connacht,hɾˠɑːdʲ,sˠhɾˠaidʲ
5782,shróna,,"ˈ(h)ɾˠoːnˠə, ˈ(h)ɾˠoːn̪ˠə",sˠhɾˠʊn̪ʊ̽
5785,shuí,,hiː,sˠhɪ
5787,shábháil,Connacht,ˈhɑːwɑːlʲ,sˠhabˠhəl̪
5788,shé,,heː,sçɛ
5791,shéan,,heːnˠ,sçɑn̪
5792,shéid,,heːdʲ,sçɛdʲ
5794,shín,,hiːnʲ,sçɪn̪
5795,shíníomar,Connacht,ˈhiːnʲiːmˠəɾˠ,sçɪn̪əmˠəɾˠ
5796,shíolmhar,Ulster; Connacht,"ˈhiːlˠwəɾˠ, ˈhiːl̪ˠwəɾˠ",sçɪl̪mˠhəɾˠ
5814,sine,,,ʃɪn̪ə
5845,sleamhna,Ulster; Connacht,"ˈʃl̠ʲãunˠə, ˈʃl̠ʲãun̪ˠə",sˠl̪amˠhn̪ə
5847,sleán,Connacht,"ʃl̠ʲɑːnˠ, ʃl̠ʲɑːn̪ˠ",sˠl̪an̪
5849,sligeán,Connacht,ˈʃl̠ʲiɟaːnˠ,sˠl̪ɪɟən̪
5853,slis,Ulster; Connacht,ˈʃl̠ʲɪʃ,sˠl̪ɪʃ
5865,sléibhte,,ˈʃl̠ʲeːfʲtʲə,sˠl̪ɛbʲhtʲi
5867,slíbhín,Connacht,ˈʃl̠ʲiːvʲiːnʲ,sˠl̪ɪbʲçən̪
5891,snaidhmfidh,,,sˠn̪ɪdʲhmˠiː
5892,snaidhmthe,,,sˠn̪aidʲhmˠtçi
5896,sneachtúil,Connacht,ˈʃnʲaxt̪ˠuːlʲ,sˠn̪akht̪əl̪
5985,srian,Connacht,ʃɾʲiənˠ,sɾʲiən̪
6080,sé,,,ʃɛ
6230,teach pobail,Munster; Connacht,ˌtʲax ˈpˠɔbˠəlʲ,tʲəx pˠʊbˠʊ̽l̪
6231,teach ósta,Munster; Connacht,ˌtʲax ˈoːsˠt̪ˠə,tʲəx ʊsˠt̪ʊ̽
6236,teagasc,,"c, k",tʲɑgəsk
6260,teoiric chinnteoireachta,Connacht,ˌtʲoːɾʲəc ˈçɪn̠ʲtʲoːɾʲəxt̪ˠ,tʲoːiɾʲic kçɪn̪ntʲoːɾʲəxt̪əəə
6268,thae,,heː,t̪heː
6269,thainic,,,t̪hain̪ic
6272,thaire,,"ˈhaɾʲə, ˈhæɾʲə",t̪haiɾʲi
6275,thairstise,,"ˈhaɾˠʃtʲəʃə, ˈhɑɾˠʃtʲəʃə",t̪haiɾʲʃtʲiʃi
6277,thapa,,ˈhapˠə,t̪hapˠə
6279,thar lear,,haɾˠˈl̠ʲaɾˠ,t̪haɾˠ l̪ɑːɾˠ
6283,tharam,,"ˈhaɾˠəmˠ, ˈhɑɾˠəmˠ",t̪haɾˠəmˠ
6284,tharamsa,,"ˈhaɾˠəmˠsˠə, ˈhɑɾˠəmˠsˠə",t̪haɾˠəmˠsˠə
6285,tharla,Munster; Connacht,ˈhɑːɾˠl̪ˠə,t̪haɾˠl̪ə
6288,tharta,,ˈhaɾˠt̪ˠə,t̪haɾˠt̪ə
6289,the,,hɛ,tçɛ
6291,theacht,,haxt̪ˠ,tçɑkht̪
6294,theo,,çoː,tçoː
6295,thiar,,hiəɾˠ,tçiəɾˠ
6296,thiarna,,ˈhiəɾˠn̪ˠə,tçiəɾˠn̪ə
6297,thig,,hiɟ,tçɪɟ
6302,thiocfainn,,hʊkən̠ʲ,tçɪkfˠəən̠ʲ
6303,thiocfas,,ˈçukəsˠ,tçɪkfˠəsˠ
6304,thiocfá,,ˈhʊkfˠɑː,tçɪkfˠə
6307,thlig,,hlʲɪɟ,t̪hl̪ɪɟ
6316,threabh,Connacht,ˈ(h)ɾʲəu,t̪hɾʲɑb
6318,thriall,,hɾʲiəl̪ˠ,t̪hɾʲiəl̪l̪
6320,thrá,Munster; Connacht,hɾˠɑː,t̪hɾˠa
6321,thráigh,Connacht,hɾˠɑː,t̪hɾˠiː
6322,thréig,,hɾʲeːɟ,t̪hɾʲɛɟ
6326,thuama,,ˈhuəmˠə,t̪huamˠə
6329,thugainn,,ˈhʊɡən̠ʲ,t̪hʊgʊ̽ən̠ʲ
6331,thuigeas,,ˈhɪɟəsˠ,t̪hɪɟəsˠ
6332,thuilleamar,,ˈhɪl̠ʲəmˠəɾˠ,t̪hɪl̪l̪əmˠəɾˠ
6334,thuiscint,,ˈhɪʃcɪn̠ʲtʲ,t̪hɪʃcən̪t̪
6335,thur,Munster; Connacht,hʊɾˠ,t̪hʊɾˠ
6337,thusa,,ˈhusˠə,t̪hʊsˠʊ̽
6338,tháinig,,ˈhɑːnʲɪɟ,t̪hain̪iɟ
6341,théid,,"heːdʲ, hei̯dʲ",tçɛdʲ
6344,thír,,hiːɾʲ,tçɪɾʲ
6347,thú,,huː,t̪hʊ
6348,thúis,,huːʃ,t̪hɪʃ
6384,tithe ósta,Munster; Connacht,ˌtʲɪhə ˈoːsˠt̪ˠə,tʲɪhə ʊsˠt̪ʊ̽
6591,tánaiste,,,t̪an̪iʃtʲi
6654,uainn,Connacht,"wen̠ʲ, wæn̠ʲ",uaən̠ʲ
6670,ucht,,,ʊkht̪
6684,uirlis,,ˈuːɾˠl̠ʲəʃ,ɪɾʲl̪iʃ
6690,ultach,Connacht,ˈul̪ˠt̪ˠəx,ʊl̪t̪əx
6694,umhlú,Connacht,ˈuːlˠuː,ʊmˠhl̪ʊ̽
6701,urla,Connacht,ˈuːɾˠl̪ˠə,ʊɾˠl̪ʊ̽
6703,urnaí,Connacht,ˈuːɾˠn̪ˠiː,ʊɾˠn̪ʊ̽
6709,uíbh,,iːvʲ,ɪbʲ
6712,vác,Connacht,wɑːk,vak
6715,vóta,Connacht,ˈwoːt̪ˠə,vʊt̪ʊ̽
6717,yé,,jeː,yɛ
6721,Áiréilias,Connacht,ˈɑːrʲeːlʲiəsˠ,aiɾʲəl̪əsˠ
6723,Árannach,,ˈɑːɾˠən̪ˠəx,aɾˠən̪n̪əx
6724,Éabha,Ulster; Connacht,ˈeːwə,abˠhə
6733,Éirinn,,ˈeːɾʲən̠ʲ,ɛɾʲən̠ʲ
6735,Íosa,,ˈiːsˠə,ɪsˠə
6737,Íosánach,Connacht,ˈiːsˠɑːnˠəx,ɪsˠən̪əx
6738,Ó,Munster; Connacht,oː,ʊ
6742,Ó Cathasaigh,,ˈkahəsˠiː,ʊ kat̪həsˠiː
6745,ábalta,Munster; Connacht,ˈɑːbˠəl̪ˠt̪ˠə,abˠəl̪t̪ə
6747,ábhal,Connacht,"ˈɑːwəlˠ, ˈɑːwəl̪ˠ",abˠhəl̪
6748,ábhar,Connacht,ˈɑːwəɾˠ,abˠhəɾˠ
6749,áfach,Munster; Connacht,ˈɑːfˠəx,afˠəx
6750,áibhirseoir,,ˈɑːɾɕoːɾʲ,aibʲçiɾʲʃoːiɾʲ
6752,áil,Munster; Connacht,ɑːlʲ,ail̪
6754,áilleacht,,ˈɑːlʲəxt,ail̪l̪əkht̪
6759,áirigh,Connacht,ˈɑːɾʲiː,aiɾʲiɟ
6760,áirím,Mayo; Aran; Connacht,ˈɑːɾʲiːmʲ,aiɾʲimʲ
6764,áiteanna,,ˈɑːtʲən̪ˠə,aitʲən̪n̪ə
6770,áití,Connacht,ˈɑːtʲiː,aitʲi
6771,áitím,Connacht,ˈɑːtʲiːmʲ,aitʲimʲ
6773,ál,Connacht,ɑːlˠ,al̪
6779,áras,Munster; Connacht,ˈɑːɾˠəsˠ,aɾˠəsˠ
6781,árasán,Connacht,ˈɑːɾˠəsˠɑːnˠ,aɾˠəsˠən̪
6789,éadach,Connacht,ˈeːd̪ˠəx,ad̪əx
6790,éadaigh,Connacht,"ˈeːd̪ˠiː, ˈeːd̪ˠə",ad̪iː
6791,éadan,,"ˈeːd̪ˠənˠ, ˈeːd̪ˠən̪ˠ",ad̪ən̪
6793,éadroime,Ulster; Connacht,ˈeːd̪ˠɾˠəmʲə,ad̪ɾˠimʲi
6794,éadrom,Ulster; Connacht,ˈeːd̪ˠɾˠəmˠ,ad̪ɾˠəmˠ
6797,éadtualaing,,ˈeːd̪ˠɔlən,ad̪t̪əl̪əng
6801,éadóchasach,Connacht,ˈeːd̪ˠoːxːəsˠəx,ad̪əkhəsˠəx
6804,éagrábhadh,Connacht,ˈeːkɾˠɑːvˠ,agɾˠəbˠhə
6809,éar,,eːɾˠ,ɑːɾˠ
6811,éasca,Ulster; Munster; Cork; Connacht,ˈeːsˠkə,asˠkə
6813,éiceolaí,Connacht,"ˈeːcoːlˠiː, ˈeːcoːl̪ˠiː",ɛcoːl̪ə
6816,éidí,Connacht,ˈeːdʲiː,ɛdʲi
6817,éigean,,"ˈeːɟənˠ, ˈeːɟən̪ˠ",ɛɟən̪
6818,éigiall,,ˈeːɟiəl̪ˠ,ɛɟəl̪l̪
6821,éileamh,Connacht,ˈeːlʲuː,ɛl̪əm
6822,éiligh,Connacht,ˈeːlʲiː,ɛl̪iɟ
6826,éin,,eːnʲ,ɛn̪
6828,éinne,,ˈeːnʲə,ɛn̪n̪ə
6833,éirím,Connacht,ˈəiɾʲiːmʲ,ɛɾʲimʲ
6834,éirímid,,"eːˈɾʲiːmʲədʲ, ˈeːɾʲiːmʲədʲ",ɛɾʲəmʲədʲ
6836,éis,,eːʃ,ɛʃ
6837,éisc,,eːʃc,ɛʃk
6838,éist,,eːʃtʲ,ɛʃt̪
6840,éistim,Munster; Connacht,ˈeːʃtʲəmʲ,ɛʃtʲimʲ
6841,í,,iː,ɪ
6842,íobairt,,ˈiːbˠəɾˠtʲ,ɪbˠiɾʲt̪
6845,íocaíocht,,ˈiːkiəxt̪ˠ,ɪkəəkht̪
6846,íocfad,,ˈiːkəd̪ˠ,ɪkfˠəd̪
6848,íochtar,,"ˈiəxt̪ˠəɾˠ, ˈiːxt̪ˠəɾˠ",ɪkht̪əɾˠ
6849,íoglú,,ˈiː.ɡl̪ˠuː,ɪgl̪ə
6852,íota,Munster; Connacht,ˈiːt̪ˠə,ɪt̪ə
6854,íseal,,"ˈiːʃəlˠ, ˈiːʃəl̪ˠ",ɪʃəl̪
6858,ó shin,,oː ˈhɪnʲ,ʊ sçɪn̪
6865,ógfhear,,ˈoːɡˌaɾˠ,ʊgfçʊ̽ɾˠ
6868,óige,Munster; Connacht,ˈoːɟɪ,ɛɟi
6870,óinsí,Connacht,ˈoːn̠ʲʃiː,ɛnʃi
6871,óir,Munster; Connacht,oːɾʲ,əiɾʲ
6872,ól,Connacht,oːlˠ,ʊl̪
6873,ól,Munster; Connacht,oːl̪ˠ,ʊl̪
6875,ólaimid,Munster; Connacht,ˈoːl̪ˠəmʲədʲ,ʊl̪ʊ̽mʲədʲ
6878,óm,,oːmˠ,uːmˠ
6879,ómra,,ˈoːmˠɾˠə,ʊmˠɾˠʊ̽
6880,ómrach,,ˈuːmˠɾˠəx,ʊmˠɾˠəx
6882,ónar,,ˈoːnˠəɾˠ,ʊn̪ʊ̽ɾˠ
6883,ónarb,,ˈoːnˠəɾˠbˠ,ʊn̪ʊ̽ɾˠbˠ
6886,ór,Munster; Connacht,oːɾˠ,əuɾˠ
6887,órga,Munster; Connacht,ˈoːɾˠɡə,ʊɾˠəgʊ̽
6888,órthóraíocht,,oːɾˠˈhoːɾˠiːəxt̪ˠ,ʊɾˠt̪hʊ̽ɾˠʊ̽ʊ̽kht̪
6893,ót,,oːt̪ˠ,ʊt̪
6895,údar,,ˈuːd̪ˠəɾˠ,ɛdʲəɾˠ
6896,údarás,Munster; Connacht,ˈuːd̪ˠəɾˠɑːsˠ,ɛdʲəɾˠəsˠ
6899,úir,,uːɾʲ,əiɾʲ
6900,úll,,uːl̪ˠ,ʊl̪l̪
6901,úlla,,ˈuːl̪ˠə,ʊl̪l̪ʊ̽
6902,úr,,uːɾˠ,əuɾˠ
6903,úrscéal,,ˈuːɾˠˌʃceːlˠ,ʊɾˠscʊ̽l̪
6908,úsáideoir,Connacht,ˈuːsˠɑːdʲoːɾʲ,ʊsˠidʲoːiɾʲ
6910,úth,,uː,ʊt
