tags	ipa	word
Connacht 	/ˈt̪ˠəu.ə/	toghadh
Connacht 	/ˈbʲɞɡɑːn/	beagán
Connacht 	/ˈukuː/	acu
Connacht 	/ˈkohəɾˠə/	comhartha
Connacht 	/ˈiən̪ˠt̪ˠəx/	iontach
Connacht ; Munster 	/ˈɟɪɾˠiə/	giorria
Connacht 	/ˈʊmˠpˠuː/	iompú
Connacht 	/ˈdʲiːɾʲiː/	dírigh
Connacht 	/l̠ʲəuɾʲ/	leabhair
Connacht 	/ˈmˠɪlʲən̠ʲə/	muinchille
Connacht 	/ˈbɔɡiː/	bogaigh
Connacht 	/ˈkʊɾˠə/	curaigh
Connacht ; Ulster 	/sˠpˠlˠaŋk/	splanc
Connacht ; Ulster 	/ˈbˠiːdʲa(x)/	bídeach
Connacht 	/ˈdʲiːnəsˠ/	déanas
Connacht 	[ˈsˠiːlʲɑːlʲ]	suíleáil
Connacht 	/kɾˠivʲ/	cruimh
Connacht ; Munster 	/ˈklˠɔɡədʲə/	clogaide
Connacht 	/ˈfˠoɾˠəkə/	fothragadh
Connacht 	/ˈeːlˠə/	éalaigh
Connacht ; Munster 	[oːlʲ]	fheoil
Connacht 	/ˈfʲæːɾˠiːsˠ/	Fearghas
Connacht ; Munster 	/ɑːɾˠdʲ/	aird
Connacht 	/ɾˠeː/	réidh
Connacht ; Ulster 	/l̠ʲiə/	liath
Connacht 	/ˈsˠpʲeɾˠə ˈn̪ˠiːw/	Spiorad Naomh
Connacht 	/ˈ(h)uɡiː/	chugaibh
Connacht ; Munster 	/t̪ˠɾˠɑː/	trá
Connacht ; Munster 	/ˈd̪ˠuːn̪ˠəmʲ/	dúnaim
Connacht 	/ˈəil̪ˠəc/	adhlaic
Connacht ; Ulster 	/fˠɾˠɯːx/	fraoch
Connacht 	/ˈæɾʲəx/	aireach
Connacht 	/ˈpˠoːsˠətʲ/	pósadh
Connacht 	/ˈeːnˠ.ˈvʲa.nˠəx/	aonbheannach
Connacht ; Munster 	/ˈkol̪ˠə/	codladh
Connacht ; Munster 	/ˈt̪ˠiːl̠ʲ/	tuill
Connacht ; Ulster 	/ˌkɔl̪ˠəmˈcɪl̠ʲə/	Colm Cille
Connacht 	/ˈd̪ˠumˠlˠəsˠ/	domlas
Connacht 	/ˈeːlʲiːɾʲ/	éilítear
Connacht 		líonadh
Connacht 	/t̪ˠɾˠɑː ˈl̠ʲiː/	Trá Lí
Connacht ; Ulster 	/t̪ˠɪn̠ʲ/	toinn
Connacht ; Connacht ; Ulster 	/ˈdʲaɾˠəmˠəd̪ˠ/	dearmad
Connacht ; Ulster 	/ʃcɾʲiːw/	scríobh
Connacht 	/d̪ˠɾˠɛdʲəxə/	druideacha
Connacht ; Munster 	/bˠɔɡ/	bog
Connacht 	/ˈafʲeːlˠ/	aiféala
Connacht 	/ɡɾˠɑː/	gnáth
Connacht 	/d̪ˠɾˠɔx/	droch-
Connacht 	/ɟɾʲaːn̪ˠ/	greann
Connacht 	/ˈaɾˠkɑːnˠ/	arcán
Connacht 	/ˈd̪ˠu.ɑːn/	duán
Connacht ; Munster 	/ˈl̪ˠɑːhəɾʲ/	láthair
Connacht 	/ˈɡɾˠaːiː/	gnaithí
Connacht 		déanamh
Connacht 	/ˈd̪ˠɛɾʲətʲ/	doireadh
Connacht 	/ˈt̪ˠakə/	tagtha
Connacht 	/ˈtʲɾʲəu/	treabh
Connacht ; Ulster 	/ˈkasˠu(ː)/	casadh
Connacht 	/ˈn̠ʲɪsˠkoːdʲ/	neascóid
Connacht 	[ˈtʲiːmˠpˠəʃtʲiː]	timpistí
Connacht ; Ulster 	/ˈl̠ʲapˠə/	leapa
Connacht 	/bˠɑuɾˠd̪ˠ/	bord
Connacht 	/fˠuəx/	fuadh
Connacht 	/tʲʊ(w)/	tiubh
Connacht 	/ˈcoːn̪ˠiː/	ceonna
Connacht 	/ˈbʲɾʲeːɡəx/	bréagach
Connacht ; Munster 	/ˈsˠkiːlʲə/	scaoileadh
Connacht 	/ˈfˠuːvˠəɾˠ/	fómhar
Connacht ; Munster 	/ə ˈxɑːɾˠdʲə/	a chairde
Connacht ; Connacht ; 	/ˈɑːɾˠɑːnˠ/	amhrán
Connacht ; Munster 	/t̪ˠɑː/	tsá
Connacht 	/ˈkɑːɾˠdʲuːlʲ/	cairdiúil
Connacht ; Ulster 	/ˈsˠiːl̪ˠt̪ˠə/	saolta
Connacht 	/ˈabˠuːl̪ˠəxt̪ˠ/	abúlacht
Connacht 	/ˈkl̪ˠifʲiː/	cluichí
Connacht 	/pʲɑːl̪ˠ/	peall
Connacht ; Munster 	/sˠmˠɑxt̪ˠ/	smacht
Connacht ; Ulster 	/ˈkɪɾʲuː/	cuireadh
Connacht 	/ˈɡɔbˠuː/	gobadh
Connacht 	/ˈɡlˠɑkəvˠ/	glacadh
Connacht 	/ˈl̠ʲiə(h)ɾˠoːdʲ/	liathróid
Connacht ; Munster 	/t̪ˠɔɾˠk/	torc
Connacht ; Connacht ; Ulster 	/ˈɡad̪ˠiː/	gadaí
Connacht 	/ˈɡɑɾˠiː/	garraí
Connacht 	[ˈfˠaːɾˠɪɟə]	farraige
Connacht 	/ˈɾˠɑːwiəxt̪ˠ/	rámhaíocht
Connacht 	/ˈt̪ˠɔsˠiː/	tosaí
Connacht ; Ulster 	/ˈaʃɪc/	aisig
Connacht 	/ˈeːcoːl̪ˠiː/	éiceolaí
Connacht 	/ˈʃeːdʲəx/	séideadh
Connacht 	/bˠɾˠuː/	bruth
Connacht ; Ulster 	/ˈeːsˠkə/	éasca
Connacht 	/ˈbʊn̪ˠuːsˠəx/	bunúsach
Connacht ; Ulster 	/d̪ˠlˠuː/	dlúth
Connacht 	/ˈd̪ˠɾˠʊŋkeːɾˠə/	druncaera
Connacht 	/ˈmˠɔɾˠəɡəvˠ/	morgadh
Connacht ; Connacht 	/fˠɑːn̪ˠ/	fann
Connacht 	/ˈfˠoːl̪ˠəmˠə/	foghlamtha
Connacht 	/ˈd̪ˠuːnˠuː/	dúnadh
Connacht 	/iː/	ithe
Connacht ; Ulster 	/ˈdʲɪvʲənʲ/	deimhin
Connacht ; Ulster 	/kuːn̪ˠ/	cuan
Connacht ; Munster 	/sˠpˠoːl̪ˠ/	spól
Connacht ; Ulster 	/ɡlˠak/	glac
Connacht 	/ˈɛciː/	aici
Connacht 	/(ɣ)əmˠ/	dhom
Connacht ; Munster 	/clʲiəvˠ/	cliabh
Connacht ; Munster 	/ˈl̠ʲɛctʲɾʲəxəsˠ/	leictreachas
Connacht 	/ˈdʲiːbʲɾʲiːtʲ/	díbríodh
Connacht 	/ˈmˠaɾˠə/	maraigh
Connacht 	/ˈɑːl̪ˠəc/	adhlaic
Connacht 	/ˈʃɛʃuːnˠ/	seisiún
Connacht 	/ˈɛdʲəxəʃ/	oideachais
Connacht 	/ˈɪmʲɾʲiː/	imní
Connacht 	/ˈfˠɑːɟiː/	faighigí
Connacht ; Munster 	/ˈmʲinʲ/	min
Connacht 	/ˈbʲiːdʲəx/	bídeach
Connacht ; Connacht 	[ˈaɡlˠəʃiː]	eaglaisí
Connacht 	/ɡlɯː/	glaoigh
Connacht 	/ˈɾˠɪɲcɪ/	rince
Connacht 	/ˈcɾʲiːpˠəɾʲə/	cníopaire
Connacht 	/ˈænʲiːmʲ/	aithním
Connacht 	/ˈɟɑːɾˠəx/	gearradh
Connacht 	/ˈɟaːɾˠəmʲ/	gearraim
Connacht 	/ˈcal̪ˠəx/	Ceallach
Connacht 	/ˈfˠoːnˠuːɾˠ/	fonnmhar
Connacht 	/ˈinʲiːnˠiː/	iníona
Connacht 	/ˈʊmˠl̪ˠɑːn̪ˠ/	iomlán
Connacht 	/n̠ʲiːmʲ/	ghním
Connacht 	/ˈmˠɔlˠhiː/	molfaidh
Connacht ; Ulster 	/ˈkæɾˠɪc/	carraig
Connacht ; Munster 	/ˈsˠt̪ˠɾˠɑpˠəɾʲə/	strapaire
Connacht 	/ˈl̠ʲiːnˠə/	líonadh
Connacht 	/ˈsˠasˠən̪ˠəx/	Sasanach
Connacht 	/ˈiːnʲtʲlʲəxt̪ˠ/	intleacht
Connacht 	/ˈl̠ʲiːn̪ˠə/	líonadh
Connacht ; Munster 	/oː/	ó
Connacht 	/ˈsˠpˠɑːɾˠɑːlʲ/	spáráil
Connacht ; Munster 	/ʃɪlʲ/	sil
Connacht 	/ˈfˠɑːɡəx/	fágadh
Connacht 	/ˈaiɾʲə/	éirigh
Connacht ; Connacht 	/ˈfˠax/	fathach
Connacht 	/ˈkɔlˠəmˠɑːnˠ/	Colmán
Connacht 	/ˈbˠɑːwəɾˠ/	bámhar
Connacht 	/ˈsˠəil̠ʲʃə/	soilse
Connacht 	/ˈɑːɾʲiː/	áirithe
Connacht 	/ˈɪn̪ˠət̪ˠ/	ionat
Connacht ; Munster 	/ˈmˠɑːsˠəx/	másach
Connacht 	/ˈhɑɾˠʃt̪ˠəbˠ/	tharstu
Connacht 	/ˈbʲɾʲakɑːnˠ/	breacán
Connacht 	/ˈ(h)ʊɡəd̪ˠ/	chugat
Connacht ; Ulster 	/ˈɔl̪ˠən̪ˠ/	olann
Connacht 	/ˈiːsˠt̪ˠə/	aosta
Connacht 	/ˌbˠalʲə ˌn̪ˠuː n̪ˠə ˈhɑːɾˠd̪ˠə/	Baile Nua na hArda
Connacht 	/ˈklˠiːnˠətʲ/	claonadh
Connacht 	/ˈɑːwʊl/	ádhúil
Connacht 	/ˈtʲæːŋɡə/	teanga
Connacht 	/ɡɞdʲ/	goid
Connacht 	/ˈdʲɛʃəlˠɑːnˠ/	deisealán
Connacht 	/fʲiːdʲ/	fichid
Connacht ; Munster 	/ˈpʲakə/	peaca
Connacht 	/ˈsˠɔkɾˠuː/	socrú
Connacht 	/ˈmˠuːnʲuː/	múineadh
Connacht 	/ˈat̪ˠɾˠiː/	eadraibh
Connacht 	/ˈɡlɑkəmʲ/	glacaim
Connacht 	/ˈɑːɾʲə/	aire
Connacht 	/ˈklˠaɟən̪ˠ/	cloigeann
Connacht ; Munster 	[ˈɟɨl̪ˠə]	giolla
Connacht ; Ulster 	/ˈkæɾˠɪcæhə/	carraigeacha
Connacht 	/dʲiːvʲ/	díbh
Connacht ; Ulster 	/tʲan̪ˠ/	teann
Connacht 	/ˈt̪ˠapˠə/	tapadh
Connacht ; Connacht 	/ˈkolˠiː/	culaith
Connacht 	/(ɣ)ɪn̠ʲ/	dhúinn
Connacht ; Ulster 	/ˈcɾʲiːpˠəɾʲə/	cníopaire
Connacht 	[ˈafˠɪɾʲc]	amhairc
Connacht 	/ˈtʲɪmˠɑːn̠ʲtʲ/	tiomáint
Connacht 	/ˈdʲɪn̠ʲuːɾˠ/	deichniúr
Connacht ; Ulster 	/ˈfʲaɾˠhən̠ʲ/	fearthainn
Connacht 	/ˈfʲɛʃtʲiː/	feistigh
Connacht ; Connacht 	/ˈkaɾˠən̪ˠiː/	carranna
Connacht 	/ˈɡlɪn̠ʲə/	gloine
Connacht ; Ulster 	/ˈan̪ˠɪnʲə/	anduine
Connacht 	/bˠɾˠuːn/	bronn
Connacht 	/kɾˠuːmˠ/	crom
Connacht 	/eːɾˠ/	aer
Connacht 	/ˈka(h)iːɾʲ/	cathaoir
Connacht 	/ˈɡasˠiː/	gasa
Connacht ; Ulster 	/ɾˠan̪ˠ/	rann
Connacht ; Munster 	/sˠkɑfˠə/	scafa
Connacht 	/kiːvˠ/	caomh
Connacht 	/klˠiːnˠ/	claon
Connacht ; Connacht 	[fʲæː]	feadh
Connacht 	/l̠ʲiːn̪ˠ/	líon
Connacht 	/ˈkaːbʲiːnʲ/	cáibín
Connacht 	/ˌɑːɾʲdʲˈæsˠpˠəɡ/	ardeaspag
Connacht ; Connacht 	/ˈklˠeɟən̪ˠ/	cloigeann
Connacht ; Munster 	/bʲɾʲoːmʲ/	breoim
Connacht 	/oː(j)/	-óidh
Connacht 	/ˈsˠkuəbˠuː/	scuabadh
Connacht 	/ˈt̪ˠauɾʲn̠ʲəx/	toirneach
Connacht ; Munster 	/ˈpˠɑːɾˠəsˠ/	Páras
Connacht 	/ˈan̪ˠəmˠəxiː/	anamacha
Connacht ; Ulster 	/ɡiː/	gaoth
Connacht 	/ʃceːlˠ/	scéal
Connacht 	[tʲæːxt̪ˠ]	teacht
Connacht 	/ˈiːn̪ˠt̪ˠuː/	aontú
Connacht 	/kail̠ʲ/	coill
Connacht ; Connacht ; Munster ; Connacht 	/ˈdʲɾʲiçaːɾˠ/	dearthár
Connacht 	/ˈɑl̪ˠt̪ˠɾˠəxə/	alltracha
Connacht ; Ulster 	/l̠ʲan̪ˠ/	lean
Connacht 	/ˈbˠɔlək/	bolg
Connacht 	/ˈɡɔbˠəx/	gobadh
Connacht 	/ˈaɡiː/	chugaibh
Connacht 	/ˈclʲæxt̪ˠətʲ/	cleachtadh
Connacht 	/oːw/	-ódh
Connacht 	/i/	ithe
Connacht ; Ulster 	/ˈkiːvʲə/	caoimhe
Connacht ; Ulster 	/iːw/	-íodh
Connacht 	/ˈt̪ˠaɾˠuː/	Tarbh
Connacht ; Ulster 	/ˈd̪ˠaɾˠə/	dara
Connacht 	/ˈkunˠəxəɾˠ/	Conchúr
Connacht 	/ˈhʊɡən̠ʲ/	chugainn
Connacht 	/ˈpʲeːkoːɡəx/	péacógach
Connacht 	/ˈfˠɾˠaːŋkəx/	francach
Connacht ; Munster 	/ɾˠiːvˠ/	ríomh
Connacht 	/ˈkʊn̪ˠəɾˠtʲ/	conairt
Connacht 	/d̪ˠɾɔxˈvʲeːsˠəx/	drochbhéasach
Connacht ; Munster 	/ˈʃoːsˠəvˠ/	Seosamh
Connacht 	/ˈiəɾˠə/	iarraidh
Connacht ; Munster 	/ˈtʲɪɟɪmʲ/	tigim
Connacht ; Munster 	/ˈoːɾˠɡə/	órga
Connacht 	/fˠoːɾˠk/	forc
Connacht 		cealgfaidh
Connacht 	/ˈmʲakənˠ/	meacan
Connacht 	/ˈbˠɪɾʲən̪ˠ/	baineann
Connacht 	/sˠiːɾˠ/	saor
Connacht 	/cæd̪ˠ/	cead
Connacht 	/ˈuːɾˠl̪ˠə/	urla
Connacht ; Munster 	/ˈfʲeːdʲəɾˠhəxt̪ˠ/	féidearthacht
Connacht ; Munster 	/ˌklˠɔx n̪ˠə ˈbˠlˠɑːɾˠn̪ˠənˠ/	Cloch na Blarnan
Connacht 	/ˈfʲiəklˠoːɾʲ/	fiaclóir
Connacht ; Ulster 	/ˈsˠt̪ˠaiɾʲə/	staighre
Connacht 	/ˈfˠɔɾˠmʲuːl̪ˠəxt̪ˠ/	foirmiúlacht
Connacht 	/ɡɔlˠ/	gol
Connacht ; Munster 	/uəxt̪ˠ/	uacht
Connacht 	/bˠɞsˠ/	bus
Connacht 	/ˈdʲɾʲoːlʲiːnʲ/	dreoilín
Connacht 	/bʲɾʲɪɡ/	bruig
Connacht ; Munster 	/ˈɑbˠəɾʲ/	abair
Connacht ; Munster 	/ˈsˠkuəbˠə/	scuabadh
Connacht 	/ˈuːɑːsˠ/	uafás
Connacht 	/kɑːlˠ/	cál
Connacht ; Munster 	/ˈt̪ˠuːt̪ˠəx/	tútach
Connacht 	/ˈkiːnʲə/	cuimhnigh
Connacht 	/bˠɾˠuːn̪ˠ/	brón
Connacht 	/ˈsˠkɾˠuːd̪ˠə/	scrúdaigh
Connacht 	/ˈbˠɔd̪ˠəx/	bodach
Connacht ; Munster 	/ˈmʲinʲ/	min
Connacht 	/ˈæɟnʲə/	aigne
Connacht 	/eːd̪ˠ/	éad
Connacht 	/ˈbˠɾˠaxɑːn̪ˠ/	brachán
Connacht 	/ˈfʲɾʲasˠt̪ˠəlˠiː/	freastalaí
Connacht ; Ulster 	/bˠɾˠat̪ˠ/	brat
Connacht ; Munster 	/ˈʃl̠ʲɑː/	sleá
Connacht ; Ulster 	/ˈkatʲiːnʲ/	caitín
Connacht ; Ulster 	/l̠ʲɛʃ/	leis
Connacht 	/ˈdʲeːnəsˠ/	déanas
Connacht ; Connacht 	[ˈkaːl̠ʲə]	cailleadh
Connacht 	/ˈæʃtʲəʃə/	aistise
Connacht ; Munster 	/ˈl̪ˠɔsˠkən̪ˠ/	loscann
Connacht 	/ˈt̪ˠaui/	tabhaigh
Connacht 	/fˠuːbʲ/	fúibh
Connacht ; Munster 	/ˈmˠiːn̠ʲtʲəɾʲ/	muintir
Connacht ; Munster 		Nóra
Connacht 	/ˈkɔɾˠə/	corraigh
Connacht ; Connacht 	/ˈt̪ˠɾˠosˠkuː/	troscadh
Connacht 	/ˈkimʲnʲiːmʲ/	cuimhním
Connacht ; Ulster 	/ˈbˠat̪ˠə/	bata
Connacht 	/ˈsˠalˠən̪ˠ/	salann
Connacht 	/sˠl̪ˠat̪ˠ/	slat
Connacht 	/ˈiːlʲə/	aoiligh
Connacht 	/sˠpʲɾʲid̪ˠ/	spiorad
Connacht 	/ˈmˠaɾˠuː/	marbh
Connacht ; Munster 	/sˠpˠɑːsˠ/	spás
Connacht ; Munster 	/ˈbˠɾˠʌn̪ˠəmʲ/	bronnaim
Connacht 	/ʃceːl̪ˠ/	scéal
Connacht 	/ˈfˠuːvˠəɾʲ/	fómhair
Connacht 	/ˈkuːl̪ˠiː/	cúlaí
Connacht 	/ɡɑ(ː)l̪ˠ/	gall
Connacht ; Connacht ; Ulster 	/ˈasˠəmˠ/	asam
Connacht 	/ax/	ach
Connacht ; Connacht 	/ˈpˠɑːɾˠɪc/	Pádraig
Connacht 	/ˈʊɡəd̪ˠ/	agad
Connacht 		d'inseodh
Connacht 	/ˈaxənʲiː/	achainí
Connacht ; Munster 	/ˈkon̪ˠəxt̪ˠəx/	Connachtach
Connacht 	/ˈsˠmˠoːlˠəx/	smólach
Connacht ; Munster 	/ˈɡɑːɾˠd̪ˠə/	garda
Connacht 	/ˈɡɞlʲə/	goile
Connacht ; Munster 	/koːɾʲ/	cóir
Connacht 	/ˈænʲə/	aithnigh
Connacht 	/ˈɛcɪʃə/	chuicise
Connacht 	/æn/	aithin
Connacht 	/ɡɾˠiːn̠ʲ/	gcrainn
Connacht ; Munster 	/ˈɟɪbʲə/	gibe
Connacht 	/ˈmʲɛlʲuː/	meileadh
Connacht 	/ˈɡɾˠɑːn̠ʲə/	gráinne
Connacht 	/ˈbˠæn̠ʲə/	bainne
Connacht 	/bʲiːn̠ʲ/	binn
Connacht 	/ˈɔpˠt̪ˠəx/	optach
Connacht 	/ˈtʲɾʲʊbˠl̪ˠoːdʲ/	trioblóid
Connacht 	/d̪ˠuə/	d'fhuaigh
Connacht 	/ˈfʲɾʲaɡɾˠuː/	freagairt
Connacht 	/bʲɑːn̪ˠ/	beann
Connacht 	/kl̪ˠuː/	clúmh
Connacht 	/ˈbˠʊnˠˌɑːwəɾˠ/	bunábhar
Connacht 	/ˈl̪ˠɛtʲəx/	loiteach
Connacht 	/ˈæːɾʲəɟədʲ/	airgid
Connacht 	/ˈkalʲiːnʲ/	cailín
Connacht 	/ˈæhəʃəx/	aithiseach
Connacht 	/ˈiːn̪ˠt̪ˠəx/	iontach
Connacht ; Connacht 	[ˈɑɡiː]	agaibh
Connacht 	[ˈuːŋkəlʲəxiː]	uncaileacha
Connacht ; Ulster ; Connacht 	[ˈmˠaːsˠl̪ˠuː]	maslú
Connacht 	/t̪ˠiːvˠ/	taobh
Connacht 	/ˈmˠaɾˠiː/	maraí
Connacht ; Connacht 	/ˈkuːɾˠə/	comhartha
Connacht 	/ˈad̪ˠ/	agat
Connacht 	/ˈsl̪ˠiɟ/	slog
Connacht ; Munster 	/ˈkɑsˠə/	casa
Connacht 	/əˈciːn̠ʲ/	éigin
Connacht 	/ˈbʲiːnʲʃə/	binse
Connacht 	/ˈɟal̪ˠəkɑːn̪ˠ/	gealacán
Connacht ; Connacht 	/mˠɾˠɑː/	mná
Connacht 	/ˈsˠʊn̪ˠə/	sona
Connacht ; Munster 	/ˈt̪ˠɔɡəɾʲ/	togair
Connacht ; Connacht 	/cin̪ˠ/	cion
Connacht 	/ˈdʲɛʃtʲə/	d'fheistigh
Connacht 	/ɾˠiːn̠ʲtʲ/	roinnt
Connacht 	/ˈʃuːlˠoːdʲ/	siúlóid
Connacht 	/ˈkl̪ˠɑɾˠəxiː/	cláracha
Connacht ; Ulster 	/ˈkuːn̪ˠuː/	cúnamh
Connacht 	/ˈaɾˠə/	athraigh
Connacht 	/ˈl̠ʲæpˠəxiː/	leapacha
Connacht 	/ˌɑːɾˠd̪ˠˈæsˠpˠəɡ/	ardeaspag
Connacht 	/ˈmˠɪnʲəxɑːn̪ˠ/	Muineachán
Connacht ; Ulster 	/n̠ʲax/	neach
Connacht 	/ˈɪl̠ʲə/	uille
Connacht ; Ulster 	/tʲiː/	tigh
Connacht 	/ˈkɪn̠ʲl̠ʲəx/	coinleach
Connacht ; Connacht ; Ulster 	/ɡal̪ˠ/	gal
Connacht 	/ˈdʲaɾˠəɡəx/	deargadh
Connacht 	/ˈkɪn̠ʲə/	coinnigh
Connacht 	/ˈmʲal̪ˠəx/	mealladh
Connacht 	/ˈfʲeːçuː/	féicheamh
Connacht ; Ulster 	/d̪ˠal̪ˠ/	dall
Connacht 	/ˈfˠɑːɡətʲ/	fágadh
Connacht 	/ɾˠiːn̠ʲ/	roinn
Connacht 	[ˈdʲæːɾˠəmˠəd̪ˠ]	dearmad
Connacht 	/ˈmˠɪɾʲiːnʲ/	muirín
Connacht 	/ˈɑːn/	an-
Connacht ; Ulster 	/ən̠ʲˈtʲuːɾˠ/	Iúr
Connacht 	/hɾʲiːbʲ/	thríbh
Connacht 	/ˈbˠɑːsˠiː/	básaithe
Connacht 	/ˈkɑfʲiː/	caife
Connacht 	/ˈd̪ˠɛɾʲuː/	doireadh
Connacht 	/ˈuːnʲeːɾˠə/	úinéara
Connacht 	/ˈd̪ˠɞɾʲʃə/	doirse
Connacht 	/ˈcnʲiːpˠəɾʲə/	cníopaire
Connacht 	/ˌkɑːɾˠ ˈpat̪ˠɾˠoːl̠ʲ/	carr patróil
Connacht ; Ulster 	/ˈl̪ˠuəxwəɾˠ/	luachmhar
Connacht 	/ˈciəɾˠɑːnˠ/	Ciarán
Connacht 	/ˈmˠãːhəɾʲ/	máthair
Connacht 	/mʲæh/	meá
Connacht ; Munster 	/ˈkatʲlʲɪcəx/	Caitliceach
Connacht ; Connacht 	/ˈt̪ˠaːl̪ˠə/	talamh
Connacht 	/ˈʃiːnʲətʲ/	síneadh
Connacht 	/ˈcan̪ˠə/	ceannaigh
Connacht 	/ˈkɾˠɔsˠɑːlʲ/	crosáil
Connacht 	/ˈdʲɛcətʲ/	d'fheicfeadh
Connacht 	/ˈəiɾʲiː/	éirí
Connacht 	/ˈɪlʲɑːnʲ/	oileáin
Connacht 	/ˈæɾˠə/	athraigh
Connacht ; Munster 	/ɛɾʲ ˈfˠɑd̪ˠ/	ar fad
Connacht 	/ˈd̪ˠuːnˠəx/	dúnadh
Connacht 	/ˈʃiəbˠəx/	siabadh
Connacht 	/ˈcapˠuː/	ceapadh
Connacht 	/ˈbˠl̪ˠɔɡəmˠ/	bolgam
Connacht 	/ˈt̪ˠiːd̪ˠoːɾʲ/	tuíodóireacht
Connacht 	/oːtʲ/	-ódh
Connacht 	/ˈbʲɾʲabˠuː/	breabadh
Connacht ; Munster 	/ˈbʲɛɾʲəmʲ/	beirim
Connacht 	/ˈcɾʲiəxn̪ˠiːmʲ/	críochnaím
Connacht 	/t̪ˠɾˠɑː/	tráth
Connacht 	/ˈʃɪlʲuː/	sileadh
Connacht ; Munster 	/fˠɑːɡ/	fág
Connacht ; Munster 	/ˈd̪ˠɔnˠəsˠəx/	donasach
Connacht 	/ˈd̪ˠawɑːn̪ˠ/	damhán
Connacht 	/ˈd̪ˠahuːlʲ/	dathúil
Connacht 	/ˈmˠuːn̪ˠəx/	múnadh
Connacht 	/ɾˠiːn̠ʲtʲ/	roinnt
Connacht ; Ulster 	/sˠn̪ˠasˠ/	snas
Connacht ; Munster 	/ˈtʲaŋɡə/	teanga
Connacht 	/ˈdʲiəɾˠə/	d'fhiafraigh
Connacht 	[ˈsˠkɑːn̠ˠt̠͡ɹ̝ˠuː]	scanrú
Connacht 	/ˈɔbˠlˠɑːt̪ˠəx/	oblátach
Connacht ; Ulster 	/kɾˠʊ(h)/	cruth
Connacht ; Ulster 	/bˠɪmʲ/	boim
Connacht 	/ˈfʲɛcəx/	feiceadh
Connacht ; Ulster 	/bʲɾʲeːɡ/	bréag
Connacht 	/ˈn̪ˠiːsˠkəx/	naoscach
Connacht ; Munster 	/sˠkɑfˠə/	scafa
Connacht 	/ɡlˠiː/	glaodh
Connacht 	/ˈkɪvʲɾʲiː/	cuibhrigh
Connacht ; Ulster 	/ɟeːɡ/	géag
Connacht ; Ulster 	/d̪ˠlˠuː/	dlúth
Connacht 	/ɾˠoːˈɣɔl̠ʲuːnˠəx/	róghoilliúnach
Connacht 	/l̠ʲah/	leath
Connacht 	[ˈdʲɛʃiː]	deisigh
Connacht ; 	/l̠ʲeː/	léigh
Connacht 	/ˈʃiːnʲuː/	síneadh
Connacht 	/ˈkanˠɑːlʲ/	canáil
Connacht 	/ˈpˠoːɡuː/	pógadh
Connacht ; Connacht 	/ˈhanʲic/	chonaic
Connacht ; Munster 	/ˈɛɾʲəxt̪ˠəsˠ/	oireachtas
Connacht ; Munster 	/klˠiːvˠxɾˠʊhəx/	claíomhchruthach
Connacht 	/ˈt̪ˠɾˠɞbˠloːdʲ/	trioblóid
Connacht 	/ˈæsˠpˠoːɡ/	easpag
Connacht ; Ulster 	/ˈkuːɾʲiəl̪ˠt̪ˠə/	cúirialta
Connacht 	/ˈdʲiːn̪ˠən̪ˠ/	déanann
Connacht 	/t̪ˠɾˠeː/	troithe
Connacht 	/ˈl̪ˠan̪ˠəx/	lannach
Connacht 	/ˈkɔxɑːnˠ/	cochán
Connacht 	/ˈaʃtʲɾʲuː/	aistriú
Connacht 		líonadh
Connacht 	/ˈsˠiːɾˠuː/	saoradh
Connacht ; Munster 	/ˈd̪ˠɪnʲə/	duine
Connacht 	/ˈsˠt̪ˠɾˠæːnʲʃeːɾˠə/	strainséara
Connacht 	/ˈl̪ˠɑːɾʲ/	láthair
Connacht 	/ˈbʲɾʲɛhuːnˠəsˠ/	breithiúnas
Connacht 	/ˈɾˠivʲə/	roimhe
Connacht 	/ˈɟɛlɑːn/	gealán
Connacht ; Ulster 	/ˈaʃɪc/	aisig
Connacht 	/cɛˈxiː/	cén chaoi
Connacht 	[ˈt̪ˠɑːwəxt̪ˠəx]	tábhachtach
Connacht ; Ulster 	/ˈeːl̠ʲiːnʲ/	éillín
Connacht 	/ˈd̪ˠɔnˠə/	dona
Connacht ; Ulster 	/mˠəɾˠ jal̪ˠ eɾʲ/	mar gheall ar
Connacht ; Munster 	/ˈboːhəɾʲ/	bóthair
Connacht ; Munster 	/ˈtʲɛfʲəx/	teifeach
Connacht 	/ˈat̪ˠɾˠəbˠ/	eatarthu
Connacht 	/ˈfʲiəɾˠətʲ/	fiaradh
Connacht ; Munster 	/bˠɑuɾˠ/	bodhar
Connacht 	/ˈfˠɑt̪ˠə/	fata
Connacht 	/ˈe(ː)ɾʲiː/	éirí
Connacht ; Ulster 	/ˈl̠ʲɛʃcɪ/	leisce
Connacht 	/ˈt̪ˠɔsˠiː/	tosaigh
Connacht ; Munster 	/ˈɾˠɔsˠə/	Rosa
Connacht 	[ˈmˠapˠiː]	mapaí
Connacht 	/ˈɑːtʲiː/	áití
Connacht 	[ˈpʲɛctʲuːɾˠ]	peictiúr
Connacht 	/ˈbʲɛɾʲiː/	beirigh
Connacht 	/ˈhaɾˠəʃ/	thairis
Connacht 	/ˈacəɾˠə/	aicearra
Connacht 	/ˈd̪ˠɛɾʲuː/	doireadh
Connacht 	/ˈiːhə/	ithe
Connacht 	/ˈt̪ˠɑːɾʲɟuːlʲ/	táirgiúil
Connacht 	/ˈkɾˠaɡətʲ/	cnagadh
Connacht 	/ˈfʲɾʲeːvˠəxiː/	fréamhacha
Connacht 	/ˈmˠɔɡoːɾʲ/	mogóir
Connacht ; Munster 	/d̪ˠɾˠuːxt̪ˠ/	drúcht
Connacht ; Ulster 	/ɡl̪ˠasˠ/	glas
Connacht ; Ulster 	/ˈl̠ʲɛtʲəɾʲ/	leitir
Connacht 	/ˈɡɾˠoːtʲiː/	gróite
Connacht 	/ˈnʲɛvʲuː/	neimheadh
Connacht 	/sˠl̪ˠɑːn̪ˠ ˈkɔl̪ˠət̪ˠ aɡiː/	slán codlata agaibh
Connacht 	/ˈʃan̪ˠinʲə/	seanduine
Connacht ; Ulster 	/ˈkiːɡə/	caoga
Connacht 	/ˈkɑbʲlʲeːɾˠə/	caibléir
Connacht ; Ulster 	/tʲɾʲeːnˠ/	tréan
Connacht 	[ˈbˠɾˠoːɡiː]	bróga
Connacht 	/ˈæn̪ˠəmˠsˠə/	ionamsa
Connacht 	/sˠʊ/	suigh
Connacht 	/ˈbˠɔɡəx/	bogadh
Connacht 	/oːlˠ/	ól
Connacht ; Munster 	/t̪ˠɾˠɑː/	trá
Connacht ; Connacht ; Ulster 	/ˈkaɾˠəd̪ˠ/	carad
Connacht 	/ˈdʲaɾˠkətʲ/	dearcadh
Connacht 	/ˈɪmʲaxt̪ˠ/	imeacht
Connacht ; Munster 	/l̪ˠəuɾʲ/	labhair
Connacht 	/ˈmˠahuːn̪ˠəsˠ/	maithiúnas
Connacht 	/ˌmˠɑːʃ eː də ˈhɪlʲ eː/	más é do thoil é
Connacht ; Munster 	/ˈfˠoːlˠəmʲ/	foghlaim
Connacht ; Munster 	/n̪ˠɑːdʲ/	náid
Connacht 	/ˈkɑːnʲu(ː)/	cáineadh
Connacht ; Munster 	/ˈbʲɾʲɪʃə/	briseadh
Connacht ; Munster 	/ˈɑːɾˠəsˠ/	áras
Connacht 	/ˈklˠoːʃcɾʲiːwiː/	clóscríobhaithe
Connacht ; Munster 	/ˈkuːŋ(ɡ)əx/	cúngach
Connacht ; Munster 	[ˈʃæːɡəl̪ˠ]	seagal
Connacht ; Connacht 	/ˈɑːl̪ˠən̠ʲ/	álainn
Connacht 	/ˈeːl̪ˠoː/	éaló
Connacht 	/ˈɟaɾˠɑːnˠ/	gearán
Connacht ; Munster 	/sˠɑː/	sá
Connacht 	/dʲəun̪ˠ/	deamhan
Connacht ; Munster 	/bˠiː/	buí
Connacht 	/n̠ʲaw/	neamh
Connacht 	/ˈɟaːl̪ˠt̪ˠə/	geallta
Connacht 	/ˈʃiː(h)lˠɑːnˠ/	síothlán
Connacht 	/fʲlʲɑː/	fleá
Connacht 	/mˠəil̠ʲ/	moill
Connacht ; Munster 	/coːx/	ceoch
Connacht ; Ulster 	/d̪ˠʊlˠ/	dul
Connacht 	/ˈoːɾˠɑːn̪ˠ/	amhrán
Connacht 	/ˈdʲiːsətʲ/	d'íosfadh
Connacht 	/ˈmˠat̪ˠɾˠəɾˠkəx/	matrarcach
Connacht 	/muː/	mothú
Connacht 	/ˈbˠiəxɑːnʲ/	buíocháin
Connacht 	/ˈɡɔbˠətʲ/	gobadh
Connacht 	/ˈbʲɑːɾˠəx/	bearradh
Connacht 	/ˈʃeːpʲeːl̪ˠ/	séipéal
Connacht 	/ˈdʲɾʲɑːɾˠəxiː/	deartháracha
Connacht 	/ɡliːmʲ/	dlím
Connacht ; Ulster 	/ˈcɪl̠ʲiənˠ/	Cillian
Connacht 	/ˈfʲlʲɔxəmʲ/	fliuchaim
Connacht 	/ˈavˠɾˠəsˠ/	amhras
Connacht ; Ulster 	/ˈʃl̠ʲɪʃ/	slis
Connacht 	/ˈkaɾˠt̪ˠəx/	cartadh
Connacht 	/ˈʃiːl̪ˠɾˠiː/	síolraigh
Connacht 	/ˈbˠaʃtʲətʲ/	baisteadh
Connacht 	/ˈt̪ˠɑːɾˠhɑːlʲ/	tarrtháil
Connacht 	/ˈehɪɾʲ/	ithir
Connacht 	/ˈceːsˠə/	céasadh
Connacht ; Munster 	/ˈsˠɑːlʲə/	sáile
Connacht ; Ulster 	/ˈkɪn̠ʲəlˠ/	coinneal
Connacht 	/ˈpʲʊkuː/	piocadh
Connacht 	/ˈkiːnʲuː/	cuimhniú
Connacht 	/ˈmˠuːn̠ʲtʲoːɾʲ/	múinteoir
Connacht 	/ˈd̪ˠɞɾˠəxə/	dorcha
Connacht ; Munster 	/ˈmˠuːnʲə/	múineadh
Connacht 	/ɡɾˠɑːsˠ/	gnás
Connacht 	/ˈl̪ˠʊmˠuː/	lomadh
Connacht ; Connacht 	/ˈdʲiːwɑːlʲ/	díobháil
Connacht 	/ˈin̠ʲtʲlʲiəxt̪ˠ/	intleacht
Connacht 	/ɟiːn̠ʲ/	ginn
Connacht ; Munster 	/fʲiːɾˠ/	fíor
Connacht 	/kn̪ˠɑɡ/	cnag
Connacht 	/ˈfʲiəɾˠuː/	fiaradh
Connacht 	/ˌfˠɪlʲ ˈt̪ˠɾˠuːnə/	fuil shróine
Connacht 	/sˠec/	saic
Connacht ; Ulster 	/ˈfˠɑːl̠ʲtʲə/	fáilte
Connacht 	/ˈmˠɔɾˠəɡuː/	morgadh
Connacht 	/ɡu/	guth
Connacht 	/ˈdʲiːbʲɾʲiːvˠ/	díbríodh
Connacht ; Connacht 	/ˈɑːlˠən̠ʲ/	álainn
Connacht 	/ˈɡaɾˠiː/	garraí
Connacht ; Munster 	/ˈdʲɛɾʲə/	deireadh
Connacht 	/ˈʃiəbˠətʲ/	siabadh
Connacht 	/ˈt̪ˠiːwiː/	taobhaigh
Connacht 	/ˈbˠʊsˠkə/	bosca
Connacht 	/ˈkɔɾˠətʲ/	coradh
Connacht 	/ˈəiɾʲiəxt̪ˠ/	oidhreacht
Connacht ; Munster 	/ˈmˠoːɾˠə/	móra
Connacht ; Munster 	/ˈʊmˠəsˠ/	iomas
Connacht 	/ˈfʲɾʲasˠt̪ˠəlˠiː/	freastalaí
Connacht 	/kl̪ˠʊʃ/	clois
Connacht ; Munster 	/ɑːɾˠd̪ˠ/	ard
Connacht 	/kɾˠok/	cnoc
Connacht 	/ˌd̪ˠɾˠeːd̪ˠ ˈn̪ˠuː/	Droichead Nua
Connacht 	/ˈpˠɾˠiːvˠˌxaːɾʲ/	príomhchathair
Connacht ; 	/lʲʊmˠ/	liom
Connacht 	/ˈkat̪ˠɑːnˠ/	catán
Connacht 	/dʲiːmˠ/	díom
Connacht ; Munster 	/fˠɑd̪ˠ/	fad
Connacht ; Ulster 	/ˈciːwiː/	cíobhaí
Connacht 	/ˈcæn̪ˠəxt̪ˠ/	ceannacht
Connacht 	/ˈsˠl̪ˠəin̠ʲtʲə/	sláinte
Connacht ; Ulster 	/fʲeːɾˠ/	féar
Connacht 	/ˈd̪ˠɞɾˠədʲ/	druid
Connacht 	/ˈɡeːlˠəx/	Gaelach
Connacht ; Munster 	/ˈsˠɑːsˠt̪ˠə/	sásta
Connacht 	/ˌd̪ˠɾˠəid̪ˠ ˈn̪ˠuː/	Droichead Nua
Connacht 	/ˈd̪ˠivʲəɡɑːnˠ/	duibheagán
Connacht 	/ˈkɔɡəɾˠ/	cogar
Connacht 	/əˈn̪ˠan̠ʲoːnʲ/	in ainneoin
Connacht 	/d̪ˠaun̠ʲ/	domhain
Connacht 	/ˈkan̪ˠd̪ˠɑːlʲ/	candáil
Connacht 	/ˈfˠalˠəx/	falach
Connacht 	/ˈimʲiːmʲ/	imím
Connacht 	/ˈokuː/	acu
Connacht 	/ˈciəɾˠɣʊ(vˠ)/	ciardhubh
Connacht ; Connacht 	[ˈcɪnʲiːxə]	ciníocha
Connacht 	/ˈæːmʲʃəɾʲ/	aimsir
Connacht ; Connacht 	/ˌkun̪ˠəˈmaɾˠə/	Conamara
Connacht 	/ˈl̠ʲeʃceːlˠ/	leithscéal
Connacht ; Munster 	/ˈkɔɾˠə/	coradh
Connacht 	/ˈɞɾˠə/	uirthi
Connacht 	/ˈd̪ˠɾˠəulˠɑːsˠəx/	drabhlásach
Connacht ; Ulster 	/bˠɾˠoːnˠ/	brón
Connacht ; Connacht 	/ˈmˠaːɾʲhəxiː/	máithreacha
Connacht ; Ulster 	/ˈtʲɪn̠ʲəsˠ/	tinneas
Connacht 	[ˈɾˠʊn̪ˠəx]	ronnach
Connacht 	/ˈa(h)nʲiːtʲ/	aithníodh
Connacht 	/n̠ʲæɾˠt̪ˠ/	neart
Connacht 	/ˈmˠɪnʲɑːlˠ/	muineál
Connacht 	/ˈɑnəmˠnɑxə/	anamnacha
Connacht 	/ˈpˠɑːɾˠd̪ˠuːnˠ/	pardún
Connacht 	/ˈɡɾˠiːuːlʲ/	gnaíúil
Connacht 	[kɾˠiːn̠ʲ]	crainn
Connacht ; Munster 	/ˈdʲoːɾˠə/	deora
Connacht ; Munster 	/iːʃ/	aois
Connacht 	/ˈbʲɾʲahnˠəx/	Breatnach
Connacht ; Ulster 	/ˈt̪ˠaɾˠuː/	tarbh
Connacht ; Connacht 	/ˈbˠɑlˠ(h)ə/	boladh
Connacht 	/ˈan̪ˠəmˠn̪ˠəxiː/	anamnacha
Connacht ; Munster 	/bʲɾʲoː/	breo
Connacht ; Munster ; Munster ; Ulster 	/ˈɟɾʲɪn̠ʲə/	grinne
Connacht ; Ulster 	/ˈt̪ˠɾˠiːxt̪ˠə/	traochta
Connacht 	/ˈeːɡiːnʲ/	éagaoin
Connacht 	/ˈfʲiːnʲuːnʲ/	fíniúin
Connacht 	/ˈɑːnˠ/	án
Connacht 	/ˈiːnʲʃoːtʲ/	inseodh
Connacht 	/ˈpʲɪctʲuːɾˠ/	pictiúr
Connacht 	/ˌfʲiːnˠ ˈɟælˠ/	fíon geal
Connacht 	/ˈfˠɑt̪ˠiː/	fataí
Connacht ; Connacht 	/ˈʃanˠəmˠoːɾʲ/	seanmóir
Connacht 	/ˈdʲɾʲɑːrʲəxə/	deartháireacha
Connacht 	/ˈʃciːɑːn/	sciathán
Connacht 	/ˈɡlˠɑkə/	glacadh
Connacht ; Munster 	/ax ˈeɾʲəd̪ˠ/	ach oiread
Connacht 	/ˈɑːɾʲiːmʲ/	áirím
Connacht 	/ˈsˠkal̠ʲəɡɑːnˠ/	scailleagán
Connacht 	/kaɾʲ/	cathair
Connacht 	/ˈmʲɑːnˠəx/	meánach
Connacht 	/ˈd̪ˠiːɾˠəvˠ/	daoradh
Connacht 	/ˈmˠahuː/	maitheamh
Connacht 	/ˈuːŋkəlʲ/	uncail
Connacht ; Munster 	/ˈeːʃtʲəmʲ/	éistim
Connacht ; Munster 	/sˠpˠoːl̪ˠ/	spól
Connacht 	[ˈkahiːɾʲəxə]	cathaoireacha
Connacht 	/ˈd̪ˠoːlˠhətʲ/	d'ólfadh
Connacht 	/ˈɟal̪ˠəvˠ/	gealladh
Connacht 	/tʲəi/	téigh
Connacht 	/ˈɡɾˠɑːn̠ʲə/	Gráinne
Connacht ; Munster 	/ˈkoːŋɡəɾˠəx/	cóngarach
Connacht 	/d̪ˠʊn̪ˠ/	donn
Connacht 	/ˈɟal̪ˠətʲ/	gealladh
Connacht ; Ulster 	[ˈbˠuəwəl̪ˠ]	buabhall
Connacht 	/ˈuːlˠuː/	umhlú
Connacht 	/ˈmˠaɾˠiːmʲ/	maraím
Connacht 	/ˌtʲæx ˈoːsˠt̪ˠə/	teach ósta
Connacht 	/ˈfʲlʲʊxətʲ/	fliuchadh
Connacht 	/ˈhɛcɪʃə/	chuicise
Connacht 	/ˈɡɑleːɾˠəx/	gallúnach
Connacht 	/ˈkɞl̠ʲtʲəx/	coillteach
Connacht 	/ˈkɪn̠ʲiːl̪ˠ/	coinníoll
Connacht ; Ulster 	/ˌcɪl̠ʲ ˈxan̠ʲiː/	Cill Chainnigh
Connacht 	/ˈbˠukɑːnˠ/	bacán
Connacht 	/ˈɔfˠɾˠɑːlˠəxə/	ofrálacha
Connacht 	/ˈaɾˠkɑːnˠ/	arcán
Connacht 	/ˈkʊɾˠəx/	curach
Connacht 	/sˠɪmʲ/	suim
Connacht 	/ˈɡɔwɑːlʲtʲə/	gabháilte
Connacht 	/sˠail̠ʲ/	saill
Connacht ; Munster 	/ˈfˠɑːsˠəx/	fásach
Connacht ; Connacht 	/ˈkaʃl̠ʲəwaːnˠ/	caisearbhán
Connacht ; Connacht ; Connacht 	/ˈimʲiː/	imigh
Connacht ; Munster 	/pˠoːlˠ/	Pól
Connacht 	/ˈmʲiːl̪ˠɰɪvʲ/	míol-luibh
Connacht 	/ˈɡɑːɾˠd̪ˠə ˈʃiːxɑːn̪ˠə/	Garda Síochána
Connacht 	/ˈʃæfˠoːdʲ/	seafóid
Connacht 	/ˈd̪ˠɑːɡuː/	d'fhágadh
Connacht ; Munster 	/ˈɔsˠkəɾˠ/	oscar
Connacht ; Connacht 	/ˈamˠəd̪ˠɑːn̪ˠ/	amadán
Connacht ; Munster 	/ˈfˠiːʃəvˠ/	faoiseamh
Connacht 	[ˈɑbˠəɾʲtʲiː]	abairtí
Connacht ; Munster 	/ˈdʲiːɾʲəx/	díreach
Connacht 	/ˌɡlænˈæmʃəɾʲə/	gloine aimsire
Connacht 	/t̪ˠuːmˠ/	tom
Connacht 	[ˈpˠɔt̪ˠiː]	potaí
Connacht ; Ulster 	/ˈkl̪ˠɔxə/	clocha
Connacht 	/ˈbˠanʲətʲ/	baineadh
Connacht 	/ˈɪdʲərʲˌɣiː/	idirghuí
Connacht 	/ˈfʲiːɾʲən̠ʲəx/	fírinneach
Connacht 	/ˈɡal̪ˠɑːn̪ˠ/	galán
Connacht ; Munster 	/ˈknˠaɡəɾʲə/	cnagaire
Connacht 	[ˈxiːɾʲə]	chaoirigh
Connacht ; Ulster 	/ˈkʊn̪ˠt̪ˠəɾˠ/	cuntar
Connacht 	/ˈãvˠɾˠəsˠ/	amhras
Connacht 	[ɡaːd̪ˠ]	gad
Connacht 	/ˈdʲat̪ˠəx/	deatach
Connacht 	[ˈfˠɾˠaŋkiː]	francaigh
Connacht 	/ˈd̪ˠɛlʲiː/	doiligh
Connacht 	/ˈpˠɾˠoːfʲiːlʲ/	próifíl
Connacht 	/ˈmʲiːɑːl̪ˠ/	Mícheál
Connacht ; Ulster 	/fˠiːlˠ/	faol
Connacht 	/sˠaix/	soitheach
Connacht 	/ˈeːvˠlˠoːdʲəx/	éabhlóideach
Connacht 	/kɑːmˠ/	cam
Connacht 	/ˈbˠoːhɾʲiːnʲ/	bóithrín
Connacht ; Ulster 	/ˈpʲiːn̠ʲiː/	pinginí
Connacht 	/ˈfʲiəɾˠuː/	fiaradh
Connacht 	/ˈn̪ˠol̪ˠəc/	Nollaig
Connacht 	[ˈdʲæːl̪ˠəɡ]	dealg
Connacht 	/kiːx/	caoch
Connacht 	/ˈd̪ˠɔxəsˠəx/	dúchosach
Connacht 	/ˈdʲiːsəx/	d'íosfadh
Connacht 	/ˈmʲiːˌuːn̪ˠwəɾˠ/	mífhonnmhar
Connacht 	/ˈfˠɔɾˠd̪ˠəɾˠəsˠ/	fardoras
Connacht 	/ˈsˠɾˠahnˠiː/	srathnaigh
Connacht ; Ulster 	/d̪ˠl̪ˠuː/	dlúth
Connacht 	/ˈakuːn̠ʲ/	acmhainn
Connacht 	/fˠɑːj/	fáidh
Connacht 	/ˈd̪ˠʊwəx/	dubhach
Connacht ; Munster 	/ˈsˠt̪ˠɔpˠə/	stopadh
Connacht 	/ɛɾʲˈsˠɔnˠ/	ar son
Connacht 	/ʃɾʲiən̪ˠ/	srian
Connacht 	/ˈɛləvˠən/	oileamhain
Connacht 	[ˈsˠkɾˠuːd̪ˠuː]	scrúdú
Connacht 	/ˈɡɔɾˠəx/	gorach
Connacht 	/ˈæhəɾʲ/	athair
Connacht 	/ˈclʲiəwɾˠəx/	cliabhrach
Connacht 	/ɡnˠɑːsˠ/	gnás
Connacht 	/ˈkiːnʲəx/	caoineadh
Connacht ; Ulster 	/l̠ʲeːw/	léamh
Connacht 	/ˈbˠɾˠuːn̪ˠt̪ˠən̪ˠəsˠ/	bronntanas
Connacht 	/ˈkɪʃn̠ʲəx/	cuisneach
Connacht ; Munster 	/sˠn̪ˠɑːvˠ/	snámh
Connacht ; Munster 	/ˈt̪ˠɔɾˠən̪ˠ/	torann
Connacht 	/ˈt̪ˠɞɾʲn̠ʲəx/	toirneach
Connacht 	/ˈdʲɾʲauɾˠəxə/	deirfiúracha
Connacht 	/d̪ˠɾˠuː/	dorú
Connacht ; Ulster 	/dʲlʲiː/	dligh
Connacht 	/kiːlˠ/	caol
Connacht 	/ˈæːɾʲə/	aire
Connacht 	/ˈkanˠətʲ/	canadh
Connacht 	/ˈpˠlˠɑːnˠə/	plána
Connacht ; Ulster 	/fˠɾˠiːx/	fraoch
Connacht ; Ulster 	/eːɡ/	éag
Connacht 	/ˈbˠanʲətʲ/	baineadh
Connacht 	/ˈfˠasˠkə/	foscadh
Connacht ; Ulster ; 	/ˈbʲiəlˠən̪ˠ/	bialann
Connacht 	/ˈɞɾˠəʃə/	uirthise
Connacht 	/ˈdʲɾʲɑːɾˠ/	dearthár
Connacht 	/ˈɡɪvʲə/	guí
Connacht ; Munster 	/ˈɔbˠəɾʲ/	obair
Connacht 	/lʲəi̯/	le haghaidh
Connacht 	/ˈkɾˠɪn̠ʲiː/	cruinnigh
Connacht 	/kiːl̪ˠ/	caol
Connacht 	/ˈaːɾˠuː/	athrú
Connacht 	/ˈdʲauəlˠ/	diabhal
Connacht 	/ˈaɡlˠəʃ/	eaglais
Connacht 	/woːbˠ/	uathu
Connacht 	/ˈsˠl̪ˠɔɡəx/	slogadh
Connacht 	/ˈdʲaɾˠəɡətʲ/	deargadh
Connacht 	/ˈʃiːl̪ˠɾˠə/	síolraigh
Connacht 	/ˈa(ɡə)d̪ˠ/	chugat
Connacht 	/ˈɡɾˠoːɡaːnˠ/	gróigeán
Connacht ; 	/ˈɔɾˠiː/	oraibh
Connacht 	/ˈbˠakiː/	bacaigh
Connacht 	/ˈbˠaʃtʲuː/	baisteadh
Connacht 	/ˈkɔɾˠuː/	corrú
Connacht 	/ˈeːd̪ˠoːxːəsˠ/	éadóchas
Connacht ; Munster 	/ɾˠoː/	ró
Connacht 	/d̪ˠəˈluː/	dlúth
Connacht ; Munster 	/ˈbʲɾʲiːvˠəɾˠ/	bríomhar
Connacht 	/ˈmˠaɾˠəfˠəx/	marfach
Connacht 	/ˈəuɾˠl̪ˠiː/	orlaí
Connacht ; Ulster 	/kuənˠ/	cuan
Connacht ; Connacht 	/ˈaɾʲiːmʲ/	airím
Connacht ; Ulster 	/ˈwæɟɪ/	mhaige
Connacht 	/ˈfʲiːnʲiːnʲəxəsˠ/	Fíníneachas
Connacht 	/ˈd̪ˠɑːɡəd̪ˠəɾˠ/	d'fhágadar
Connacht 	/ˈsˠkɔlˠɑːɾʲəxt̪ˠ/	scoláireacht
Connacht 	/ˈɡon̪ˠ/	gabhann
Connacht 	/ˈl̪ˠadʲənʲ/	Laidin
Connacht ; Ulster 	/ˈbˠɾˠad̪ˠiː/	bradaigh
Connacht 	/ˈpʲʊkuː/	piocadh
Connacht 	/ˌkɑt̪ˠ ˈkɾˠiːn̠ʲ/	cat crainn
Connacht ; Ulster 		Dún Dealgan
Connacht ; Munster 	/kɑːɾˠ/	carr
Connacht ; Munster 	/ˈkɔsˠkəɾʲ/	coscair
Connacht 	/ˈdʲiːnˠ æsˠ/	déan as
Connacht ; Ulster 	/ˈt̪ˠɪl̠ʲ/	tuill
Connacht 	/ˈmʲiːl̪ˠt̪ˠoːɡ/	míoltóg
Connacht 	/mʲɑːn̪ˠ/	meán
Connacht 	/ˈɪlʲɑːnˠəx/	oileánach
Connacht 	/ˈmˠuːxətʲ/	múchadh
Connacht ; Munster 	/ˈɟeːɡəx/	géagach
Connacht 	/ˈdʲɛcuː/	d'fheicfeadh
Connacht 	/ˈavlas/	aimhleas
Connacht 	/ɑːl̠ʲ/	aill
Connacht 		moladh
Connacht 	/fˠɾˠeː/	frae
Connacht 	/ˈkoɡətʲ/	cogadh
Connacht 	[ˈuːn̪ˠd̪ˠuːlʲ]	iondúil
Connacht 	/ˈdʲɞkəɾʲ/	deacair
Connacht 	/ˈʃan̪ˠəmoːɾʲiː/	seanmóirí
Connacht 	/ˈaːɾˠə/	athraigh
Connacht 	[ˈsˠkɑːn̠ˠt̠͡ɹ̝ˠə]	scanraigh
Connacht 	/t̪ˠɾˠuːmˠ/	trom
Connacht 	/ˌdʲiə ˈɣiːbʲ/	Dia dhaoibh
Connacht 	/bˠɾˠa/	braich
Connacht ; Munster 	/ɑːlʲ/	áil
Connacht 	/ˈuːsˠɑːdʲoːɾʲiː/	úsáideoirí
Connacht 	/bˠuː/	bua
Connacht 	/kl̪ˠɑːn̪ˠ/	clann
Connacht 	/ˈɑːɾʲiː/	áirithe
Connacht 	/ˈciːn̠ʲtʲə/	cinnte
Connacht 	/ˈkal̠ʲuː/	cailleadh
Connacht 	/ˈsˠkaɾˠuː/	scaradh
Connacht 	/ˈɑt̪ˠsˠə/	'adsa
Connacht 	/ˈuəlˠəhiː/	uathlathaí
Connacht 	/ˈal̪ˠt̪ˠə/	altfaidh
Connacht 	/ʃɪbʲ/	sibh
Connacht 	/ˈbˠɑːdoːɾʲəxt̪ˠ/	bádóireacht
Connacht ; Munster 	/ˈɪmʲəɾˠtʲ/	imirt
Connacht 	/ˈbˠad̪ˠɾˠɑːlʲ/	badráil
Connacht 	/fˠa/	faigh
Connacht 	[ˈkɔlˠɑːʃtʲiː]	coláistí
Connacht ; Munster 	/ɾˠɛvʲ/	raibh
Connacht 	/ˈɡauəd̪ˠ/	gabhfad
Connacht ; Ulster 	/ɛɾʲ ˈəi/	ar aghaidh
Connacht ; Connacht 	/əˈɲɑːl̪ˠ eɾʲ/	i ngeall ar
Connacht 	/iə/	ithe
Connacht ; Ulster 	/ˈiçəmˠ/	ithim
Connacht 		déan
Connacht ; Connacht 	/knɑːvʲ/	cnámh
Connacht 	/əsˠˈkuːɾʲ/	os comhair
Connacht 	/ˈfˠɔlˠkəmʲ/	folcaim
Connacht 	/ˈɡlˠuəʃəmʲ/	gluaisim
Connacht 	/ˈiːçə/	oíche
Connacht 	/ˈauən̪ˠ/	abhann
Connacht 	/ˈt̪ˠɑɾˠən/	tarraing
Connacht 	/(ə)ˈmʲasˠ(k)/	i measc
Connacht 	[ˈiːnˠiː]	ionaidh
Connacht 	/d̪ˠəˈluː/	dlúth
Connacht 	/ˈkɾˠɔxuː/	crochadh
Connacht 	/ˈfʲaɾˠən/	fearthainn
Connacht 	/ˈdʲækəɾʲ/	deacair
Connacht 	/ˈbʲæhɑʃnʲeːʃiː/	beathaisnéisí
Connacht 	/sˠauɾˠd̪ˠ/	Sord
Connacht 	/ˈdʲɛɾʲ(ə)nəx/	deireanach
Connacht 	/ˈpʲɪlʲeːɾʲ/	piléir
Connacht 	/ˈbˠʊl̪ˠɑːn/	ballán
Connacht ; Munster 	/ˈɟɾʲiːsˠəx/	gríosach
Connacht 	/ˈkoːɾˠn̪ˠətʲ/	cornadh
Connacht 	/ˈdʲiːnɪɟiː/	déanaigí
Connacht 	/fʲiːd̪ˠ/	fichead
Connacht 	/ˈfʲæɾˠəɡəx/	feargach
Connacht 	/ˈɾˠɛlʲɪɟuːnˠ/	reiligiún
Connacht 	[ˈkan̪ˠt̪ˠəlˠəx]	cantalach
Connacht 	/ˈkuːnˠiː/	cónaí
Connacht ; Munster 	/ˈcelʲəmʲ/	ceilim
Connacht 	/ˈtʲuːɾˠə/	tabharfaidh
Connacht 	/ˈbaʃ/	baithis
Connacht 	/sˠɑːw/	sámh
Connacht 	/ˈfˠal̪ˠə/	falamh
Connacht ; Munster 	/pˠlˠuk/	pluc
Connacht ; Connacht ; Ulster 	/bˠl̪ˠasˠ/	blas
Connacht 	/ˈcɛl̠ʲtʲəx/	Ceilteach
Connacht 	/d̪ˠoːbˠ/	dóibh
Connacht 	/jiːbʲ/	dhíbh
Connacht 	/ˈɡuəl̠ʲiː/	guaillí
Connacht ; Munster 	/oː/	Ó
Connacht ; Munster 	/ˈkɑːnʲə/	cáineadh
Connacht 	/əʃˈtʲæx/	isteach
Connacht 	/ˈkaɾˠt̪ˠətʲ/	cartadh
Connacht ; Ulster 	/ˈuəɟnʲəsˠ/	uaigneas
Connacht ; Munster 	[l̪ˠɑxt̪ˠ]	lacht
Connacht 	/ɡlɯːx/	glaoch
Connacht 	/l̪ˠɔx/	loch
Connacht 	/d̪ˠɑːn̪ˠ/	dán
Connacht ; Ulster 	/cɪn̠ʲ/	cinn
Connacht 	[ˈɟæl̪ˠt̪ˠəxt̪ˠ]	gealtacht
Connacht 	/fˠuəw/	fuadh
Connacht 	/ˈʃiːnʲiː/	Sínigh
Connacht ; Munster 	/ˈfˠoːlˠəmʲ/	foghlaim
Connacht 	/ˈɟɾʲiən̪ˠəx/	grianach
Connacht 	/ˈɣʊmˠsˠə/	dhomsa
Connacht ; Ulster 	/ˈsˠiːn̪ˠt̪ˠə/	saonta
Connacht ; Munster 	/hɑː/	shá
Connacht ; Ulster 	/ˈkæɾˠɪc/	carraige
Connacht 	/ˈkal̠ʲəmʲ/	caillim
Connacht 	/ˈɾˠeːsˠuːnˠ/	réasún
Connacht 	/ˈfʲɪçəd̪ˠ/	fichead
Connacht ; Ulster 	/d̪ˠl̪ˠuː/	dlúth
Connacht 	/ˈfˠɪn̠ʲuː/	fuinneamh
Connacht ; Munster 	/ˈkl̪ˠuːtʲəx/	clúiteach
Connacht 	[ˈd̪ˠɔxt̪ˠuːɾʲiː]	dochtúirí
Connacht ; Munster 	/sˠɑːlʲ/	sáil
Connacht 	/ˈiːlʲiː/	aoiligh
Connacht 	/ˈfʲɛʃcən̠ʲtʲ/	feiscint
Connacht 	[ˌkun̪ˠəˈmaːɾˠə]	Conamara
Connacht 		damnaigh
Connacht ; Munster 	/ɡɾˠɑːd̪ˠ/	grád
Connacht ; Ulster 	/ˈdʲɪvʲənʲ/	deimhin
Connacht 	[ˈpˠɾˠɑːt̪ˠiː]	prátaí
Connacht ; Munster 	/ˈpˠɔlˠən̠ʲ/	Polainn
Connacht 	[æːɾʲ]	athair
Connacht 	/ˈolˠək/	olc
Connacht 	/ˈsˠiːɾˠuː/	saoradh
Connacht 	/ˈcɾʲeːt̪ˠuːɾˠ/	créatúr
Connacht ; Connacht 	/ˈmˠɑːɾʲəxiː/	máithreacha
Connacht ; Ulster 	/bˠɾˠɪmʲ/	broim
Connacht 	/æsˠ/	as
Connacht 	/ˈdʲiːn̪ˠt̪ˠə/	déanta
Connacht 	/ˈl̠ʲanˠuːn̠ʲtʲ/	leanúint
Connacht 	/ˈbˠuəl̪ˠuː/	bualadh
Connacht 	/ˈtʲiəxt̪ˠ/	tíocht
Connacht 	/əʃˈtʲiː/	istigh
Connacht 	/ˈɪvʲə/	uibhe
Connacht 		baineadh
Connacht 	/ˈt̪ˠɔɾˠiː/	torthaí
Connacht 	/ˈkɑːbˠlˠə/	cábla
Connacht 	/ˈpʲiəxːɑːn/	piachán
Connacht 	/d̪ˠə ˈjiə/	i do dhiaidh
Connacht ; Munster 		agus
Connacht ; Ulster 	/ɾˠiːw/	ríomh
Connacht 	/ˈmʲal̪ˠətʲ/	mealladh
Connacht 	/ˈɟɑːɾˠə/	gearradh
Connacht ; Munster 	/ˈeːɾˠəx/	aerach
Connacht 	/ˈal̪ˠmˠoːn̠ʲ/	almóinn
Connacht 	/ˈaiɾʲdʲə/	airde
Connacht 	/ˈʊlˠuː/	Uladh
Connacht 	/n̪ˠuːsˠ/	nós
Connacht 	/ˈvʲɛnʲeːʃ/	Veinéis
Connacht ; Munster 	/sˠɑːn̠ʲ/	sáinn
Connacht 	/wen̠ʲ/	uainn
Connacht ; Munster 	/ˈɔlˠkə/	olca
Connacht 	/ˈdʲiːˌceːl̠ʲə/	díchiall
Connacht ; Ulster 	/ˈɡɪɾʲiːnʲ/	goirín
Connacht 	/ˈmˠɔlˠətʲ/	moladh
Connacht 	/ɡoː/	gabhfaidh
Connacht ; Connacht 	/ˈbʲal̪ˠt̪ˠənʲə/	Bealtaine
Connacht 	/ˈfʲi.ɑːn̪ˠt̪ˠəsˠ/	fiántas
Connacht 	/ˈkimʲnʲə/	cuimhne
Connacht 	/ˈcoːl̪ˠt̪ˠoːɾʲ/	ceoltóir
Connacht 	/ˈɛləvˠən/	oiliúin
Connacht ; Munster 	/ˈʃaɡəl̪ˠ/	seagal
Connacht ; Ulster 	/ˈfˠal̠ʲiː/	faillí
Connacht 	/ɡɛɾʲ/	gair
Connacht 	/ˈdʲaɾˠoːlʲ/	dearóil
Connacht 	/ɡɞl/	goil
Connacht ; Connacht 	/ˈapˠək/	acu
Connacht ; Munster 	/ˈoːɾˠn̪ˠə/	eorna
Connacht 	/əˈn̠ʲeːj/	i ndiaidh
Connacht 	/ˈɟɑːn̪ˠt̪ˠɾˠəxiː/	geanntracha
Connacht ; Munster 	/ˈkɾˠɑːfʲəx/	cráifeach
Connacht 	/ˌbˠalʲə ˈmʲɑːn̪ˠəx/	Baile Meánach
Connacht ; Munster 	/ɔsˠ/	os
Connacht ; Munster 	/ˈkoːlˠəxt̪ˠ/	comhlacht
Connacht 	/ˈal̪ˠəbˠən̪ˠəx/	Albanach
Connacht ; Munster 	/ˈkod̪ˠəlʲ/	codail
Connacht ; Munster 		agus
Connacht ; Munster 	/ˈɑːbˠəl̪ˠt̪ˠəxt̪ˠ/	ábaltacht
Connacht ; Connacht 	/ɡo/	gabh
Connacht ; Connacht 	/ˈumˠiː/	iomaí
Connacht 	/ˈɔsˠpʲədʲeːlˠ/	ospidéal
Connacht 	/ˈt̪ˠasˠt̪ˠɑːlʲ/	teastáil
Connacht 	/wætʲ/	uait
Connacht 	/ˈin̪ˠəmˠsˠə/	ionamsa
Connacht 	/ˈfʲlʲʊxuː/	fliuchadh
Connacht 	/ɛɾʲ ˈbˠəuɾˠd̪ˠ/	ar bord
Connacht 	/æn̠ʲ/	againn
Connacht 	/ˈbʲaːɾˠn̪ˠə ˈwiːl/	bearna mhíl
Connacht 	/ˈɑːɾˠd̪ˠˌɣlˠoːɾˠəx/	ardghlórach
Connacht 	/ˈdʲæɾˠəɡ/	dearg
Connacht 	/bʲeːl/	béal
Connacht ; Connacht 	/ˈbˠɑlˠ(h)ə/	baladh
Connacht ; Munster 	/ˈuəxt̪ˠə/	uachta
Connacht 	/ˈkɔɾˠɑːnˠ/	corrán
Connacht 	/ˈpˠɔbˠəl̪ˠ/	pobal
Connacht 	/aɾˠˈn̪ˠuː/	ar ndóigh
Connacht 	/ʃiəd̪ˠ/	siad
Connacht 	/ˈkɾˠɔʃiːnʲ/	croisín
Connacht 	/ˈbˠaɾˠuːlʲ/	barúil
Connacht 	/ˈd̪ˠʊn̪ˠəsˠ/	donas
Connacht ; Munster 	/ˈd̪ˠuːɾˠəxt̪ˠ/	dúracht
Connacht 	/ˈbˠaɾˠuːlʲ/	barúil
Connacht 	/ˈɑːtʲuː/	áitiú
Connacht 	/ˌt̪ˠuːnʲ əˈn̪ˠaiɾʲdʲə/	tóin in airde
Connacht 	/ˈɟaɾˠoːdʲ/	Gearóid
Connacht ; Ulster 	/sˠɾˠiːl̠ʲ/	sraoill
Connacht 	/ˈdʲɾʲɪʃəx/	driseach
Connacht 	/ˈiːn̪ˠt̪ˠəx/	iontach
Connacht 	/vʲɛtʲ/	bheadh
Connacht ; Ulster 	/ɡl̪ˠasˠ/	glas
Connacht ; Ulster 	/ˈcalˠəɡ/	cealg
Connacht 	/ˈænʲiːx/	aithníodh
Connacht 	/ˈl̠ʲaˌuəɾʲ/	leathuair
Connacht ; Munster 	/l̠ʲeːvˠ/	léamh
Connacht 	/ˈkaɾˠiː/	carria
Connacht ; Munster 	/ˈkiɾʲəmʲ/	cuirim
Connacht ; Munster 	[ˈɟɯl̪ˠə]	giolla
Connacht 	/ˈbˠlɑsˠt̪ˠə/	blasta
Connacht 	/ˈbʲɾʲɪʃəx/	briseadh
Connacht 	/ˈt̪ˠɑːɾˠl̪ˠə/	tarlaigh
Connacht 	/d̪ˠoːɾˠn̪ˠ/	dorn
Connacht 	/ˈfʲɛcətʲ/	feiceadh
Connacht 	/kiːlˠ/	caol
Connacht 	/ˈɑːtʲə/	áitigh
Connacht ; Ulster 	/ˈbʲɾʲeːdʲiːnʲ/	bréidín
Connacht ; Ulster 	/ɡɯː/	gaoth
Connacht ; Ulster 	/ˈmˠaxn̪uː/	machnamh
Connacht 	/ˈmˠaɾʲəxt̪ˠɑːlʲ/	maireachtáil
Connacht 	[ˈɾˠuː.ɑːnˠ]	ruán
Connacht 	/ˈbʲaɾˠəx/	bearradh
Connacht 	/ˈcɪnˠɑːlˠ/	cineál
Connacht 	/ˈbˠəuɾˠɑːn̪ˠ/	bodhrán
Connacht ; Munster 	/sˠɑːvˠ/	sámh
Connacht ; Ulster 	/ˈsˠɔxɾˠədʲ/	sochraid
Connacht ; Munster 	/ˈkɔsˠə/	cosa
Connacht 	/dʲeːnˠ ˈaˈwˠaxn̪uː/	déan athmhachnamh
Connacht 	/ˈɞvʲə/	uibhe
Connacht 	/ˈɞɾˠəpˠsˠən/	orthusan
Connacht 	/ˈsˠt̪ˠoːkɑːlʲ/	stócáil
Connacht ; Ulster 	/ˈfˠɔkəl̪ˠ/	focal
Connacht 	/ˈɑvl̠ʲas/	aimhleas
Connacht 	/ˈpˠoːsˠuː/	pósadh
Connacht 	/ˈmˠɔnˠəɾˠkiː/	monarcaí
Connacht ; Munster 	/ɑː/	áth
Connacht 	/ˈdʲɛɾʲuː/	deireadh
Connacht ; Munster 	/ˈmʲaɾˠə/	mearadh
Connacht 	/ˈsˠɔkɾˠiː/	socraigh
Connacht ; Munster 	/ˈɡɑːfʲəx/	gáifeach
Connacht 	/ˈklˠufʲə/	cluiche
Connacht 	[ˈaːsˠn̪ˠə]	easna
Connacht ; Connacht ; Ulster 	[ˈkasˠt̪ˠə]	casta
Connacht ; Ulster 	/kɾˠʊ(h)/	cruth
Connacht 	/ˈɛtʲəl̪ˠɑːn̪ˠ/	eitleán
Connacht ; Ulster 	/ˈaŋɡuː/	angadh
Connacht 	/ˈɑsˠiː/	asaibh
Connacht ; Ulster 	/ˈɣɪtʲʃə/	dhuitse
Connacht 	/ˈcɪn̠ʲətʲ/	cinneadh
Connacht 	/klˠiːnˠ/	claon
Connacht 	/ˈkimʲɾʲə/	cuimhne
Connacht ; 	/ˈd̪ˠɞɾˠəsˠ/	doras
Connacht ; Ulster 	/ˈaɾˠən̠ʲ/	arraing
Connacht ; Munster 	/ˈkon̪ˠəxt̪ˠə/	Connachta
Connacht 	/ˈdʲɾʲauhəɾˠ/	deirfiúr
Connacht 	/ˈdʲiːnˠ ˈaˈwˠaxn̪ə/	déan athmhachnamh
Connacht 	/ˈbˠɑnəvˠ/	banbh
Connacht 	/ˈɪn̠ʲax/	inneach
Connacht 	/ˈmˠuːxuː/	múchadh
Connacht ; Munster 	/sˠt̪ˠɑd̪ˠ/	stad
Connacht 	/ˈdʲasˠuː/	deasú
Connacht 	/ˈklˠoxɑːnˠ/	clochán
Connacht 	/ˈklˠoɡiːnʲ/	cloigín
Connacht 	/ˈl̪ˠɑːvwə/	lámhaigh
Connacht 	/ˈɟalˠəx/	gealach
Connacht 	/ɡnˠɑː/	gnáth
Connacht 	/ˈkarˠbˠɑːnˠ/	carbán
Connacht ; Munster 	/ˈmˠahəvˠ/	maitheamh
Connacht ; Connacht ; Ulster 	/fˠan̪ˠ/	fann
Connacht 	/ˈdʲiːʃl̠ʲiː/	díslí
Connacht 	/ˈkəil̠ʲtʲəx/	coillteach
Connacht 	/ˈdʲɛɾʲənˠəx/	deireanach
Connacht ; Ulster 	/ˈkiːvʲə/	caoimhe
Connacht 	/ˈmʲɪl̠ʲuː/	milleadh
Connacht 	/ˈɑɡət̪ˠsˠə/	agatsa
Connacht 	/ˈmʲɛl̠ʲoːɡ/	meilleog
Connacht ; Connacht 	/ˈt̪ˠalˠuː/	talamh
Connacht 	/ˈbˠaliː/	bailithe
Connacht 	/jiːmˠ/	dhíom
Connacht ; Munster 	/ˈkon̪ˠəxt̪ˠəx/	Connachtach
Connacht ; Munster 	/ɑːɾˠdʲ/	aird
Connacht 	[aːt̪ˠ]	at
Connacht 	/ˈnʲiːxɑːnˠ/	níochán
Connacht 	/ˈbˠɔhɑːnˠ/	bothán
Connacht 		daingean
Connacht 	[ˈɪvʲəxiː]	uibheacha
Connacht 	/d̪ˠoː/	dóigh
Connacht ; Ulster 	/ceːsˠ/	céas
Connacht ; Munster 	/d̪ˠɑːvʲ/	dáimh
Connacht 	/ˈbʲoːlˠə/	beola
Connacht ; Munster 	/ˈkɑsˠə/	casadh
Connacht 	/ˈɪlˠəɾˠ/	iolar
Connacht 	/ˈpʲʊkəx/	piocadh
Connacht 	/ˈɛlʲuː/	oileadh
Connacht 	/ˈd̪ˠoːsˠənˠ/	dósan
Connacht 	/l̪ˠəimʲ/	luím
Connacht 	/ˈaibʲɾʲɑːn/	Aibreán
Connacht ; Ulster 	/sˠpˠl̪ˠaŋk/	splanc
Connacht ; Munster 	[ˈkɑsˠt̪ˠə]	casta
Connacht ; Connacht 	/mˠɾˠiː/	mnaoi
Connacht 	/ˈt̪ˠəuxɑːn̪ˠ/	toghchán
Connacht 	/t̪ˠɾˠɑːw/	trá
Connacht ; Ulster 	[fˠɪə]	fuath
Connacht 	/ˈʃiːnʲə/	Sínigh
Connacht 	/ˈfˠatʲçiːsˠ/	faitíos
Connacht 	/ˈkʊn̪ˠt̪ˠəsˠ/	cuntas
Connacht 	/ˈɑːɾʲiː/	áirigh
Connacht ; Ulster 	/ˈkaɾˠicaxə/	carraigeacha
Connacht 	/ˈmˠamˠəx/	mamach
Connacht 	/ˈʊl̪ˠwə/	ullmhaigh
Connacht ; Munster 	/ˈɟɑːɾˠfˠəɾˠ/	gearrfar
Connacht ; Connacht 	[kaː]	caitheamh
Connacht ; Ulster 	/d̪ˠuːn̪ˠ ˈl̪ˠiːɾʲə/	Dún Laoghaire
Connacht ; Munster 	[ˈɡɑɾˠə]	gara
Connacht 	/ˈɡal̠ʲə/	Gaillimh
Connacht ; Ulster 	[ˈiːsˠə]	aosa
Connacht ; Ulster 	/ˈɟɾʲan̪ˠwəɾˠ/	greannmhar
Connacht 	/ˈd̪ˠuːʃiː/	dúisigh
Connacht 	/ˈɑsˠət̪ˠsˠə/	asatsa
Connacht 	/ɡɔbˠ/	gob
Connacht 	/ˈceːsˠuː/	céasadh
Connacht ; Ulster 	/ˈaxt̪ˠɾˠə/	eachtra
Connacht ; Munster 	/oː/	ó
Connacht ; Ulster 	/ˈl̪ˠɔɾˠəɡ/	lorg
Connacht 	/ˈn̠ʲeːlˠəx/	néalach
Connacht 	/ˈmˠuːɾˠn̪ˠaːnˠ/	murnán
Connacht ; Ulster 	/sˠiːlʲ/	saoil
Connacht ; Ulster 	/əˌn̠ʲiəɾˠˈvʲiː/	Iarmhí
Connacht 	/ɡɾˠuː/	gnóthaigh
Connacht ; Munster 	/dʲoːɾʲ/	deoir
Connacht 	/dʲæsˠ/	deas
Connacht 	/ˈd̪ˠivʲəɡɑːn̪ˠ/	duibheagán
Connacht 	/ˈxɯlʲə/	'chuile
Connacht ; Ulster 	/ˈin̠ʲʃə/	inse
Connacht 	/fˠɑːn̪ˠ/	faigheann
Connacht 	/d̪ˠoː/	dóigh
Connacht 	/bˠɞɾʲtʲ/	beirt
Connacht 	/bˠɾˠəˈd̪ˠɑːn/	bradán
Connacht 	/ˈbˠakə/	bacadh
Connacht 	/l̪ˠasˠˈt̪ˠɑːl̪ˠ/	lastall
Connacht 	/ˈuːhɑːsˠəx/	uafásach
Connacht ; Munster 	/ˈɑl̪ˠəʃ/	allais
Connacht 	/ˈd̪ˠoːlˠhəx/	d'ólfadh
Connacht ; Munster 	/pˠlˠuk/	pluc
Connacht 	/ˈd̪ˠɑːkuː/	d'fhágfadh
Connacht 	[ˈiːn̪ˠt̪ˠiː]	oícheanta
Connacht ; Munster 	/ˈɾˠɔxt̪ˠənʲ/	rochtain
Connacht 	/ˈkuːlˠəx/	cúlach
Connacht 	/ˈkɔhiː/	cothaigh
Connacht 	/ˈeːdʲiː/	éidí
Connacht 	/ˈkoːnˠɾˠə/	cónra
Connacht 	/ə ˈn̠ʲeːn̠ʲdʲiː/	in éindí
Connacht 	/kɞl̠ʲ/	coill
Connacht 	/vʲɛx/	bheadh
Connacht 	/wɑːk/	vác
Connacht 	/bˠɑːn̪ˠ/	bán
Connacht 	/ˈmˠɔɾˠəɡəx/	morgadh
Connacht 	/ˈclʲaxt̪ˠətʲ/	cleachtadh
Connacht ; Munster 	[ˈvʲoːl̪ˠt̪ˠə]	bhfeolta
Connacht ; Connacht 	/kɾɑːvʲ/	cnámh
Connacht 	/ˈbʲæn̪ˠə/	beannaigh
Connacht 	/dʲliː/	dlí
Connacht ; Munster 	/ˈbʲɾʲoːtʲə/	breoite
Connacht 	/ˈkan̪ˠd̪ˠɑːl̪ˠə/	candála
Connacht 	[ˈaːsˠpˠək]	easpag
Connacht 	/ˈtʲʊmˠɑːnˠiː/	tiománaí
Connacht ; Munster 	/coːlʲ/	ceoil
Connacht ; Munster 	/ˈdʲaɾˠəfˠəx/	dearfach
Connacht 	/ˈbˠl̪ˠɑːx/	bláthach
Connacht ; Ulster 	/ɡɯː/	gaoth
Connacht ; Ulster 	/ˈfˠɾˠæɲcɪ/	Fraince
Connacht 	/ˈɟivʲɾʲiː/	geimhrí
Connacht 	/ˈɟɞɾˠə/	giorra
Connacht 	/ˈɪlˠɾˠɑːnˠ/	iolrán
Connacht 	/ˈɟiːvʲɾʲiː/	geimhrí
Connacht 	/ˈkad̪ˠɑːnˠ/	cadán
Connacht 	/ˈdʲɾʲɑːɾʲ/	deartháir
Connacht 	/ˈfʲɾʲasˠt̪ˠəlˠiːx/	freastalaíodh
Connacht ; Munster 	[kl̪ˠoːsˠ]	clós
Connacht 	/ˈɛʃə/	eisigh
Connacht ; Munster 	/ˈfˠɑːɡən̪ˠ/	fágann
Connacht 	/ˈd̪ˠivʲəɡɑːnˠ/	duibheagán
Connacht ; Ulster 	/ˈɟlʲeːsˠɾˠə/	gléasra
Connacht ; Munster 	/ˈbˠuənʲə/	buaine
Connacht ; Munster 	/t̪ˠʊɾˠ/	tur
Connacht ; Munster 	/kɑːɾˠt̪ˠ/	cárt
Connacht 	/ˈkl̪ˠaixiː/	claíocha
Connacht ; Munster 	/ˈsˠɔɾˠkəsˠ/	sorcas
Connacht 	/ˈʃiːlˠɾˠiː/	síolraigh
Connacht 	/hɾʲiːt̪ˠ/	thríot
Connacht 	/ˈan̪ˠoːl̪ˠiː/	aineolaí
Connacht 	/ˈəibʲɾʲiː/	oibrithe
Connacht 	/fʲa(ː)/	feadh
Connacht 	/ˈeːɾʲən̪ˠiː/	Éireannaigh
Connacht 	/kɑːl̠ʲ/	caill
Connacht 	/ˈkɑnəmʲ/	canaim
Connacht 	/ˈbʲalˠə/	bealaigh
Connacht 	/l̪ˠəin̪ˠ/	luíonn
Connacht 	/ˈsˠn̪ˠiːd̪ˠoːɾʲəxt̪ˠ/	snoíodóireacht
Connacht 	/ˈdʲɪvʲəsˠ/	deimheas
Connacht ; Ulster 	/ˈl̠ʲan̪ˠu/	leanbh
Connacht ; Connacht ; Connacht 	/t̪ˠaxt̪ˠ/	tacht
Connacht ; Munster 	/d̪ˠɑː/	dá
Connacht ; Munster 	/sˠkɑvˠ/	scamh
Connacht 	/ˈɛdʲəɾʲ/	idir
Connacht 	/ˈsˠasˠənˠəx/	Sasanach
Connacht ; Ulster 	/ɡlˠasˠ/	glas
Connacht ; Ulster 	/ˈsˠmʲɪɟiːnʲ/	smigín
Connacht 	/ˈbˠɾˠʊmˠəx/	bromach
Connacht ; Munster 	/sˠpˠoːlˠ/	spól
Connacht 	/ˈkal̠ʲtʲə/	caillte
Connacht 	/ˈɔɾˠəʃə/	uirthise
Connacht 	/knˠo/	cnó
Connacht 	/ˈiːsˠətʲ/	íosfadh
Connacht 	/ˈmˠɑːʃtʲɾʲɑːsˠ/	máistreás
Connacht 	/ˈbʲaɾˠətʲ/	bearradh
Connacht ; Ulster 	[ˈkiːɡəd̪ˠ]	caogad
Connacht ; Munster 	[ˈd̪ˠɑːn̪ˠl̪ˠən̪ˠ]	dánlann
Connacht 	/ˈæhn̠ʲə/	aithinne
Connacht ; Ulster 	/ˈʃal̪ˠəɡə/	sealga
Connacht 	/kɾˠic/	cnoic
Connacht ; Ulster 	/ˈbˠiːxəsˠ/	buíochas
Connacht 	/ˈd̪ˠeːhən/	d'aithin
Connacht 	/ʃoːl̪ˠ/	seol
Connacht 	/ˈɾˠiəwoːɡ/	riabhóg
Connacht ; Munster 	/bʲoː/	beo
Connacht 	/ˈkiːmʲnʲə/	cuimhne
Connacht ; Munster 	/ɡɑsˠ/	gas
Connacht ; Ulster 	/d̪ˠal̪ˠ/	dall
Connacht 	/ˈəiɾʲiːmʲ/	éirím
Connacht 	/ɡɛɾʲ/	goir
Connacht 	/ɡaumʲ/	gabhaim
Connacht 	/ˈkɔɡiəxiː/	cogaíocha
Connacht 	/ˈɡlˠanˠuː/	glanadh
Connacht ; Ulster 	/ˈd̪ˠoːɾˠd̪ˠˌeːn̪ˠ/	dordéan
Connacht 	/ˈsˠn̪ˠiːʃiːnʲ/	snaoisín
Connacht ; Munster 	/ə ˌɣlˠuːnʲ ˈoːɡ/	glúin óg
Connacht 	/ˈan̪ˠə/	annamh
Connacht 	/ˈfʲɪhəl̪ˠ/	ficheall
Connacht 	/ˈfˠlæhəʃ/	flaithis
Connacht 	/sˠɑːl̪ˠ/	sál
Connacht 	/ˈfˠʊhə/	fúithi
Connacht 	/ˈɡɞtʲə/	goidfidh
Connacht ; Ulster 	/ˈaʃl̠ʲən̠ʲ/	aisling
Connacht 	/t̪ˠuːmˠ/	tom
Connacht ; Munster 	/ˈkoːɾˠn̪ˠə/	cornadh
Connacht 	/ˈʃiːbˠəx/	síobadh
Connacht 	/ˈaxt̪ˠɾˠɑːnˠ/	eachtrán
Connacht ; Munster 	/ˈkʊmˠə/	cuma
Connacht ; Munster 	/ˈl̪ˠɑsˠkə/	lasca
Connacht 	/ˈuːd̪ˠəɾˠɑːsˠ/	údarás
Connacht 	/ˈæʃtʲəɾʲ/	aistear
Connacht ; Munster 	/ˈklˠɑːɾˠʃəx/	cláirseach
Connacht 	/ˌbˠalə ˈbʲɾʲɪɟiːnʲ/	Baile Brigín
Connacht 	/mʲɑːnˠ/	meán
Connacht ; Ulster 	/ˈl̠ʲɪɟən̪ˠ/	ligean
Connacht ; Ulster 	/ˈt̪ˠapˠuː/	tapadh
Connacht 	/ˈt̪ˠɾˠɑːˌxlˠɑːɾˠ/	tráthchlár
Connacht ; Munster 	/d̪ˠɑːlʲ/	dáil
Connacht 	/ˈbˠɑːkɑːlʲ/	bácáil
Connacht ; Ulster 	/ɡiː/	gaoth
Connacht 	/ˈbˠakətʲ/	bacadh
Connacht ; Munster 	/ˈavˠ/	amh
Connacht 	/ˈkanˠəx/	canach
Connacht 	/ˈmʲɛlʲuː/	meileadh
Connacht 	/ˈbˠanʲən̪ˠ/	baineann
Connacht 	/ˈɟɾʲamˠiːmʲ/	greamaím
Connacht ; Connacht 	/ˈkivʲnʲiː/	cuimhnigh
Connacht ; Connacht 	/ˈsˠpˠɑːnˠə/	taispeáint
Connacht 	/wæn̠ʲ/	uainn
Connacht 	/ˈɡlɪnə/	gloine
Connacht ; Ulster 	/pʲal̪ˠ/	peall
Connacht 	/ˈklˠaiɾʲə/	cladhaire
Connacht 	/ˈɪl̪ˠɾˠɑːn̪ˠ/	iolrán
Connacht 	/kiːɾˠ/	caor
Connacht 		dona
Connacht 	/ˈl̠ʲavˠ/	leamh
Connacht 	/ˈd̪ˠɾˠamˠən̪ˠiː/	dramanna
Connacht 	/ˌl̪ˠuən̪ˠ ˈkɑːsˠkə/	Luan Cásca
Connacht 	/ˈhɞɡət̪ˠsˠə/	chugatsa
Connacht 	/ˈkoːɾˠn̪ˠuː/	cornadh
Connacht 	/ˈkɾˠɪtʲxlˠɑːɾˠiː/	cruitchláraí
Connacht 	/ˈl̠ʲeːhoːɾʲəxt̪ˠ/	léitheoireacht
Connacht 	[ˈoːkəɾʲiːnʲ]	ócairín
Connacht 	/ˈbʲin̠ʲdʲəlˠɑːnˠ/	bindealán
Connacht 	/ˈmʲal̪ˠuː/	mealladh
Connacht ; Munster 	/mˠiːvˠ/	maíomh
Connacht 	/ˈpʲiənhiː/	pianfaidh
Connacht 	/ˈɡalˠɑːn̪ˠt̪ˠə/	galánta
Connacht 	/oːsˠˈciən̪ˠ/	os cionn
Connacht 	/ˈfˠɔlˠə/	folaigh
Connacht ; Connacht ; Ulster 	/ɟɾʲeː/	gné
Connacht ; Ulster 	/sˠuːj/	súigh
Connacht 	/t̪ˠɾˠuəj/	truaí
Connacht 	/ˈɡɑd̪ˠiː/	gadaí
Connacht 	[ˈcæːxt̪ˠəɾˠ]	ceachtar
Connacht 	/ˈsˠkiːlʲətʲ/	scaoileadh
Connacht 	/pʲiːl̠ʲ/	pill
Connacht ; Munster 	/ɟlʲoː/	gleo
Connacht ; Ulster 	/l̪ˠan̪ˠ/	lann
Connacht 	/əˈmˠan̠ʲoːnʲ/	i m'ainneoin
Connacht 	/ˈɡɔbˠuː/	gobadh
Connacht 	/ˈɑːrʲeːlʲiəsˠ/	Áiréilias
Connacht 	/əuɾˠdʲ/	oird
Connacht 	/ˈkoːsˠt̪ˠiː/	cóstaí
Connacht 	[æːn̠ʲ]	againn
Connacht 	/ˈtʲukə/	tiocfaidh
Connacht 	[ˈcɑːɾˠt̪ˠiː]	ceártaí
Connacht 	/aː/	ádh
Connacht ; Ulster 	/mˠoːɾˠ/	mór
Connacht 	/ˈkuːlʲ/	cúthail
Connacht 	/ˈɾˠʊd̪ˠ/	rud
Connacht 	/ˈfʲad̪ˠoːɡ/	feadóg
Connacht 	/ˈɡaʃciəx/	gaiscíoch
Connacht 	/d̪ˠaun̪ˠ/	donn
Connacht 	/ˈfˠad̪ˠoː/	fadó
Connacht 	/ˈmʲɪsˠuːɾʲ/	miosúir
Connacht 	/ˈdʲaɾˠkəx/	dearcadh
Connacht ; Munster 	/n̠ʲiː/	nighe
Connacht ; Connacht ; Connacht ; Connacht 	/ˈxilʲə/	gach uile
Connacht 	/ˈabˠɾˠiəx/	abradh
Connacht 	/ˈbˠad̪ˠɾˠɑːlʲ/	badráil
Connacht 	/ɡɾˠɑːj/	gráigh
Connacht 	/ˈbˠɪdʲeːl̪ˠ/	buidéal
Connacht 	/ˈkolˠək/	colg
Connacht 	/ˈʃiːbˠuː/	síobadh
Connacht 	/ˈɑɾˠə/	athraigh
Connacht 	/ˈalˠpˠɑːnˠ/	alpán
Connacht ; Ulster 	/ˈdʲaɾˠkuː/	dearcadh
Connacht ; Munster 	/ˈpˠɑkə/	paca
Connacht ; Ulster 	/ˈt̪ˠoːɾʲ/	tabhair
Connacht 	/ɾˠɪn̠ʲ/	roinn
Connacht 	/ˈbˠɑːʃiːnʲ/	báisín
Connacht 	/ˈt̪ˠɑːl̠ʲuːɾʲ/	táilliúir
Connacht 	/mˠoː/	mó
Connacht 	/ˈdʲiːnˠəmʲ/	déanaim
Connacht 	/mˠiːw/	maíomh
Connacht 	/ˈeːd̪ˠɾˠəmˠ/	éadrom
Connacht ; Munster 	/ˈbˠɑxəl̪ˠ/	bachall
Connacht 	/ˈdʲɾʲɑːhəɾʲ/	deartháir
Connacht 	[ˈɟɛvʲɾʲiː]	geimhridh
Connacht 	/ˌçiːl̠ʲ ˈwan̪ˠt̪ˠɑːnʲ/	Chill Mhantáin
Connacht ; Munster 	/kl̪ˠɑːɾˠ/	clár
Connacht ; Connacht 	/ˈt̪ˠaxt̪ˠə/	tachtadh
Connacht 	/ˈmˠɔlˠhə/	molfaidh
Connacht 		inseodh
Connacht 	/ˈhɛcɪ/	chuici
Connacht ; Ulster 	/l̠ʲeːn̪ˠ/	léan
Connacht 	/ˈpˠoːɡuː/	pógadh
Connacht ; Munster 	/ˈt̪ˠʊɾˠsˠkəɾˠ/	turscar
Connacht 	/ˈaːɡlə/	eagla
Connacht ; Munster 	/ˈsˠmˠʊɡə/	smuga
Connacht 	/ɣɔmˠ/	dhom
Connacht 	/dʲɾʲɑːmˠ/	dream
Connacht 	/heːʃ/	thar éis
Connacht 	/ˈkl̪ˠuʃən̪ˠ/	cloiseann
Connacht 	/ˈkn̪ˠɑɡə/	cnagadh
Connacht ; 	/jiː/	dhi
Connacht 	/ˈʊn̪ˠt̪ˠɾˠɑːlˠəxə/	iontrálacha
Connacht 	/ˈkɔmˠoːɾˠt̪ˠəsˠ/	comórtas
Connacht 	/ˈkɑːɾˠd̪ˠɑːlʲ/	cardáil
Connacht ; Munster 	/ɑx/	ach
Connacht 	/ˈæn̪ˠəmˠ/	ionam
Connacht ; Ulster 	/ˈeːd̪ˠwəɾˠd̪ˠ/	Éadbhard
Connacht ; Connacht ; Ulster 	/ˈdʲaɾˠəmˠədʲ/	dearmaid
Connacht 	/ˈˈfʲaɾˠəɡə/	feirge
Connacht ; Ulster 	/ˈʃal̪ˠəɡ/	sealg
Connacht 	/ˈdʲɪnˠətʲ/	déanadh
Connacht ; Ulster 	[ɛə̯ɡ]	éag
Connacht 	/auɾˠd̪ˠ/	ord
Connacht 	/ˈn̪ˠuːiː/	ngnóthaí
Connacht 	/bˠɾˠuː/	bruth
Connacht ; Ulster 	/l̠ʲiəx/	liach
Connacht 	/ˈbˠukɑːn̪ˠ/	bacán
Connacht 	[cæːd̪ˠ]	cead
Connacht 	/ˈkʊn̪ˠt̪ˠəʃ/	cuntais
Connacht 	/kumˠˈɾˠɑːd̪ˠiː/	comrádaí
Connacht 	/uːl̪ˠ/	umhal
Connacht 	/ˈfʲɛcəmʲ/	feicim
Connacht 	/tʲæxt̪ˠ/	teacht
Connacht 	/ˈkanˠətʲ/	canadh
Connacht ; Ulster 	/d̪ˠɾˠɪmʲ/	droim
Connacht 	/ɡɾˠaː/	gnaithe
Connacht 	/ˈmʲal̪ˠəvˠ/	mealladh
Connacht 	/ˈkɾˠaɡəvˠ/	cnagadh
Connacht 	/ˈfˠɪn̠ʲoːɟ/	fuinneoig
Connacht 	/ˈkol̪ˠiːmʲ/	codlaím
Connacht 	/ˈkahuː/	caitheamh
Connacht 	/ɡɾˠuː/	gnó
Connacht 	/ˈɣɔmˠsˠə/	dhomsa
Connacht 	/ˈɑːɾʲə/	aire
Connacht 	/ˈmˠɔlˠətʲ/	moladh
Connacht 	/kɾˠɑːwə/	cnámha
Connacht 	/ˈbˠɾˠad̪ˠə/	bradaigh
Connacht 	/ˈɟɑːɾˠhiː/	gearrfaidh
Connacht 	/ˈʃl̠ʲiɟaːnˠ/	sligeán
Connacht 	/ˈmˠat̪ˠɑːnˠ/	matán
Connacht 	/ˈsˠanˠəsˠɑːnˠ/	sanasán
Connacht 	/ə/	bhur
Connacht ; Munster 	/d̪ˠɑː/	dá
Connacht 	/ˈfˠiːvˠəɾˠ/	faobhar
Connacht 	/ˈuːhɑːsˠ/	uafás
Connacht ; Munster 	/bˠɑː/	bá
Connacht 	/ˈl̠ʲiːnˠəvˠ/	líonadh
Connacht ; Munster 	[oːɾʲ]	óir
Connacht 	/(ə)ˈmˠɑːɾˠəx/	amárach
Connacht ; Munster 	/ˌkɑːlˠ ˈcan̪ˠən̪ˠ/	cál ceannann
Connacht 	/ˈɛvʲənˠ/	eidheann
Connacht ; Munster 	/ˈɟɾʲiən̪ˠˌd̪ˠoː/	griandó
Connacht ; Connacht 	/ˈɑɡəmˠ/	agam
Connacht 	/ɾˠɪn̠ʲ/	roinn
Connacht ; Ulster 	/ˈʊɾˠɣəu/	urghabh
Connacht 	/ˈdʲɾʲauɾˠəxiː/	deirfiúracha
Connacht ; Munster 	[ˈkɑsˠt̪ˠə]	casta
Connacht ; Ulster 	/ˈʃeːdʲuː/	séideadh
Connacht 	/ˈl̪ˠʊmˠəvˠ/	lomadh
Connacht 	/əˈnɑːl/	anáil
Connacht ; Munster 	/ˈdʲɪmˠɪtʲə/	diomaite
Connacht 	[sˠl̪ˠaːt̪ˠ]	slat
Connacht 	/ˈɡɔɾˠə/	goradh
Connacht ; Connacht ; 	/ˈxɯlʲə/(corresponding to the form	gach uile
Connacht 	/ˈl̪ˠasˠə/	lasadh
Connacht 	/ˈbˠanˠəvˠ/	banbh
Connacht 	/fʲɪn̪ˠ/	fionn
Connacht 	/mˠuːnʲ/	móin
Connacht ; Munster ; Ulster 	/ˈfʲɪhə/	fiche
Connacht 	/ˈdʲiːbˠəɾəx/	díbeartach
Connacht 	/ˈmˠɑːɾʲəxə/	máithreacha
Connacht ; Munster 	/sˠn̪ˠɑ̃ːvˠ/	snámh
Connacht 	/ˈɾˠeːsˠuːn̪ˠ/	réasún
Connacht 	/ˈt̪ˠan̪ˠiː/	tanaí
Connacht 	/ˈdʲæl̪ˠəɡ/	dealg
Connacht ; Munster 	/ˈɑːl̠ʲə/	áille
Connacht 	/ˈfˠʊlˠən̠ʲəmʲ/	fulaingím
Connacht 	/ˈæn̠ʲəɾˠ/	ainnear
Connacht 	/ˈkal̠ʲə/	cailleadh
Connacht ; Munster 	/ˈl̪ˠɑːdʲəɾʲ/	láidir
Connacht ; Ulster 	[ɟlʲɛːə̯sˠ]	gléas
Connacht 	/ˈfɔwərʲɑːnˠ/	fomhuireán
Connacht 	/ˈbʲɾʲɪʃə/	brisfidh
Connacht ; Munster 	/bˠoː/	bó
Connacht 	/ˈsˠəuɾˠiːxiː/	samhraíocha
Connacht 	/ˈʃʊpˠə/	siopa
Connacht ; Munster 	/ˈʃad̪ˠə/	seadadh
Connacht ; Munster 	/t̪ˠai(ə)ɡ/	Tadhg
Connacht 	/ˈsˠkaɾˠtʲuː/	scairteadh
Connacht 	/ˈkauɾˠn̠ʲeːl̪ˠ/	coirnéal
Connacht 	/fˠɔɾˠk/	forc
Connacht 	[ˈɾˠɔn̪ˠəx]	ronnach
Connacht 	/ˈkɔl̪ˠuːɾˠ/	colúr
Connacht 	[ˈfˠɑːɡɑːlˠəxiː]	fágálacha
Connacht 	/d̪ˠiːɾˠ/	daor
Connacht 	/ˈkɪɾʲətʲ/	cuireadh
Connacht 	/woː/	uaithi
Connacht 	/ˈpˠɪmʲciːn/	puimcín
Connacht 	/kəuɾˠ/	corr-
Connacht 	/ˈɾˠoːnˠɑːnˠ/	Rónán
Connacht 	/ɣɪn̠ʲ/	dhínn
Connacht 	/ˈbʲɛɾʲuː/	beireadh
Connacht 	/ˈɡɑːɾˠdʲiːnʲ/	gairdín
Connacht 	/ˈɪnʲtʲə/	inti
Connacht 	/ˈɟaɾəx/	gearach
Connacht ; Munster 	/ˈfˠaut̪ˠəx/	fabhtach
Connacht ; Munster 	/ˈɔt̪ˠəɾʲ/	otair
Connacht ; Ulster 	/ˈɡɔʃtʲə/	coiste
Connacht ; Ulster 	/j/	-igh
Connacht ; Ulster 	/ˈʃal̪ˠəɡ/	sealg
Connacht 	/iː ˈwa/	oíche mhaith
Connacht 	/ˈbʲaː/	beatha
Connacht 	/ˈɡɾˠɑːnˠiː/	gránaigh
Connacht 	/ˈænə/	aithne
Connacht ; Munster 	/ˈd̪ˠiːɾʲə/	daoire
Connacht 	/ˈvʲɛnʲeːʃəx/	Veinéiseach
Connacht 	/ɡliː/	glao
Connacht ; Munster 	/ˈeɾʲəxt̪ˠ/	oireacht
Connacht 	[əʃˈtʲæːx]	isteach
Connacht ; Connacht 	/ˈkolˠə/ ~ /ˈkɞlˠə/	culaith
Connacht 	/bʲæn/	bean
Connacht 	/mʲɑː/	meá
Connacht 	/ɡnˠɑːsˠ/	gnás
Connacht ; Munster 	[mˠn̪ˠɑ̃ː]	mná
Connacht 	[ˈtʲiːn̠ʲtʲɾʲəxiː]	tintreacha
Connacht ; Ulster 	/ˈɡlˠuːnʲə/	glúine
Connacht ; Ulster 	[ˈdʲɛɾʲən̠ʲ]	deirinn
Connacht 	/ɡl̪ˠasˠ/	glas
Connacht 	/ˈiːɾʲə/	aoire
Connacht 	/ˈkad̪ˠɑːn̪ˠ/	cadán
Connacht 	/ˈanəvˠ/	annamh
Connacht 	/ˈbʲɾʲabˠətʲ/	breabadh
Connacht 	/ˈd̪ˠauən/	domhain
Connacht 	/knˠic/	cnoic
Connacht 	/ˈkanˠuː/	canadh
Connacht 	/ˈd̪ˠaŋn̪ˠiːmʲ/	daingním
Connacht 	/ˈʃʊpˠəd̪ˠoːɾʲəxt̪ˠ/	siopadóireacht
Connacht 	/ˌfʲiːnˠ ˈdʲæɾˠəɡ/	fíon dearg
Connacht 	/ˈfˠɪn̠ʲoːɡə/	fuinneoga
Connacht 	[ˈsˠaɡəɾˠt̪ˠuːlʲ]	sagartúil
Connacht 	/ˈmˠaɡuː/	magadh
Connacht 	/l̠ʲəuɾˠ/	leabhar
Connacht ; Ulster 	[wɪdʲ]	bhoid
Connacht 	/ˈt̪ˠahiː/	taithí
Connacht 	/bʲæːn̪ˠ/	bean
Connacht 	/ˈɪn̪ˠəd̪ˠ/	ionat
Connacht 	/ˈɡɑl̪ˠd̪ˠɾˠə/	galar
Connacht 	/ˈpˠɾˠaːt̪ˠəsˠt̪ˠuːn̪ˠəx/	Pratastúnach
Connacht 	/ˈkɔɾˠuː/	corradh
Connacht 	/ˈmʲɑːn̪ˠəx/	meánach
Connacht ; Munster 	/ˈfˠɪɾʲəxəsˠ/	fuireachas
Connacht 	/faː/	faiche
Connacht 	/ˈbʲɛix/	beithíoch
Connacht 	/ʃeːd̪ˠ/	siad
Connacht 	/cɑːn̪ˠ/	ceann
Connacht 	/ˈbˠɑːn̪ˠə/	bánaigh
Connacht 	/ˈkɔlˠəvˠ/	colbha
Connacht ; Connacht ; Ulster 	/fˠad̪ˠ/	fad
Connacht 	[ˈɡaʃciːxə]	gaiscíocha
Connacht ; Ulster 	[ˈalˠ(ə)mənək]	almanag
Connacht 	/ɡlɯː/	glao
Connacht ; Ulster ; Connacht 	[sˠpˠl̪ˠaːŋk]	splanc
Connacht ; Ulster 	/ˌkɔlˠəmˈcɪl̠ʲə/	Colm Cille
Connacht 	/ˈpˠɑːnˠə/	pána
Connacht 	/ˈtʲiːmʲpʲəl̪ˠ/	timpeall
Connacht 	/ˈmˠɑːɾʲiːnʲ/	Máirín
Connacht 	/sˠkɛlʲ ˈxuːn̪ˠiː/	scoil chónaithe
Connacht 	/t̪ˠaʃ/	tais
Connacht ; Ulster 	/ˈcinʲuː/	cine
Connacht 	[ˈfˠaːx]	fathach
Connacht ; Munster 	/ˈpˠoːɡə/	pógadh
Connacht 	/ˈbˠaɾˠuːlˠəx/	barúlach
Connacht 	/ˈpˠɔbˠəlˠ/	pobal
Connacht ; Ulster 	/ˈdʲal̪ˠəɡ/	dealg
Connacht 	/bˠlɑsˠ/	blas
Connacht 	/d̪ˠaun̪ˠ/	donn
Connacht 	/ˈɛɾʲəd̪ˠ/	oiread
Connacht 	/ˈkuːnˠiː/	cónaí
Connacht 	/ˈsˠmˠiːnʲuː/	smaoineamh
Connacht 	/ˈtʲɾʲumˠuː/ ~ /ˈtʲɾʲimˠuː/	triomú
Connacht ; Munster 	/t̪ˠɑːn̠ʲtʲə/	táinte
Connacht ; Connacht 	/(t̪ˠə)ˈsˠpˠɑːn̠ʲtʲ/	taispeáint
Connacht 	/ˈmˠalˠə/	mala
Connacht 	/ˈɡɔɾˠə/	goradh
Connacht 	/ˈbʲal̪ˠiː/	bealaigh
Connacht 	/ˈɪlʲɑːnˠəx/	oileánach
Connacht 	/ˈt̪ˠoːɾˠuː/	tórramh
Connacht ; Ulster 	/ˈfˠuəmʲnʲuː/	fuaimniú
Connacht ; Munster 	/ˈbˠuəɾˠhə/	buartha
Connacht 	/ˈkn̪ˠɑɡəvˠ/	cnagadh
Connacht ; Ulster 	/ˈɡuəlˠən̠ʲ/	gualainn
Connacht 	/cæːɾˠk/	cearc
Connacht 	/ˌdʲeːɾˠˈd̪ˠiːnʲ/	Déardaoin
Connacht ; Munster 	/t̪ˠɑːlˠ/	tál
Connacht ; Munster 	/ˈkɔɾˠə/	corradh
Connacht 	/ˈbʲɾʲæn̪ˠəx/	Breatnach
Connacht 	/ˈɑɾˠiːmʲ/	athraím
Connacht 	/ˈɑɡəmˠsˠə/	agamsa
Connacht ; Ulster 	/sˠkaw/	scamh
Connacht 	/ˈd̪ˠiːɾˠə/	daoradh
Connacht 	/d̪ˠəˈliə/	dlí
Connacht 	/ˈbʲeːɾˠə/	béarfaidh
Connacht 	/bʲeːl/	biail
Connacht ; Munster 	/ˈsˠmʲɪɾˠ/	smior
Connacht 	/ˈɡɑuəl̪ˠ/	gabhal
Connacht ; Ulster 	/l̪ˠasˠˈt̪ˠɛɾʲ/	lastoir
Connacht 	/kiːl̪ˠ/	caol
Connacht 	/ˈcɾʲedʲvʲəx/	creidmheach
Connacht 	/ɡlɯː/	glaoigh
Connacht 	/ˈɟeːwə/	géabha
Connacht 	/ˈdʲɾʲauɾˠ/	deirfiúr
Connacht 	/ˈɟuːʃtʲiːʃ/	giúistís
Connacht 	/ˈsˠaud̪ˠɑːnˠ/	sabhdán
Connacht 	/fʲiːl̠ʲ/	fill
Connacht ; Ulster 	/ˈt̪ˠɾˠiːxt̪ˠə/	traochta
Connacht ; Ulster 	/ˈkasˠiːdʲ/	casaoid
Connacht ; Munster 	/bˠɾˠuəx/	bruach
Connacht ; Munster 	/ˈʃiəbˠə/	siabadh
Connacht ; Munster 	/ˈl̠ʲeːksˠəx/	léacsach
Connacht 	/wæmʲ/	uaim
Connacht ; Connacht 	/ˈfˠanˠəxt̪ˠ/	fanacht
Connacht 	/ʃɾʲiənˠ/	srian
Connacht 	/sˠiːɾˠ/	saor
Connacht 	/ˈin̠ʲuːnʲ/	inneoin
Connacht ; Ulster 	/ɾˠiː/	righ
Connacht 	/əˈn̠ʲasˠ/	aneas
Connacht 	/ˈdʲeːn̪ˠiː/	déanaí
Connacht ; Ulster 	/ˈt̪ˠaɾˠkəʃn̠ʲə/	tarcaisne
Connacht 	/ˈdʲæɾˠəmˠəd̪ˠ/	dearmad
Connacht 	/ʃæːn̪ˠ/	sean
Connacht ; Munster 	[ˈiːnʲʃɪ]	inse
Connacht 	/ˈd̪ˠoːlˠhuː/	d'ólfadh
Connacht 	/ˈkɾˠɪtʲiːnʲəx/	cruitíneach
Connacht 	/ˈsˠasˠən̪ˠəx/	Sasanach
Connacht 	/coːlˠ/	ceol
Connacht 	/ˈclʲæxt̪ˠə/	cleachtadh
Connacht ; Munster 	/ˈiːlʲəx/	aoileach
Connacht 	/ˈdʲaɾˠəɡuː/	deargadh
Connacht 	/ˈd̪ˠʊl̪ˠwə/	d'ullmhaigh
Connacht 	/bˠl̪ˠɑː/	bláth
Connacht 	/vʲɛtʲ/	bheadh
Connacht ; Ulster 	/bʲeːsˠ/	béas
Connacht ; Ulster 	/ʃnʲiːw/	sníomh
Connacht 	/fʲuːn̪ˠ/	fionn
Connacht 	/ˈkiːnʲətʲ/	caoineadh
Connacht 	/ˈsˠiːɾˠəvˠ/	saoradh
Connacht ; Munster 	/l̠ʲoːɾˠ/	leor
Connacht 	/mˠiːlˠ/	maol
Connacht 	[ˈʃɑːnʲiːnʲ]	Seáinín
Connacht 	/ˈkiːɾˠan̪ˠ/	caorán
Connacht 	/ˈbˠuəlˠuː/	bualadh
Connacht ; Munster 	/ˈpˠɾˠiːvˠˌxahɪɾʲ/	príomhchathair
Connacht 	/ˈbˠalʲə/	bailigh
Connacht ; Ulster 	/ˈcɪn̠ʲtʲə/	cinnte
Connacht 	/ˈkuːlˠiː/	cúlaí
Connacht ; Munster 	/ɑːtʲ/	áit
Connacht 	/ˈɾˠĩvʲə/	roimhe
Connacht 	/xɑː/	chomh
Connacht 	/bʲiəl/	biail
Connacht ; Munster 	/ˈɟul̪ˠə/	giolla
Connacht 	/ˈɡɑːlˠə/	gála
Connacht 	/ˈkal̠ʲətʲ/	cailleadh
Connacht 	/ˈfˠasˠkə/	fascadh
Connacht ; Munster 	/ˈmˠuːxə/	múchadh
Connacht 	/ˈdʲeːnən̪ˠ/	déanann
Connacht 	/ˈɡlˠanˠətʲ/	glanadh
Connacht 	/ˈhɞɡəmˠsˠə/	chugamsa
Connacht 	/ˈɟal̪ˠəx/	gealladh
Connacht 	/ˈɡɪvʲəmʲ/	guím
Connacht 	/ˈkəidʲɑːnˠəx/	caighdeánach
Connacht 	/ˈbʲɾʲaːxtʲə/	breáichte
Connacht 	/ˈbʲaɾˠəx/	bearach
Connacht 	/ˈɟaɾˠə/	gearradh
Connacht 	/fʲɾʲeːvˠ/	fréamh
Connacht 	[ˈkɾˠiːn̠ʲtʲə]	croinnte
Connacht 	/ˈsˠklˠɑːwiəxt̪ˠ/	sclábhaíocht
Connacht 	/ˈan̪ˠuː/	annamh
Connacht 	/ˈatʲəx/	aiteach
Connacht 	/l̠ʲeːdʲ/	leithéid
Connacht 	/mˠuː/	mó
Connacht ; Connacht 	/ˈɪlʲən̠ʲ/	uilinn
Connacht ; Ulster 	/ˈɡaɾˠuː/	garbh
Connacht 	/ˈcɪnˠɑːl̪ˠt̪ˠə/	cineálta
Connacht 	/ˈiːn̪ˠt̪ˠəmˠ/	ionam
Connacht ; Munster 	/ˈt̪ˠɾˠɑːhə/	trátha
Connacht 	/ˈpˠɔɾˠəɡoːdʲ/	purgóid
Connacht 	/ˈd̪ˠamˠnˠə/	damnaigh
Connacht ; Connacht ; Ulster 	/bˠlˠasˠ/	blas
Connacht 	/ˈkiːɾʲiː/	caoirigh
Connacht 	/bˠɑuɾˠdʲ/	boird
Connacht 	/ˈsˠt̪ˠɾˠatʲeːʃ/	straitéis
Connacht 	/ˈfʲɾʲasˠt̪ˠəlˠiːvˠ/	freastalaíodh
Connacht 	/ˈalˠəbˠənˠəx/	Albanach
Connacht ; Munster 	/ˈʃeːdʲəmʲ/	séidim
Connacht ; Munster 	/ˈɟuːd̪ˠəx/	Giúdach
Connacht 	/ˈpˠʊɾˠɑːʃtʲiː/	paráistí
Connacht ; Munster 	[ˈɡɾˠɑːnˠ bˠiː]	grán buí
Connacht ; Ulster 	/ˈɪɾˠuə/	Iorua
Connacht 	/kəuɾˠ/	corr
Connacht 	/ˈækəʃ/	acais
Connacht 	/ˈiəɾˠiː/	iarraidh
Connacht 	/ˈd̪ˠɞxəɾˠ/	dochar
Connacht 	/ˈkɾˠoːɟaːnˠ/	gróigeán
Connacht ; Munster 	/t̪ˠɑːvˠ/	támh
Connacht ; Munster 	/ˈsˠɑːlʲə/	sáile
Connacht ; Ulster 	/ɡɯː/	gaoth
Connacht 	/ˈd̪ˠɛɾʲəvˠ/	doireadh
Connacht 	/ˈiçɪɾʲ/	ithir
Connacht 	/kɑt̪ˠ/	cat
Connacht 	[ˈɾˠɔn̪ˠəx]	ronnach
Connacht 	/bˠænʲ/	bain
Connacht 	/l̪ˠasˠˈmˠiː/	lasmuigh
Connacht 	/ˈpʲɪlʲəbʲiːnʲ/	pilibín
Connacht 	/ˈeːɡiːnʲ/	éagaoin
Connacht 	/pˠɑul̪ˠ/	poll
Connacht 	/ˈbʲæhɑʃnʲeːʃiː/	beathaisnéisí
Connacht 	/ˈdʲiːniː/	déanaidh
Connacht 	/ˈkasˠətʲ/	casadh
Connacht 	/ˈiəɾˠɡuːlʲ/	iargúil
Connacht 	/ˈbʲɾʲabˠəx/	breabadh
Connacht 	/ˈbˠiːkɑːnˠ/	buíocán
Connacht 	/ˈbˠl̪ˠɑːn̪ˠədʲ/	bláthnaid
Connacht ; Munster 	/fˠɑːlʲ/	fáil
Connacht ; Ulster 	/ˈkaɾˠɪc/	carraig
Connacht ; Connacht 	/ˈxɞn̪ˠic/	chonaic
Connacht 	/ˈpˠɑːdʲiːnʲ/	Páidín
Connacht 	/bˠɾˠoːn/	bronn
Connacht 	/bˠɾˠuːn̪ˠ/	brón
Connacht 	/ɡliː/	glaoigh
Connacht 	/ˈɟɾeːsˠɑːnˠ/	gréasán
Connacht 	/ˈaɡəd̪ˠ/	agad
Connacht ; Munster 	/ˈbˠɑːɾˠdˠə/	barda
Connacht ; Munster 	/dʲiːl̪ˠ/	díol
Connacht 	[ˈfˠɑːn̠ʲiː]	fáinní
Connacht 	/d̪ˠuːn̪ˠ/	d'fhonn
Connacht 	/ˈfˠuːɑːlʲ/	fuáil
Connacht ; Munster 	/ˈɡai(ə)ɾˠ/	gadhar
Connacht 	/ˈbʲɛɾʲuː/	beiriú
Connacht 	/ˈjiːmˠsˠə/	dhíomsa
Connacht 	/ˈkimʲnʲuː/	cuimhniú
Connacht 	/ˈt̪ˠɑːl̠ʲuːɾʲ/	táilliúir
Connacht 	/dʲliː/	dlí
Connacht 	/ˈfʲɾʲasˠt̪ˠəlˠiːtʲ/	freastalaíodh
Connacht ; Munster 	/sˠɑ̃ːvˠ/	sámh
Connacht 	/ˈmˠuːnʲətʲ/	múineadh
Connacht 	/ˈcɪlʲiːnʲ/	cillín
Connacht 	/ˈʃcɪhɑːn/	sciathán
Connacht 	/ˈimʲəxt̪ˠ/	imeacht
Connacht 	/ˈdʲɛɾʲə(vˠ)/	deireadh
Connacht 	/ˈleːʃə/	léise
Connacht 	/ˈæɲɟəl/	aingeal
Connacht 	/ˈtʲeːl̪ˠt̪ˠoː/	téaltó
Connacht 	/ˈɑɾˠə/	athraigh
Connacht ; Ulster 	[ˈfʲaɾˠhən̠ʲə]	fearthainne
Connacht 	/ˈdʲaɡɑːn̪ˠəx/	deagánach
Connacht ; Munster 	/ˈfˠoːl̪ˠəmʲ/	foghlaim
Connacht 	/ˈakuːn̠ʲəx/	acmhainneach
Connacht 	/ˈklˠiːnˠuː/	claonadh
Connacht ; Ulster 	/sˠpʲɾʲeːj/	spréigh
Connacht 	/kuːɾʲ/	comhair
Connacht 	/ˈbˠɾˠeːd̪ˠ/	bairéad
Connacht 	/ˈt̪ˠaɾˠən̠ʲ/	tarraing
Connacht ; Munster 	/ˈklˠɔɡədʲ/	clogaid
Connacht 	/ˌbˠɑːlʲə ˈbʲɾʲɪɟiːnʲ/	Baile Brigín
Connacht 	/ˈbˠɑːsˠiː/	básaithe
Connacht 	[ˈɣaʃciːx]	ghaiscíoch
Connacht ; Munster 	/sˠɑ̃ːvˠ/	sámh
Connacht 	/ˈkɔɾˠuː/	coradh
Connacht ; Ulster 	/ˈdʲalˠəɡ/	dealg
Connacht 	/ˈkivʲnʲiːmʲ/	cuimhním
Connacht 	/ˈɛɾʲəxt̪ˠəsˠ/	Oireachtas
Connacht 	/ˈt̪ˠaɾˠən̠ʲ/	tarraing
Connacht 	[ˈʃiːbʲiːnʲ]	síbín
Connacht ; Connacht 	/ˈmˠɑːɾʲ/	máthair
Connacht 	/ˈɡɾˠoiɟanˠ/	gróigeán
Connacht ; Munster 	/ˈkɑɾˠəd̪ˠ/	carad
Connacht 	/ˈbˠakəx/	bacach
Connacht 	/ˈfʲiːnʲiːnʲ/	Fínín
Connacht 	/ɡlɑsˠ/	glas
Connacht ; Ulster 	/ˈdʲuːl̪ˠt̪ˠuː/	diúltú
Connacht 	/d̪ˠəˈluː/	dlúth
Connacht 	/ˈɟɑːɾˠhə/	gearrfaidh
Connacht 	/ˈsˠuːsˠɑːn̪ˠ/	súsán
Connacht 	/ˈdʲeːn̪ˠəx/	déanach
Connacht 	/ˈbˠanʲuː/	baineadh
Connacht 	/ˈt̪ˠapˠə/	tapadh
Connacht ; Munster 	/ˈbʲahɑʃnʲeːʃiː/	beathaisnéisí
Connacht 	/l̪ˠuə/	lú
Connacht 	/dʲɑː/	deá-
Connacht ; Munster 	/pˠl̪ˠuk/	pluc
Connacht ; Ulster 	/ʃcɾʲiːw/	scríobh
Connacht ; Connacht ; Munster 	/ˈbˠl̪ˠɑːhən̪ˠə/	bláthanna
Connacht 	/ˈiːnʲtʲɾʲəxt̪ˠ/	intleacht
Connacht 	[iː]	-fidh
Connacht ; Connacht ; Ulster 	/kasˠ/	cas
Connacht 	/ˈmˠɔlˠuː/	moladh
Connacht ; Ulster 	/ˈasˠn̪ˠə/	easna
Connacht 	/ˈpˠɾˠɔt̪ˠəsˠt̪ˠuːn̪ˠəx/	Protastúnach
Connacht 	/iː ˈwah aːd/	oíche mhaith agat
Connacht ; Munster 	/bˠɔɡ/	bog
Connacht 	/ˈbʲɾʲæːn̪ˠiːn̪ˠ/	breathnaíonn
Connacht 	/ˈʃeːdʲətʲ/	séideadh
Connacht 	/t̪ˠɾˠɑː/	tnáith
Connacht 	/bˠæʃtʲ/	baist
Connacht 	/n̪ˠiːvˠ/	naomh
Connacht 	/ɾˠiːn̠ʲ/	roinn
Connacht 	/ˈdʲɛɾʲəx/	deireadh
Connacht 	/ˈbˠæʃtʲəmʲ/	baistim
Connacht ; Connacht 	/ˈɟiːvʲɾʲə/	geimhreadh
Connacht ; Ulster 	/ˈpˠɾˠiːw/	príomh-
Connacht ; Munster 	/fˠɪlʲ/	fuil
Connacht 	/sˠmˠiːn/	smaoin
Connacht 	/ˈl̪ˠɛfˠɑːɾʲ/	lúcháir
Connacht ; Ulster 	/bʲan̪ˠ/	bean
Connacht ; Munster 	/ˈfˠɑːnˠəx/	fánach
Connacht 	/ˈaɡiː/	chugaibh
Connacht ; Munster 	/sˠɑːɾˠ/	sár
Connacht 	/ˈmakɑːn̪ˠt̪ˠə/	macánta
Connacht 		d'aithníodh
Connacht ; Munster 	/l̪ˠauɾʲ/	labhair
Connacht 	/t̪ˠiːn̠ʲ/	toinn
Connacht 	/kaɾʲ/	cathair
Connacht 	/dʲliː/	dlí
Connacht 	/ˈænʲiːn̪ˠ/	aithníonn
Connacht 	/ˈaɡoːdʲ/	agóid
Connacht ; Munster 	/ˈkɑt̪ˠə/	cata
Connacht 	/ˈʃeːdʲəvˠ/	séideadh
Connacht 	[ˈmˠɑːɾʲeːd̪ˠ]	Máiréad
Connacht ; Ulster 	/ˈʃeːdʲuː/	séideadh
Connacht 	/ˈdʲɾʲoːlˠɑːnˠ/	dreolán
Connacht 	/ˈaɾʲəxt̪ˠɑːlʲ/	aireachtáil
Connacht ; Ulster 	/uː/	-adh
Connacht 	/ˈcal̪ˠəkə/	cealgfaidh
Connacht 	/ˈɑːwəlˠ/	ábhal
Connacht ; Munster 	[ˈd̪ˠɑːnˠə]	dána
Connacht ; Munster 	/ˈbˠɑːnʲə/	báine
Connacht 	/ˈfˠɪn̠ʲə/	fuinneamh
Connacht 	/ˈɾˠivʲə/	roimhe
Connacht 	/ˈbˠlɑhiː/	bláthaí
Connacht ; Ulster 	/ɾˠan̪ˠ/	rann
Connacht 	/ˈɟɛɾˠə/	giorra
Connacht ; Connacht 	[ˈaːkəbˠ]	acu
Connacht ; Munster 	/ˈsˠkaɾˠtʲə/	scairteadh
Connacht 	/dʲiːbʲ/	daoibh
Connacht 	/ˈɛʃcəxt̪ˠ/	eisceacht
Connacht 	/ˈdʲeːɾˠ(h)ətʲ/	déarfadh
Connacht 	[ˈɔlən̪ˠ]	iothlann
Connacht 	/ˈiːn̠ʲtʲən̠ʲ/	intinn
Connacht 	/ˈt̪ˠɑːl̠ʲə/	táille
Connacht 	/ˌɑːɾˠdˠˈæɲɟəl/	ardaingeal
Connacht 	/ˈɡauən̪ˠ/	gabhann
Connacht 	/ˈai(ə)ɾˠk/	adharc
Connacht 	/ˈmʲiːnˠəx/	mianach
Connacht 	/ˈbʲɞɡɑːʃtʲə/	bagáiste
Connacht 	/ˈbˠlɑsˠt̪ˠə/	blasta
Connacht 	/ˈsˠkʊd̪ˠɑːnˠ/	scadán
Connacht 	/ˈfʲæɾˠəɡ/	fearg
Connacht 	/ˈiəɾˠiː/	iarraidh
Connacht ; Munster 	/ˈpˠɾˠɑːsˠəx/	prásach
Connacht 	/ˈfˠɑːdʲəʃ/	faighidís
Connacht 	/ˈt̪ˠɔsˠə/	tosaigh
Connacht ; 	/ˈfˠaiəx/	faigheadh
Connacht ; Munster 	/ˈʃɛnʲəmʲ/	seinm
Connacht 	/ˈɑmˠədʲəx/	amaideach
Connacht 	/d̪ˠɾˠɑd̪ˠ/	draid
Connacht 	/ˈfˠɑːɡɑːlʲ/	fágáil
Connacht 	/ˈænʲə/	aithnigh
Connacht 	/ˈaːɾʲə/	aire
Connacht 	/ˈfˠaːl̪ˠə/	folamh
Connacht 	/ˈkuːɟuː/	cúigiú
Connacht 	/ˈaɡlˠəʃ/	eaglais
Connacht ; Munster 	/ˈkɑbˠən̪ˠə/	cabanna
Connacht 	/ˈkuːmˠpˠoːɾˠtʲ/	compord
Connacht ; Ulster 	/bʲɪn̠ʲ/	binn
Connacht ; Ulster 	/n̪ˠuː/	nua
Munster ; Connacht ; Munster 	/sˠiːmʲ/	suim
Connacht ; Munster 	/ʃauk/	seabhac
Connacht 	/ˈal̪ˠt̪ˠiː/	altfaidh
Connacht 	/ɾˠɪɲc/	rinc
Connacht 	/ˈawd̪ˠaːlʲ/	admháil
Connacht 	/ˈɟoːkɑːnˠ/	geocán
Connacht 	[ˈkəiɾʲəxiː]	cathaoireacha
Connacht 	/t̪ˠuəj/	tuaighe
Connacht 	/ˈfˠɑːnˠə/	fána
Connacht 	/ˈfˠaɾˠʃən̠ʲ/	fairsing
Connacht ; Munster 	[ˈdʲɛɾʲtʲɑː]	deirteá
Connacht 	/sˠɑː/	sáigh
Connacht 	/ɡɑ(ː)ɾˠ/	gar
Connacht ; Ulster 	/kat̪ˠ/	cat
Connacht ; Munster 	/ˈkɑːrdʲəx/	cairdeach
Connacht ; Ulster 	/d̪ˠlˠuː/	dlúth
Connacht ; Munster 	/ˈmˠɔlˠə/	mola
Connacht ; Ulster 	/kl̪ˠəi/	claidh
Connacht 	/ˈəibʲrʲəxiː/	oibreacha
Connacht 	/ˈkapʲlʲə/	caiple
Connacht ; Connacht 	/ˈukɾˠəsˠ/	ocras
Connacht ; Munster 	/ˈmˠɔɾˠəɡə/	morgadh
Connacht ; Munster 	/ˈkɑɾˠɪɟ/	carraig
Munster ; Connacht 	/fˠuːn̪ˠ/	fonn
Connacht ; Munster 	/ˈsˠauɾˠə/	samhradh
Connacht 	/ˈmʲɪʃn̠ʲəx/	misneach
Connacht 	/ˈpˠoːsˠəx/	pósadh
Connacht 	/ˈeːdʲə/	éidigh
Connacht 	/mʲauɾʲ/	meabhair
Connacht 	/ˈkoːnˠiː/	cónaigh
Connacht 	/ˈkɑsˠəxt̪ˠəx/	casachtach
Connacht 	/ˈɛfʲɪc/	oifig
Connacht 	/ˈʃækl̪ˠɑːdʲ/	seacláid
Connacht 	/ˈoːɾˠɑːnˠ/	amhrán
Connacht 	/ˈɛfʲɪɟuːlʲ/	oifigiúil
Connacht 	/t̪ˠɾˠuəj/	trua
Connacht 	/ˈkilʲɑːnˠ/	coileán
Connacht ; Munster 	/ˈeːɾʲən̪ˠəx/	Éireannach
Connacht ; Munster 	/fʲausˠ/	feabhas
Connacht 	/mʲɑːnˠ/	meán
Connacht 	/ˈuːɾˠn̪ˠiː/	urnaí
Connacht 	/ˈkasˠiː/	casfaidh
Connacht ; Munster 	/ˈkatʲlʲɪcəx/	Caitliceach
Connacht 	/ˈdʲɪn̠ʲeːɾˠ/	dinnéar
Connacht 	/d̪ˠaun̪ˠ/	donn
Connacht 	/iˈciːnʲəxt̪ˠ/	éigin
Connacht 	/ˈfʲɛcɑːlʲ/	feiceáil
Connacht ; Ulster 	/ˈʃeːdʲətʲ/	séideadh
Connacht 	/ˈklˠifʲiː/	cluichí
Connacht 	/sˠiːl̪ˠ/	saol
Connacht 	/ˈuːɑːsˠəx/	uafásach
Connacht 	/ɾˠʊ/	rith
Connacht 	/ˈbˠɾˠad̪ˠəx/	bradach
Connacht ; Munster 	[ˈɟal̪ˠt̪ˠəxt̪ˠ]	gealtacht
Connacht ; Connacht ; Ulster 	/ˈpˠakə/	paca
Connacht 	/ˈl̠ʲɛfʲtʲɑːnˠ/	leifteán
Connacht 	/ˈd̪ˠɾˠiəd̪ˠoːɾʲ/	draíodóir
Connacht ; Munster 	/ˈɑŋkəɾʲə/	ancaire
Connacht 	/ˈknɔkɑːn/	cnocán
Connacht 	/ˈkɔɡəɾˠn̪ˠiːlʲ/	cogarnaíl
Connacht 		dona
Connacht 	/ˈbˠakətʲ/	bacadh
Connacht 	/ˈbʲɾʲɪʃəvˠ/	briseadh
Connacht 	/ˈænʲəxt̪ˠɑːlʲ/	aithneachtáil
Connacht ; Ulster 	/sˠiːw/	suíomh
Connacht 	/ˈsˠmʲɪl̪ˠəɡəd̪ˠɑːn̪ˠ/	smiolgadán
Connacht ; Connacht 	/ˈsˠkawoːɡiː/	scamhóga
Connacht 	/əˈciːn̠ʲtʲ/	éigin
Connacht 	/ˈd̪ˠiːɾˠuː/	daoradh
Connacht 	/ˈal̪ˠt̪ˠəx/	altadh
Connacht 	/ˈɑvlas/	aimhleas
Connacht 	/ˈd̪ˠan̠ʲoːnʲ/	d'ainneoin
Connacht 	/ˈceːsˠuː/	céasadh
Connacht 	/ˈmˠuːxuː/	múchadh
Connacht 	/pʲɑːl̪ˠ/	peall
Connacht 	/ˈt̪ˠəu.ə/	toghadh
Connacht ; Munster 	/ˈɑːɾʲəvˠ/	áireamh
Connacht 	/ˈɡɑuəlˠ/	gabhal
Connacht 	/ˈdʲiːlʲʃə/	dílse
Connacht ; Munster 	/ˈmˠɑːsˠə/	mása
Connacht ; Munster 	/ˈɡl̪ˠuːnʲə/	glúine
Connacht 	/ˈa(ɡə)mˠ/	agam
Connacht 	/ˈiən̪ˠt̪ˠəsˠ/	iontas
Connacht 	/əˈwɑːnʲ/	amháin
Connacht ; Munster 	/ˈkɪɾʲəmʲ/	cuirim
Connacht 	/ˈd̪ˠæɾˠə/	d'athraigh
Connacht 	/ˈæn̠ʲiːmʲ/	aithním
Connacht 	/bˠɾˠoːn/	brón
Connacht 	/ˈpˠɑːɾˠd̪ˠuːn̪ˠ/	pardún
Connacht 	/ˈt̪ˠɾˠɪbˠloːdʲ/	trioblóid
Connacht 	/bʲɛtʲ/	beadh
Connacht ; Munster 	/ˈcɪn̠ʲə/	cinneadh
Connacht ; Munster 	/ˈsˠɑɡəɾˠtʲ/	sagairt
Connacht ; Munster 	/ˈcɾʲɛdʲəvˠ/	creideamh
Connacht 	/ˈʊmˠlˠɑːnˠ/	iomlán
Connacht ; Munster 	/fˠɪlʲ/	fuil
Connacht 	/ˈcæːɾˠuːn̪ˠiː/	ceathrúnaí
Connacht 	/ax/	ach
Connacht 	/ˈdʲɛʃtʲiː/	d'fheistigh
Connacht 	/dʲeːn/	dian
Connacht ; Munster 	/oːɾˠ/	ór
Connacht 	[ə]	-fidh
Connacht 	/ˈmˠuːnʲuː/	múineadh
Connacht 	/ˈtʲil̠ʲətʲ/	tuilleadh
Connacht 	/ˈkoːɾˠə/	cónra
Connacht 	/ˈd̪ˠɾʊmˠɑːn̪ˠ/	dromán
Connacht 	/ˈsˠkɑːn̪ˠɾˠuː/	scanrú
Connacht ; Munster 	/sˠɑːsˠ/	sás
Connacht 	/pˠəˈɾˠɑːʃtʲiː/	paráistí
Connacht ; Munster 	/ˈɡɔbˠə/	gobadh
Connacht 	/t̪ˠɞʃ/	tomhais
Connacht 	/mˠaːsˠ/	maitheas
Connacht 	/ˈd̪ˠɑːɡətʲ/	d'fhágadh
Connacht 	/ˈtʲiː/	tithe
Connacht 	/ˈfˠɾˠaŋkəx/	Francach
Connacht 	/ˈɪlʲəvˠ/	oileadh
Connacht 	/ˈbʲɛhiəx/	beithíoch
Connacht 	/ɡliːx/	glaoch
Connacht 	/ˈsˠmʲɪlˠəɡəd̪ˠɑːnˠ/	smiolgadán
Connacht 	/ˈfˠɑːkiː/	fágfaidh
Connacht 	/amˠ/	agam
Connacht 	/ˈinʲiːnʲ/	iníon
Connacht 	/ˈɑːtʲɪhə/	áitithe
Connacht 	/dʲɪnˠ/	déan
Connacht 	/ˈpˠiːn̠ʲtʲɑːl̠ʲtʲə/	pointeáilte
Connacht ; Ulster 	/ceːd̪ˠ/	céad
Connacht 	[ˈkiːɡədʲiː]	caogaidí
Connacht ; Munster 	/ˈmʲɑːn̪ˠ/	meánn
Connacht 	/ˈuəɾʲən̪ˠt̪ˠiː/	uaireanta
Connacht 	/ətʲ/	-fadh
Connacht 	/ˈcal̪ˠəx/	ceallach
Connacht ; Munster 	/ˈkiːnʲə/	caoineadh
Connacht ; Munster 	/ˈdʲaɾˠkə/	dearcadh
Connacht 	/ˈwɑkə/	bhfaca
Connacht 	/ˈdʲiːnən̪ˠ/	déanann
Connacht 	/ˈkɾˠɪn̠ʲuː/	cruinniú
Connacht 	/ˈkɾˠapʲə/	cnaipe
Connacht 	/ˈiːn̠ʲtʲə/	inti
Connacht 	/ˈt̪ˠasˠt̪ˠə/	teastaigh
Connacht 	/imʲ/	im
Connacht ; Munster 	/ˈɟɾʲiːsˠəx/	gríosach
Connacht ; Munster 	/ˈcan̪ˠəsˠəx/	ceannasach
Connacht 	/ˈoːɾˠd̪ˠuː/	ordú
Connacht ; Munster 	/ˈn̪ˠoːɾˠə/	Nóra
Connacht 	/t̪ˠɾˠɑː/	trá
Connacht 	/amˠ/	chugam
Connacht 	/ˈɡasˠoːɡ/	gasóg
Connacht 	/bˠɑːl̪ˠ/	ball
Connacht 	/ˈmˠɑːʃtʲɾʲɑːsˠə/	máistreása
Connacht 	/ˈfˠad̪ˠɑːlˠəx/	fadálach
Connacht ; Munster 	/oː/	eo
Connacht 	/ˈd̪ˠiːɾˠətʲ/	daoradh
Connacht 	/ˈʊn̪ˠt̪ˠɾˠɑːlʲ/	iontráil
Connacht 	/ˈcapətʲ/	ceapadh
Connacht 	/ˈcapˠiː/	ceaptha
Connacht ; Munster 	/ˈmʲɪlʲəʃ/	milis
Connacht 	/ˈha(ː)nʲɪc/	tháinig
Connacht 	/ˌciːl̠ʲ ˈd̪ˠɾˠaidʲ/	Cill Droichid
Connacht ; Ulster 	/l̠ʲiə/	liath
Connacht 	/bˠɾˠa/	brath
Connacht ; Connacht 	/ˈæsˠpˠəɡ/	easpag
Connacht ; Munster 	/ˈkoːt̪ˠə/	cóta
Connacht 	/ˈkɔɾˠuː/	coradh
Connacht ; Munster 	/fʲoː/	feo
Connacht 	/ˈbˠɾˠuːn̪ˠt̪ˠənˠəsˠ/	bronntanas
Connacht 	/ɡaɾʲmʲuːlʲ/	gairmiúil
Connacht 	/ˈd̪ˠauːlʲ/	dathúil
Connacht 	/ˈɪn̪ˠiː/	ionaibh
Connacht 	/xeːn ˈd̪ˠɑːɾˠnə/	gach aon darna
Connacht 	/ˈd̪ˠɪl̠ʲoːɡʲ/	duilleog
Connacht 	/klˠuənʲ/	cluain
Connacht 	/ˈɟal̪ˠəx/	gealach
Connacht ; Munster 	/ˈpˠoːɾˠʃə/	póirse
Connacht 	/ˈbˠɾˠad̪ˠəx/	bradach
Connacht ; Munster 	/n̪ˠɑː/	ná
Connacht 	/ˈdʲiːvˠɑːl/	díobháil
Connacht 	[ˈɪmʲən̪ˠiː]	imeanna
Connacht 	/ˈt̪ˠaɾˠən̠ʲtʲ/ ~ /ˈt̪ˠɑɾˠən̠ʲtʲ/	tarraingt
Connacht 	/ˈuəɟnʲəx/	uaigneach
Connacht 	/d̪ˠəˈluː/	dlúth
