word,tags,ipa,results
-fimid,,həmʲədʲ,fʲɪmʲidʲ
-fimis,,həmʲəʃ,fʲɪmʲiʃ
-inn,,ən̠ʲ,ɪn̪n̪
-mid,,mʲədʲ,mʲɪdʲ
-sa,,sˠə,sˠɑ
-san,,"sˠənˠ, sˠən̪ˠ",sˠɑn̪
-ím,,iːmʲ,ɪmʲ
-íos,,iːsˠ,ɪsˠ
-ítear,,iːtʲəɾˠ,ɪtʲəɾˠ
-ófá,,"oːfˠaː, oːhaː",ɔfˠə
-óimid,,oːmʲədʲ,ɛmʲidʲ
-ós,,oːsˠ,ɔsˠ
Airméanach,,ˈaɾʲəmʲeːnˠəx,aiɾʲmʲən̪əx%1
Airméinis,,ˈaɾʲəmʲeːnʲəʃ,aiɾʲmʲən̪iʃ
Alastar,,ˈal̪ˠəsˠt̪ˠəɾˠ,ɑl̪əsˠt̪əɾˠ
Albain,,"ˈalˠəbˠənʲ, ˈal̪ˠəbˠənʲ",ɑlbʲən̪
Baile Brigín,Connacht,"ˌbˠalə ˈbʲɾʲɪɟiːnʲ, ˌbˠælə ˈbʲɾʲɪɟiːnʲ, ˌbˠɑːlʲə ˈbʲɾʲɪɟiːnʲ",bʲail̪ə bɾʲɪɟən̪
Bairbre,,ˈbˠaɾʲəbʲɾʲə,bʲaiɾʲbɾʲi
Bascais,,ˈbˠasˠkəʃ,bˠɑsciʃ
Bré,,bʲɾʲeː,bɾʲɛ
Carghais,Connacht,ˈkaɾˠiːʃ,kɑrɟçiʃ
Ceallach,Connacht,ˈcal̪ˠəx,cɑl̪l̪əx%1
Ch,,"x, ç",k
Cheatharlach,Munster; Connacht,ˈçahəɾˠl̪ˠəx,cçɑt̪həɾˠl̪əx%1
Cincís,Connacht,ˈcɪɲciːʃ,cɪnciʃ
Cóiréis,Connacht,ˈkoːɾʲeːʃ,cɛɾʲiʃ
Daingean,Connacht,"ˈd̪ˠaŋənˠ, ˈd̪ˠaŋən̪ˠ, ˈd̪ˠæŋənˠ, ˈd̪ˠæŋən̪ˠ",dʲainɟən̪
Deirdre,,ˈdʲɛɾˠdʲɾʲə,dʲɛɾʲdɾʲi
Deireadh Fómhair,,dʲeɾʲə fuːwəɾʲ,dʲɛɾʲə%1 fˠɛmʲçiɾʲ
Dia dhuit,,ˌdʲiə ˈɣɪtʲ,dʲiə d̪hɪtʲ
Dia duit,,ˌdʲiə ˈd̪ˠɪtʲ,dʲiə d̪ɪtʲ
Eastóinis,,"asˠˈtˠoːnʲɪʃ, ˈasˠtˠoːnʲɪʃ",ɑstʲən̪iʃ
Feardorcha,,ˈfʲaɾˠd̪ˠɔɾˠəxə,fʲæɾˠd̪əɾˠkhə
Fearghas,Connacht,ˈfʲæːɾˠiːsˠ,fʲæɾˠghəsˠ
Fine Gael,,ˌfʲɪnʲə ˈɡeːlˠ,fʲɪn̪ə ɟeːl̪
Fionlainnise,,ˈfʲɪn̪ˠl̪ˠən̠ʲɪʃə,fˠɪn̪l̪ən̪n̪iʃi
Fraincis,,ˈfˠɾˠaɲcɪʃ,fɾʲainciʃ
Gaedhlaing,,ˈɡeːlɪɲ,ɟeːdʲhl̪əng
Garda Síochána,Connacht,"ˈɡɑːɾˠd̪ˠə ˈʃiːxɑːnˠə, ˈɡɑːɾˠd̪ˠə ˈʃiːxɑːn̪ˠə",gɑɾˠd̪ə sˠɪkhən̪ə
Giúdach,Munster; Connacht,ˈɟuːd̪ˠəx,ɟɪəd̪əx%1
Idirlíon,,"-ˌl̠ʲiːnˠ, ˈɪdʲəɾʲˌl̠ʲiːn̪ˠ",ɪdʲiɾʲl̪ən̪
Iúil,,uːlʲ,ɪəl̪
Laois,,l̪ˠiːʃ,l̪ɑiʃ
Mhacha,,ˈwaxə,mˠhɑkhə
Muileann gCearr,,"ənˠ ˌmˠɪlʲən̪ˠ ˈɟɑːɾˠ, ən̪ˠ ˌmˠɪlʲən̪ˠ ˈɟɑːɾˠ",mˠɪl̪ən̪ˠ%1 gcæɾˠɾˠ
Méibhín,,ˈmʲeːvʲiːnʲ,mʲɛbʲçən̪
Nc,,"ŋk, ɲc",nk
Niocláis,,ˈn̠ʲɪklˠaːʃ,n̪ɪkl̪iʃ
Nollag,Connacht,ˈn̪ˠolˠək,n̪ɔl̪l̪əg
Ní,,nʲiː,n̪ɪ
Protastúnach,Connacht,ˈpˠɾˠɔt̪ˠəsˠt̪ˠuːn̪ˠəx,pˠɾˠɔt̪əsˠt̪ən̪əx%1
Rosa,Munster; Connacht,ˈɾˠɔsˠə,ɾˠɔsˠə
Ruairí,,ˈɾˠuəɾʲiː,ɾʲuaiɾʲi
Sh,,h,s
Shligigh,Connacht,ˈhlʲɪɟiː,sˠhl̪ɪɟiɟ
Séarlas,,ˈʃeːɾˠl̪ˠəsˠ,ʃæɾˠl̪əsˠ
Tarbh,Connacht,ˈt̪ˠaɾˠuː,t̪ɑɾˠəb
Tiarna,,ˈtʲiəɾˠn̪ˠə,tʲiəɾˠn̪ə
Tibéidis,Connacht,ˈtʲɪbʲeːdʲəʃ,tʲɪbʲidʲiʃ
Trá Lí,Connacht,t̪ˠɾˠɑː ˈl̠ʲiː,t̪ɾˠɑ l̪ɪ
Tuircis,,ˈt̪ˠʊɾʲcɪʃ,t̪ɪɾʲciʃ
Vín,,vʲiːnʲ,vɪn̪
a lán,Munster; Connacht,əˈl̪ˠɑːnˠ,ɑ l̪ɑn̪
ab,,"abˠ, əbˠ",ɑbˠ
abhainn,Connacht,əun̠ʲ,əun̠ʲ
abhrasóir,Connacht,ˈavˠɾˠəsˠoːɾʲ,ɑbˠhɾˠiʃiɾʲ
abras,,ˈabˠɾˠəsˠ,ɑbˠɾˠəsˠ
achoimre,,ˈaˌxɪmʲɾʲə,ɑcçimʲɾʲi
acústaic,,əˈkuːsˠt̪ˠɪc,ɑkəstʲic
aeir,,eːɾʲ,eːiɾʲ
aerfort,,ˈeːɾˠfɔɾˠt̪ˠ,eːɾʲfˠəɾˠt̪
agaibh,Aran; Connacht,ˈɑɡiː,ɑɟibʲ
agaibhse,,ˈaɡəvʲʃə,ɑɟibʲhʃi
agair,,ˈaɡəɾʲ,ɑɟiɾʲ
agat,Cois-Fharraige; Connacht,ˈaː(ɡə)d̪ˠ,ɑgət̪
aghaidh,Aran; Connacht,ai,ɑɟçiː%1
aiceann,,ˈacən̪ˠ,aicən̪ˠ%1
aidiacht,Connacht,ˈadʲiəxt̪ˠ,aidʲəkht̪
aige,Connacht,ˈeɟ(ə),aiɟi
aigéan,,aɟeːnˠ,aiɟən̪
ailm,,ˈa.lʲəmʲ,ail̪mˠ
ainmfhocal,,ˈanʲəmʲˌɔkəl̪ˠ,ain̪mˠfˠhəkəl̪
ainrialaí,,ˈanʲˌɾˠiəlˠiː,ainɾʲəl̪ə
airc,,aɾʲc,ɑːɾʲk
aire,Connacht,"ˈaːɾʲə, ˈæːɾʲə, ˈɑːɾʲə",aiɾʲi
airgead,,"ˈaɾʲəɟəd̪ˠ, ˈæɾʲəɟəd̪ˠ, ˈɑɾʲəɟəd̪ˠ",aiɾʲɟəd̪
airneán,Connacht,ˈaːɾˠn̠ʲaːnˠ,aiɾʲn̪ən̪
ais,,aʃ,aiʃ
aisteoir,Connacht,ˈaʃtʲoːɾʲ,aiʃtʲoːiɾʲ
aithreacha,,ˈahɾʲəxə,aitʲhɾʲəkhə
ala,,ˈalˠə,ɑl̪ə
alt,,al̪ˠt̪ˠ,ɑl̪t̪
amadáin,Connacht,ˈamˠəd̪ˠɑːnʲ,ɑmˠidʲən̪
amadán,Connacht,"ˈamˠəd̪ˠɑːnˠ, ˈumˠəd̪ˠaːnˠ",ɑmˠəd̪ən̪
amanna,,ˈamˠən̪ˠə,ɑmˠən̪n̪ə
amharclann,,ˈəuɾˠklˠən̪ˠ,ɑmˠhəɾˠkl̪ən̪ˠ%1
an té,,ə(n̠ʲ)ˈtʲeː,ɑn̪ tʲɛ
anamacha,,ˈanˠəmˠəxə,ɑn̪əmˠəkhə
anchúinse,Connacht,ˈanˠxuːn̠ʲʃə,ɑn̪khənʃi
anglaise,,ˈaŋɡləʃə,ɑn̪gl̪iʃi
aoibheallach,Munster; Connacht,ˈiːvʲəl̪ˠəx,ɑibʲçəl̪l̪əx%1
aoil,,iːlʲ,ɑəl̪
aoine,,ˈiːnʲə,ɑən̪ə
aois,Ulster; Munster; Connacht,iːʃ,ɑiʃ
ar a fhad,,əɾʲˈad̪ˠ,ɑːɾˠ ɑ fˠhɑd̪
ar bith,,"əˈbʲɪ(h), ɛɾʲˈbʲɪ(h)",ɑːɾˠ bʲɪtʲ
ar dtús,,əɾˠˈd̪ˠuːsˠ,ɑːɾˠ d̪t̪ɔsˠ
ar oscailt,,ɛɾʲ ˈɔsˠkɪlʲtʲ,ɑːɾˠ ɔscəl̪t̪
ardghlórach,Connacht,ˈɑːɾˠd̪ˠˌɣlˠoːɾˠəx,ɑɾˠd̪ghl̪əɾˠəx%1
arú,Connacht,ˈaɾˠuː,ɑɾˠə
arú amárach,,əɾˠuːˈmˠɑːɾˠəx,ɑɾˠə ɑmˠəɾˠəx%1
as a chéile,,asˠ ə ˈçeːlʲə,ɑsˠ ɑ cçɛl̪ə
ata,,ˈat̪ˠə,ɑt̪ə
ath-,,ah,ɑt̪
athfhás,,ˈaˌhɑːsˠ,ɑt̪hfˠhəsˠ
athraithe,,ˈahɾˠɪhə,ɑt̪hɾʲitʲçi
athrú,,ˈahɾˠuː,ɑt̪hɾˠə
atáim,Munster; Connacht,əˈt̪ˠɑːmʲ,ɑtʲimʲ
b',,"bʲ, bˠ",bʲ
bP,,"bʲ, bˠ",bˠpˠ
ba,,"bˠə, bˠəj",bˠɑ
bacáil,,ˈbˠakælʲ,bˠɑcəl̪
badhbh,,bˠəivˠ,bˠɑd̪hb
badráil,Connacht,ˈbˠad̪ˠɾˠɑːlʲ,bˠɑdɾʲəl̪
bagar,,ˈbˠaɡəɾˠ,bˠɑgəɾˠ
bailte,,ˈbˠal̠ʲtʲə,bʲailtʲi
baladh,,ˈbˠalˠ(h)uː,bˠɑl̪ə%1
ballaí,,ˈbˠal̪ˠiː,bˠɑl̪l̪ə
banaltra,,ˈbˠanˠəl̪ˠt̪ˠɾˠə,bˠɑn̪əl̪t̪ɾˠə
banc,,bˠaŋk,bˠɑnk
baol,,"bˠeːlʲ, bˠiːlʲ, bˠɯːɣəlʲ, bˠɯːɣəlˠ, eː, iː, ɣ, ɯː",bˠɑəl̪
baoth,Ulster; Connacht,bˠiː,bˠɑət
barúil,Connacht,ˈbˠaɾˠuːlʲ,bˠɑɾˠəl̪
beach chapaill,,bʲax ˈxapˠəl̠ʲ,bʲəx%1 khɑpʲəl̪l̪
bearr,Munster; Connacht,bʲɑːɾˠ,bʲɑːɾˠɾˠ
beartach,Connacht,ˈbʲaɾˠt̪ˠəx,bʲæɾˠt̪əx%1
beimid,,ˈbʲɛmʲədʲ,bʲɛmʲidʲ
beir,,bʲɛɾʲ,bʲəiɾʲ
beirimid,,ˈbʲɛɾʲəmʲədʲ,bʲɛɾʲimʲidʲ
beirir,,ˈbʲɛɾʲɪɾʲ,bʲɛɾʲiɾʲ
beirt,,bʲɛɾˠtʲ,bʲəiɾʲt̪
beithir,,ˈbʲɛhəɾʲ,bʲɛtʲçiɾʲ
beoir,Munster; Connacht,bʲoːɾʲ,bʲoːiɾʲ
bhaist,Ulster; Connacht,waʃtʲ,bʲçaiʃt̪
bhearr,Munster; Connacht,vʲɑːɾˠ,bʲçæɾˠɾˠ
bheinn,,vʲɛn̠ʲ,bʲçɛn̪n̪
bheirid,,ˈvʲɛɾʲədʲ,bʲçɛɾʲidʲ
bhfadhb,Ulster; Connacht,wəibˠ,bˠhfˠɑd̪hbˠ
bhfarraigí,Connacht,ˈwaɾˠəɟiː,bˠhfˠɑrɾʲiɟi
bhfeadh,Connacht,vʲa,bˠhfʲə%1
bhfeicinn,,,bˠhfʲɛcən̪n̪
bhfeoil,Munster; Connacht,vʲoːlʲ,bˠhfʲoːəl̪
bhflatha,Ulster; Connacht,ˈwlˠahə,bˠhfˠl̪ɑt̪hə
bhfréimh,,vʲrʲeːvʲ,bˠhfɾʲɛmʲ
bhfuilimid,,ˈwɪlʲəmʲədʲ,bˠhfˠɪl̪imʲidʲ
bhia,,vʲiə,bʲçiə
bhialann,,ˈvʲiəl̪ˠən̪ˠ,bʲçiəl̪ən̪ˠ%1
bhod,Ulster; Connacht,wɔd̪ˠ,bˠhɔd̪
bhog,Connacht,wɔɡ,bˠhʊg
bhranda,,ˈvˠɾˠan̪ˠd̪ˠə,bˠhɾˠɑn̪d̪ə
bhreoiteacht,Munster; Connacht,ˈvʲɾʲoːtʲəxt̪ˠ,bˠhɾʲoːitʲəkht̪
bhuail,Ulster; Connacht,wuəlʲ,bʲçuaəl̪
bháisteach,,ˈwaːʃtʲəx,bʲçaiʃtʲəx%1
bhíobhair,,ˈvʲiːwəɾʲ,bˠhɪbʲçiɾʲ
bhíomar,,ˈvʲiːmˠəɾˠ,bˠhɪmˠəɾˠ
bhíteá,,ˈvʲiːtʲaː,bʲçɪtʲi
bialann,Ulster; also; Connacht,ˈbʲiəlˠən̪ˠ,bʲiəl̪ən̪ˠ%1
bile,,ˈbʲɪlʲə,bʲɪl̪ə
bleácach,,ˈbʲlʲɑːkəx,bˠl̪ɑkəx%1
bliana,,ˈbʲlʲiən̪ˠə,bˠl̪iən̪ə
bog,Munster; Connacht,bˠɔɡ,bˠʊg
boird,,bˠoːɾˠdʲ,bʲəiɾʲd̪
bpáiste,Munster; Connacht,ˈbˠɑːʃtʲə,bpʲaiʃtʲi
brabúsach,Connacht,ˈbˠɾˠabˠuːsˠəx,bˠɾˠɑbˠəsˠəx%1
breab,,bʲɾʲabˠ,bɾʲɑbˠ
briosca,,ˈbʲɾʲɪsˠkə,bˠɾˠɪsˠkə
brocach,Connacht,ˈbˠɾˠokəx,bˠɾˠʊkəx%1
brod,,bˠɾˠod̪ˠ,bˠɾˠɔd̪
broic,,bˠɾˠɪc,bɾʲɛc
bronnaim,Munster; Connacht,"ˈbˠɾˠɔn̪ˠəmʲ, ˈbˠɾˠʌn̪ˠəmʲ",bˠɾˠɔn̪n̪imʲ
bruach,Ulster; Munster; Connacht,bˠɾˠuəx,bˠɾˠɔəx%1
bruig,,bˠɾˠɪɟ,bˠɾˠɪɟ
bráid,Munster; Connacht,bˠɾˠɑːdʲ,bɾʲaidʲ
bráithre,,ˈbˠɾˠɑːɾʲə,bɾʲaitʲhɾʲi
bráthair,,ˈbˠɾˠɑːhəɾʲ,bˠɾˠɑtʲçiɾʲ
bréan,Ulster; Connacht,bʲɾʲeːnˠ,bɾʲɑn̪
bróga,Munster; Connacht,ˈbˠɾˠoːɡə,bˠɾˠʊgə
buailim,Munster; Connacht,ˈbˠuəlʲəmʲ,bʲuaəl̪imʲ
buaine,Munster; Connacht,ˈbˠuənʲə,bʲuaən̪ə
buan,Connacht,bˠuənˠ,bˠuan̪
buarán,,ˈbˠuəɾˠaːnˠ,bˠuaɾˠən̪
buicéad,Connacht,ˈbˠʊceːd̪ˠ,bˠɪcəd̪
buime,,ˈbˠɪmʲə,bˠɪmʲi
buinne,,ˈbˠɪn̠ʲə,bˠɪn̪n̪ə
bunadh,Connacht,ˈbˠunˠuː,bˠɔn̪ə%1
buntús,,ˈbˠunˠ.ˈtˠuːsˠ,bˠɔn̪t̪əsˠ
bunábhar,Connacht,ˈbˠʊnˠˌɑːwəɾˠ,bˠɔn̪əbˠhəɾˠ
burla,,ˈbˠuːrˠl̪ˠə,bˠɔɾˠl̪ə
buí,Munster; Connacht,bˠiː,bˠɪ
buíoch,Ulster; Connacht,bˠiːx,bˠɔək
buíochas,Ulster; Connacht,"ˈbˠiəxəsˠ, ˈbˠiːxəsˠ",bˠɔəkhəsˠ
bá,Munster; Connacht,bˠɑː,bˠɑ
bádóireacht,Connacht,ˈbˠɑːdoːɾʲəxt̪ˠ,bˠɑdʲiɾʲəkht̪
bámhar,Connacht,ˈbˠɑːwəɾˠ,bˠɑmˠhəɾˠ
bé,,bʲeː,bʲɛ
béala,Ulster; Connacht,ˈbʲeːlˠə,bʲɑl̪ə
bíchearb,,ˈbʲiːçəɾˠəbˠ,bʲɪcçəɾˠbˠ
bídís,,ˈbʲiːdʲiːʃ,bʲɪdʲiʃ
bóithre,,"ˈbˠoːhɾʲə, ˈbˠoːɾʲhə, ˈbˠoːɾʲə",bʲɛtʲhɾʲi
bóthar,,ˈbˠoːhəɾˠ,bˠɔt̪həɾˠ
bú,,bˠuː,bˠɔ
cafarr,,ˈkafˠəɾˠ,kɑfˠəɾˠɾˠ
cailleach,Connacht,ˈkal̠ʲəx,cail̪l̪əx%1
caint,Cois-Fharraige; Connacht,kaːn̠ʲtʲ,cain̪t̪
cainte,,ˈkan̠ʲtʲə,caintʲi
caintím,Connacht,ˈkanʲtʲiːmʲ,caintʲimʲ
cairéad,Connacht,ˈkaɾʲeːd̪ˠ,caiɾʲəd̪
caisearbhán,Connacht,ˈkaʃəɾˠwaːn̪ˠ,caiʃəɾˠbˠhən̪
caith,Connacht,ka,caitʲ
caithim,,ˈkahəmʲ,caitʲçimʲ
calrach,Munster; Connacht,ˈkal̪ˠɾˠəx,kɑl̪ɾˠəx%1
caoire,,ˈkiːɾʲə,cæiɾʲi
caolú,Connacht,ˈkiːlˠuː,kɑəl̪ə
car,,karˠ,kɑːɾˠ
cardáil,Connacht,ˈkɑːɾˠd̪ˠɑːlʲ,kɑrdʲəl̪
carr patróil,Connacht,ˌkɑːɾˠ ˈpat̪ˠɾˠoːl̠ʲ,kɑːɾˠɾˠ pˠɑtɾʲəl̪
carraig,Cois-Fharraige; Munster; Connacht,ˈkaːɾˠɪɟ,kɑrɾʲiɟ
carria,Connacht,ˈkaɾˠiː,kɑrɾʲi
casfar,,ˈkɑsˠfˠəɾˠ,kɑsˠfˠəɾˠ
cathair,,"ˈkahəɾʲ, ˈkɑhəɾʲ",kɑtʲçiɾʲ
ceachtanna,,ˈcaxt̪ˠən̪ˠə,cɑkht̪ən̪n̪ə
ceannas,,ˈcan̪ˠəsˠ,cɑn̪n̪əsˠ
ceas,,casˠ,cɑsˠ
ceilp,,cɛlʲpʲ,cɛl̪pˠ
ceoch,Munster; Connacht,coːx,coːk
chaoga,Ulster; Connacht,ˈxiːɡə,khɑəgə
chapaill,,ˈxapˠəl̪ʲ,khɑpʲəl̪l̪
chapall,,ˈxapˠəl̪ˠ,khɑpˠəl̪l̪
char,,xaɾˠ,khɑɾˠ
chara,,ˈxɑɾˠə,khɑɾˠə
cheantar,,ˈçan̪ˠt̪ˠəɾˠ,cçɑn̪t̪əɾˠ
cheap,,çapˠ,cçɑpˠ
cheaptaí,,ˈçapˠt̪ˠiː,cçɑptʲi
cheart,,çaɾˠt̪ˠ,cçæɾˠt̪
cheintiméadar,Connacht,ˈçɛn̠ʲtʲəmʲeːd̪ˠəɾˠ,cçɛntʲimʲəd̪əɾˠ
cheist,,çɛʃtʲ,cçɛʃt̪
cheárta,Connacht,ˈçɑːɾˠt̪ˠə,cçæɾˠt̪ə
chileagram,,ˈçɪlʲəɡɾˠamˠ,cçɪl̪əgɾˠəmˠ
chion,Connacht,çɪnˠ,khɪn̪
chluich,,xlˠɪç,khl̪ɪc
chnáimh,Ulster; Connacht,xɾˠɑːvʲ,khn̪aimʲ
chodlata,Munster; Connacht,ˈkɔl̪ˠət̪ˠə,khɔd̪l̪ət̪ə
choir,,xɛɾʲ,cçɛɾʲ
chol,,xɔlˠ,khɔl̪
chomh luath is,,xəˈl̪ˠuəsˠ,khɔm l̪uat ɪʃ
chros,,xɾˠɔsˠ,khɾˠɔsˠ
chuain,,"xuənʲ, xuːnʲ",cçuaən̪
chuig,,xɪɟ,khɪɟ
cháiliúil,Connacht,ˈxɑːlʲuːlʲ,cçail̪əəl̪
chíonn,,çiːn̪ˠ,khɪn̪n̪
chír,,ˈçiːɾʲ,cçɪɾʲ
chóra,,ˈxoːɾˠə,khɔɾˠə
chósta,Munster; Connacht,ˈxoːsˠt̪ˠə,khɔsˠt̪ə
chú,,xuː,khɔ
cigil,,ˈcɪɟɪlʲ,cɪɟəl̪
cigilt,,ˈcɪɟɪlʲtʲ,cɪɟəl̪t̪
ciotach,Connacht,ˈcɪt̪ˠəx,kɪt̪əx%1
cip,,cɪpʲ,cɪpʲ
ciumhais,,"cuːsˠ, cuːʃ, cũːsˠ",cɪimʲçiʃ
clibirt,,ˈclʲɪbʲəɾˠtʲ,kl̪ɪbʲiɾʲt̪
cloch,Ulster; Connacht,"klˠox, klˠɔx",kl̪ʊk
clogaide,Munster; Connacht,ˈklˠɔɡədʲə,kl̪ɛɟidʲi
cloinne,,ˈklˠɪn̠ʲə,kl̪ɔn̪n̪ə
cluais,,"klˠuəʃ, kl̪ˠuəʃ",kl̪uaiʃ
cléibh,,"clʲeːvʲ, clʲɛi̯vʲ",kl̪ɛbʲ
clúdach,Munster; Connacht,"ˈklˠuːd̪ˠəx, ˈkl̪ˠuːd̪ˠəx",kl̪ɔd̪əx%1
cneas,Ulster; Connacht,cɾʲasˠ,kɾʲ'ɑsˠ
cnoc,Connacht,"knok, knuk, knɞk, kɾˠok, kɾˠuk, kɾˠɞk",kɾˠʊk
cnámha,Connacht,"knˠɑːvˠə, kɾˠɑːwə",kɾˠɑmˠhə
cnó,,,kɾˠɔ
coileach,Connacht,ˈkɛlʲəx,cɔl̪əx%1
coille,,ˈkɞl̠ʲə,cɔl̪l̪ə
coirce,Connacht,ˈkɞɾʲcə,cɛɾʲci
coise,,ˈkɔʃə,cɛʃi
coisreacaim,,ˈkʌʃtʲɾʲakəmʲ,cɛʃɾʲicimʲ
coisric,,ˈkɛʃɾʲɪc,cɛʃɾʲic
coisíocht,Connacht,ˈkɔʃiəxt,cɔsˠəkht̪
comhair,Connacht,kuːɾʲ,kɛmʲçiɾʲ
comhlach,Connacht,ˈkuːlˠəx,kɔmˠhl̪əx%1
conas,,,kɔn̪əsˠ
coróin,Connacht,"kɾˠuːnʲ, ˈkɔɾˠuːnʲ",kɛɾʲən̪
cosúil,Ulster; Connacht,ˈkɔsˠuːlʲ,kɔsˠəl̪
crannóg,Connacht,ˈkɾˠan̪ˠoːɡ,kɾˠɑn̪n̪əg
crean,,cɾʲanˠ,kɾʲɑn̪
creid,Munster; Connacht,cɾʲɛdʲ,kɾʲɛdʲ
critice,,ˈcɾʲɪtʲɪcɪ,kɾʲɪtʲici
cruach,,kɾˠuəx,kɾˠɔəx%1
cruacha,,ˈkɾˠuəxə,kɾˠuakhə
cruachan,Ulster; also; Connacht,ˈkɾˠuəxənˠ,kɾˠuakhən̪
cruachan,,ˈkɾˠuəxən̪ˠ,kɾˠuakhən̪
cruitchlár,,ˈkɾˠɪtʲˌxlˠɑːɾˠ,kɾˠɪtʲkhl̪əɾˠ
cruitireacht,Munster; Connacht,ˈkɾˠɪtʲəɾʲəxt̪ˠ,kɾˠɪtʲiɾʲəkht̪
crá,Munster; Connacht,kɾˠɑː,kɾˠɑ
crágach,Munster; Connacht,ˈkɾˠɑːɡəx,kɾˠɑgəx%1
cráifeach,Munster; Connacht,ˈkɾˠɑːfʲəx,kɾʲaifʲəx%1
críoch,,cɾʲiːx,kɾˠɪk
críochnaigh,Connacht,"ˈcɾʲiəxn̪ˠiː, ˈcɾʲiəxn̪ˠə",kɾˠɪkhn̪iː%1
crómasómach,Connacht,ˈkɾˠoːmˠəsˠoːmˠəx,kɾˠɔmˠəsˠəmˠəx%1
crómatach,Munster; Connacht,ˈkɾˠoːmˠət̪ˠəx,kɾˠɔmˠət̪əx%1
crú,Munster; Connacht,kɾˠuː,kɾˠɔ
cuan,Ulster; Munster; Connacht,kuən̪ˠ,kuan̪
cuid,,"kidʲ, kɪdʲ",kɪdʲ
cuimhnigh,Galway; Connacht,ˈkivʲnʲə,kɪmʲhn̪iɟ
cuimhnigh,Connacht,"ˈkiːnʲə, ˈkĩvʲnʲiː",kɪmʲhn̪iɟ
cuirir,,ˈkɪɾʲəɾʲ,kɪɾʲiɾʲ
cuirtear,,ˈkɪɾˠtʲəɾˠ,kɪɾʲtʲəɾˠ
cuisle,Munster; Connacht,ˈkiʃlʲə,kɪʃl̪ə
cuisneach,Connacht,ˈkɪʃn̠ʲəx,kɪʃn̪əx%1
cultacha,Connacht,ˈkɔl̪ˠt̪ˠəxə,kɔl̪t̪əkhə
cumann,,ˈkʊmˠən̪ˠ,kɔmˠən̪ˠ%1
cumannachas,,ˈkʊmˠən̪ˠəxəs,kɔmˠən̪n̪əkhəsˠ
cumas,,ˈkʊmˠəsˠ,kɔmˠəsˠ
cun,,"kʊnˠ, kʊn̪ˠ",kɔn̪
cá háit,,kɑːˈhɑːtʲ,kɑ çaitʲ
cábán,Connacht,"ˈkɑːbˠɑːnˠ, ˈkɑːbˠɑːn̪ˠ",kɑbˠən̪
cáibín,Connacht,"ˈkaːbʲiːnʲ, ˈkɑːbʲiːnʲ",caibʲən̪
cál,Connacht,kɑːlˠ,kɑl̪
cár,,,kɑːɾˠ
cé,,ceː,cɛ
céadta,Ulster; Connacht,ˈceːt̪ˠə,cɑd̪t̪ə
céas,Ulster; Connacht,ceːsˠ,cɑsˠ
céasta,Ulster; Connacht,ˈceːsˠt̪ˠə,cɑsˠt̪ə
cér,,ceːɾˠ,cəiɾʲ
cérb,,ceːɾˠbˠ,cəiɾʲbˠ
cór,,koːɾˠ,kəuɾˠ
córas,Munster; Connacht,ˈkoːɾˠəsˠ,kɔɾˠəsˠ
cóta,Munster; Connacht,ˈkoːt̪ˠə,kɔt̪ə
cú faoil,,ˌkuː ˈfˠiːlʲ,kɔ fʲæəl̪
cúig,,kuːɟ,kɪɟ
cúis,,kuːʃ,kɪʃ
cúlaí,Connacht,"ˈkuːlˠiː, ˈkuːl̪ˠiː",kɔl̪ə
cúrsa,,ˈkuːɾˠsˠə,kɔɾˠsˠə
d'ainneoin,Connacht,ˈd̪ˠan̠ʲoːnʲ,dʲain̪n̪oːən̪
d'alt,,d̪ˠal̪ˠt̪ˠ,dʲɑl̪t̪
d'fhuaigh,Connacht,d̪ˠuə,dʲfʲçuiː%1
d'fhágadar,Connacht,ˈd̪ˠɑːɡəd̪ˠəɾˠ,dʲfˠhɑgəd̪əɾˠ
d'éirigh,Connacht,ˈdʲəiɾʲiː,dʲɛɾʲiɟ
dada,,ˈd̪ˠad̪ˠə,d̪ɑd̪ə
daidithe,,ˈdˠadʲɪhə,dʲaidʲitʲçi
datha,,ˈd̪ˠahə,d̪ɑt̪hə
deara,,ˈdʲaɾˠə,dʲæɾˠə
dearg,,ˈdʲaɾˠəɡ,dʲæɾˠəg
dearmadach,,ˈdʲaɾˠ(ə)mˠəd̪ˠəx,dʲæɾˠmˠəd̪əx%1
dearna,,ˈdʲɑːɾˠn̪ˠə,dʲæɾˠn̪ə
deartháir,,"ˈdʲaɾˠhaɾʲ, ˈdʲɾʲiçaːɾʲ",dʲærtʲçiɾʲ
deasú,Connacht,ˈdʲasˠuː,dʲɑsˠə
ded,,dʲɛd̪ˠ,dʲɛdʲ
deifreach,,ˈdʲɛfʲəɾʲəx,dʲɛfʲɾʲəx%1
deineann,,ˈdʲɪnʲən̪ˠ,dʲɛn̪ən̪ˠ%1
deisealán,Connacht,ˈdʲɛʃəlˠɑːnˠ,dʲɛʃəl̪ən̪
deor,Munster; Connacht,dʲoːɾˠ,dʲoːɾˠ
dhara,Ulster; Connacht,ˈɣaɾˠə,d̪hɑɾˠə
dhearna,,ˈjɑːɾˠn̪ˠə,dʲçæɾˠn̪ə
dheinimís,,jɪnʲəˈmʲiːʃtʲ,dʲçɛn̪imʲiʃ
dhesean,,ˈjɛʃənˠ,dʲçɛʃən̪
dheá-,Connacht,jɑː,dʲçæ
dhiaidh,Connacht,jiə,dʲçɪiː%1
dhiúca,,ˈjuːkə,dʲçɪəkə
dhiúil,,juːlʲ,dʲçɪəl̪
dhol,,ɣɔlˠ,d̪hɔl̪
dhá,Munster; Connacht,"(ɣ)ɑː, ɣɑː",d̪hɑ
dháréag,,ɣɑːˈɾˠeːɡ,d̪hɑɾʲəg
dhíolamar,,"ˈjiːlˠəmˠəɾˠ, ˈjiːl̪ˠəmˠəɾˠ",d̪hɪl̪əmˠəɾˠ
dhó,Munster; Connacht,ɣoː,d̪hɔ
dhún,,ɣuːnˠ,d̪hɔn̪
di,,dʲɪ,dʲɪ
diaidh,Connacht,dʲiə,dʲɪiː%1
dialann,,ˈdʲiəlˠən̪ˠ,dʲiəl̪ən̪ˠ%1
diomaite,Munster; Connacht,ˈdʲɪmˠɪtʲə,d̪ɪmʲitʲi
diúracas,,ˈdʲuːɾˠəkəsˠ,dʲɪəɾˠəkəsˠ
dligh,Ulster; Connacht,dʲlʲiː,d̪l̪ɪɟ
dlíthiúil,Connacht,ˈdʲlʲiːhuːlʲ,d̪l̪ɪtʲçiəl̪
dollar,,ˈd̪ˠɔl̪ˠəɾˠ,d̪ɔl̪l̪əɾˠ
domlas,Connacht,ˈd̪ˠumˠlˠəsˠ,d̪ɔmˠl̪əsˠ
dorn,Connacht,d̪ˠoːɾˠn̪ˠ,d̪əuɾˠn̪
dorú,Connacht,"d̪ˠɾˠuː, ˈd̪ˠaɾˠuː",d̪ɔɾˠə
draoi,,d̪ˠɾˠiː,dɾʲæə
draíochta,,ˈd̪ˠɾˠiəxt̪ˠə,d̪ɾˠɑəkht̪ə
dril,,dʲɾʲɪlʲ,dɾʲɪl̪
driseach,Connacht,ˈdʲɾʲɪʃəx,dɾʲɪʃəx%1
drochaoibh,,ˈd̪ˠɾˠɔxiːvʲ,d̪ɾˠɛcçiibʲ
drochmhúinte,,d̪ˠɾˠɔxˈ(w)uːn̠ʲtʲə,d̪ɾˠʊkhmˠhəntʲi
dromán,Connacht,"ˈd̪ˠɾʊmˠɑːnˠ, ˈd̪ˠɾʊmˠɑːn̪ˠ",d̪ɾˠɔmˠən̪
dréacht,,dʲɾʲeːxt̪ˠ,dɾʲɑkht̪
drúis,,d̪ˠɾˠuːʃ,d̪ɾˠɪʃ
dtae,,d̪ˠeː,dtʲeː
dteach,,dʲax,dtʲəx%1
dtiarna,,ˈdʲiəɾˠn̪ˠə,dtʲiəɾˠn̪ə
dtorann,Munster; Connacht,ˈd̪ˠɔɾˠən̪ˠ,d̪t̪ɔɾˠən̪ˠ%1
dtír,,dʲiːɾʲ,dtʲɪɾʲ
dtóireacha,Munster; Connacht,ˈd̪ˠoːɾʲəxə,dtʲɛɾʲəkhə
dubhach,Connacht,ˈd̪ˠʊwəx,d̪ɔbˠhəx%1
duán,Connacht,"ˈd̪ˠuːɑːnˠ, ˈd̪ˠuːɑːn̪ˠ",d̪uan̪
déad,,dʲeːd̪ˠ,dʲɑd̪
déag,,dʲeːɡ,dʲɑg
déan,,"dʲa(ː)nˠ, dʲeːnˠ",dʲɑn̪
déarfad,,ˈdʲeːɾˠ(h)əd̪ˠ,dʲæɾˠfˠəd̪
déarfainn,,ˈdʲeːɾˠ(h)ən̠ʲ,dʲærfʲən̪n̪
díbhse,,ˈdʲiːvʲʃə,dʲɪbʲhʃi
díol,,dʲiːlˠ,d̪ɪl̪
díomsa,,ˈdʲiːmˠsˠə,d̪ɪmˠsˠə
díonach,Connacht,ˈdʲiːnˠəx,d̪ɪn̪əx%1
díosal,,ˈdʲiːsˠəlˠ,d̪ɪsˠəl̪
díotsa,,ˈdʲiːt̪ˠsˠə,d̪ɪt̪sˠə
dísle,,ˈdʲiːʃl̠ʲə,dʲɪʃl̪ə
dóchas,Connacht,ˈd̪ˠoːxəsˠ,d̪ʊkhəsˠ
dúigh,Ulster; Connacht,d̪ˠuːj,d̪ɪɟ
dúil,,d̪ˠuːlʲ,d̪ɪl̪
dúlra,,ˈd̪ˠuːlˠɾˠə,d̪ɔl̪ɾˠə
dúracht,Munster; Connacht,ˈd̪ˠuːɾˠəxt̪ˠ,d̪ɔɾˠəkht̪
dúradar,,ˈd̪ˠuːɾˠəd̪ˠəɾˠ,d̪ɔɾˠəd̪əɾˠ
eachtra,Ulster; Connacht,ˈaxt̪ˠɾˠə,ɑkht̪ɾˠə
eallach,Connacht,ˈal̪ˠəx,ɑl̪l̪əx%1
earra,,"ˈaɾˠə, ˈfˠʌɾˠuː",ɑɾˠɾˠə
easóg,Cois-Fharraige; Connacht,ˈaːsˠoːɡ,ɑsˠəg
eif,,ɛfʲ,ɛfʲ
eisean,,ˈɛʃənˠ,ɛʃən̪
eite,,ˈɛtʲə,ɛtʲi
eitil,,ˈɛtʲɪlʲ,ɛtʲəl̪
eitiú,,ˈɛtʲuː,ɛtʲiə
eitpheil,,ˈɛtʲfʲɛlʲ,ɛtʲpʲçəl̪
eitre,,ˈɛtʲəɾʲə,ɛtʲɾʲi
eo,Munster; Connacht,oː,oː
eofón,,ˈoːfˠoːnˠ,oːfˠən̪
eolach,Connacht,ˈoːlˠəx,oːl̪əx%1
eorna,Munster; Connacht,ˈoːɾˠn̪ˠə,oːɾˠn̪ə
fabhtach,Munster; Connacht,ˈfˠaut̪ˠəx,fˠɑbˠht̪əx%1
faca,,ˈfˠakə,fˠɑkə
facas,,ˈfˠakəsˠ,fˠɑkəsˠ
faighteá,,ˈfˠɑtʲɑː,fʲaiɟhtʲi
faisean,,"ˈfˠaʃənˠ, ˈfˠaʃən̪ˠ",fʲaiʃən̪
faithne,,ˈfˠæhnʲə,fʲaitʲhn̪ə
faocha,Ulster; Connacht,ˈfˠiːxə,fˠɑəkhə
faoi deara,,fˠiːˈdʲaɾˠə,fʲæə dʲæɾˠə
faoinarbh,,ˈfˠiːnˠəɾˠvˠ,fʲæən̪əɾˠb
faoistin,,ˈfˠiːʃtʲənʲ,fʲæiʃtʲən̪
fathach,Connacht,"ˈfˠahəx, ˈfˠaːx",fˠɑt̪həx%1
feaca,,ˈfʲakə,fʲɑkə
feacht,,fʲaxt̪ˠ,fʲɑkht̪
feamainn,,"ˈfʲamˠən̠ʲ, ˈfʲæmˠən̠ʲ, ˈfʲæːmˠɪn̠ʲ",fʲɑmʲən̪n̪
feann,,,fʲən̪ˠ%1
fearr,Munster; Connacht,fʲɑːɾˠ,fʲɑːɾˠɾˠ
feicim,Munster; Connacht,ˈfʲɛcəmʲ,fʲɛcimʲ
feidhmeannas,,ˈfʲəimʲən̪ˠəsˠ,fʲɛdʲhmʲən̪n̪əsˠ
feighil,,fʲəilʲ,fʲɛɟçəl̪
feola,Munster; Connacht,ˈfʲoːl̪ˠə,fʲoːl̪ə
fheictear,,ˈɛctʲəɾˠ,fʲçɛctʲəɾˠ
fheoil,Munster; Connacht,oːlʲ,fʲçoːəl̪
fhianaise,Connacht,"ˈiːnˠɪʃə, ˈiːn̪ˠɪʃə",fʲçiən̪iʃi
fhichead,Ulster; Connacht,ˈɪçəd̪ˠ,fʲçɪcçəd̪
fhiáin,Connacht,ˈiːɑːnʲ,fʲçiəən̪
fhlatha,,ˈlˠahə,fˠhl̪ɑt̪hə
fhocal,Connacht,ˈɔkəlˠ,fˠhʊkəl̪
fhuaire,,ˈuəɾʲə,fʲçuaiɾʲi
fháilteoir,,,fʲçailtʲoːiɾʲ
fhéin,,heːnʲ,fʲçɛn̪
fiacail,,ˈfʲiəkəlʲ,fʲiəcəl̪
fiair,,fʲiəɾʲ,fʲiəiɾʲ
fiastalach,,ˈfʲiəsˠt̪ˠələx,fʲiəsˠt̪əl̪əx%1
fill,,,fʲɪl̪l̪
fiántas,Connacht,ˈfʲi.ɑːn̪ˠt̪ˠəsˠ,fʲiən̪t̪əsˠ
fleasc,,fʲlʲasˠk,fˠl̪ɑsk
foirmle,,ˈfˠɛɾʲəmʲlʲə,fʲɛɾʲmˠl̪ə
folmha,,ˈfˠɔl̪ˠəwə,fˠɔl̪mˠhə
freagair,,ˈfʲɾʲaɡəɾʲ,fɾʲɑɟiɾʲ
freastalaíonn,,ˈfʲɾʲasˠt̪ˠəlˠiːn̪ˠ,fɾʲɑsˠt̪əl̪əən̪n̪
frithir,,ˈfʲɾʲɪhəɾʲ,fɾʲɪtʲçiɾʲ
fréimhe,,ˈfʲɾʲeːvʲə,fɾʲɛmʲçi
fuaigh,Connacht,fˠu(ə),fʲuiː%1
fuaimnigh,Connacht,"ˈfˠuəmʲnʲiː, ˈfˠuəmʲnʲə",fʲuaimʲn̪iɟ
fuinneoga,Connacht,ˈfˠɪn̠ʲoːɡə,fˠɪn̪n̪oːgə
fuip,,fˠɪpʲ,fˠɪpʲ
fágann,Munster; Connacht,ˈfˠɑːɡən̪ˠ,fˠɑgən̪ˠ%1
fágfar,,ˈfˠɑːkfˠəɾˠ,fˠɑgfˠəɾˠ
fágála,Connacht,ˈfˠɑːɡɑːlˠə,fˠɑgəl̪ə
féadann,Ulster; Connacht,ˈfʲeːd̪ˠən̪ˠ,fʲɑd̪ən̪ˠ%1
fíniúin,Connacht,ˈfʲiːnʲuːnʲ,fʲɪn̪əən̪
fíon,,"fʲiːnˠ, fʲiːn̪ˠ",fˠɪn̪
fíon geal,,ˌfʲiːnˠ ˈɟalˠ,fˠɪn̪ ɟɑl̪
fíor-,,fʲiːɾˠ,fˠɪr
fís,,fʲiːʃ,fʲɪʃ
fód,Munster; Connacht,fˠoːd̪ˠ,fˠɔd̪
fógair,Munster; Connacht,ˈfˠoːɡəɾʲ,fˠɛɟiɾʲ
fógra,Munster; Connacht,ˈfˠoːɡɾˠə,fˠʊgɾˠə
fón,,fˠoːnˠ,fˠɔn̪
fútsa,,ˈfˠuːt̪ˠsˠə,fˠɔt̪sˠə
gabhar,Connacht,ˈɡɑuəɾˠ,gɑbˠhəɾˠ
gach uile,Aran; uncommon; Connacht,ˈxɯlʲə(corresponding to the form,gəx%1 ɪl̪ə
gairge,,ˈɡaɾʲɪɟə,ɟaiɾʲɟi
gairmeach,,ɡaɾʲˌmʲəx,ɟaiɾʲmʲəx%1
gaisce,,ˈɡaʃcɪ,ɟaiʃci
gaiste,,ˈɡaʃtʲə,ɟaiʃtʲi
galúin,Connacht,ˈɡalˠuːnʲ,gɑl̪ən̪
galún,Connacht,ˈɡalˠuːnˠ,gɑl̪ən̪
garr,Munster; Connacht,ɡɑːɾˠ,gɑːɾˠɾˠ
gcailín,Connacht,ˈɡalʲiːnʲ,gcail̪ən̪
gcapall,,ˈɡapˠəl̪ˠ,gkɑpˠəl̪l̪
gcead,,ɟad̪ˠ,gcɑd̪
gcealla,,ˈɟal̪ˠə,gcɑl̪l̪ə
gceist,,ɟɛʃtʲ,gcɛʃt̪
gciliméadar,Connacht,"ˈɟɪlʲəmʲed̪ˠəɾˠ, ˈɟɪlʲəmʲeːd̪ˠəɾˠ",gcɪl̪imʲəd̪əɾˠ
gcoillte,Connacht,"ˈɡəil̠ʲtʲə, ˈɡɞl̠ʲtʲə",gcɛl̪ltʲi
gcéadta,,ˈɟeːt̪ˠə,gcɑd̪t̪ə
gcéibh,,ˈɟeːvʲ,gcɛbʲ
gean,,"ɟanˠ, ɟan̪ˠ",ɟɑn̪
geir,,ɟɛɾʲ,ɟəiɾʲ
geire,,ˈɟɛɾʲə,ɟɛɾʲi
geocán,Connacht,ˈɟoːkɑːnˠ,ɟoːkən̪
gh,,"j, ɟ, ɣ",g
gha,,ɣa(h),ghɑ
ghaiscígh,Connacht,ˈɣaʃciː,ɟçaiʃciɟ
ghaiscíocha,Connacht,ˈɣaʃciːxə,ɟçaiʃkəkhə
ghine,,ˈjɪnʲə,ɟçɪn̪ə
ghlic,,"jlʲɪc, ʝlʲɪc",ghl̪ɪc
ghnó,Connacht,"ɣɾˠoː, ɣɾˠuː",ghn̪ɔ
ghread,,jɾʲad̪ˠ,ghɾʲɑd̪
ghrian,Ulster; Munster; Connacht,"jɾʲiən̪ˠ, ʝɾʲiən̪ˠ",ghɾʲiən̪
ghrá,,,ghɾˠɑ
ghráin,Munster; Connacht,ɣɾˠɑːnʲ,ghɾʲain̪
gháire,Munster; Connacht,ˈɣɑːɾʲə,ɟçaiɾʲi
gibe,Munster; Connacht,ˈɟɪbʲə,ɟɪbʲi
ginte,,ɟɪnʲtʲə,ɟɪntʲi
giotár,Munster; Connacht,ɟɪˈt̪ˠɑːɾˠ,gɪt̪əɾˠ
giúis,Munster; Connacht,ɟuːʃ,ɟɪiʃ
glasóg,Connacht,"ˈɡlˠasˠoːɡ, ˈɡl̪ˠasˠoːɡ",gl̪ɑsˠəg
gleanna,Connacht,ˈɟlʲaːn̪ˠə,gl̪ɑn̪n̪ə
gleannta,Connacht,ˈɟlʲaːn̪ˠt̪ˠə,gl̪ɑn̪n̪t̪ə
glinne,,ˈɟlʲin̠ʲə,gl̪ɪn̪n̪ə
gloine,,"ˈɡlˠɪnʲə, ˈɡl̪ˠɪnʲə",gl̪ɔn̪ə
gluaisrothar,,ɡlˠuəʃˈɾˠɔhəɾˠ,gl̪uaiʃɾˠət̪həɾˠ
gléasann,,ˈɟlʲeːsən̪ˠ,gl̪ɑsˠən̪ˠ%1
gléasra,Ulster; Connacht,ˈɟlʲeːsˠɾˠə,gl̪ɑsˠɾˠə
glór,Munster; Connacht,ɡl̪ˠoːɾˠ,gl̪ɔɾˠ
glúin óg,Munster; Connacht,ə ˌɣlˠuːnʲ ˈoːɡ,gl̪ɪn̪ ɔg
glún,Ulster; Munster; Connacht,ɡl̪ˠuːn̪ˠ,gl̪ɔn̪
glún,Ulster; Connacht,ɡlˠuːnˠ,gl̪ɔn̪
gnáth,,,gɾˠɑt
go,,"ɡɔ, ɡə",gɔ
gob,Munster; Connacht,ɡɔbˠ,gɔbˠ
goid,Connacht,ɡɞdʲ,ɟɛdʲ
goidte,Connacht,ˈɡɞtʲə,ɟɛdʲtʲi
goilte,,ˈɡɛlʲtʲə,ɟɛltʲi
goirín,Ulster; Connacht,ˈɡɪɾʲiːnʲ,ɟɛɾʲən̪
gorm,Connacht,ˈɡɞɾˠəmˠ,gɔɾˠəmˠ
graeipe,,ˈɡɾˠeːpʲə,gɾʲeːipʲi
gruag,,ɡɾˠuəɡ,gɾˠuag
gráiniúil,Connacht,ˈɡɾˠɑːnʲuːlʲ,gɾʲain̪əəl̪
gráinne,Ulster; Connacht,ˈɡɾˠɑːn̠ʲə,gɾʲain̪n̪ə
grán buí,Munster; Connacht,ˈɡɾˠɑːnˠ bˠiː,gɾˠɑn̪ bˠɪ
gréin,,ɟɾʲeːnʲ,gɾʲɛn̪
gríosach,Munster; Connacht,ˈɟɾʲiːsˠəx,gɾˠɪsˠəx%1
grúdlann,,ˈɡɾˠuːd̪ˠlˠən̪ˠ,gɾˠɔd̪l̪ən̪ˠ%1
guidid,,ˈɡɪdʲədʲ,gɪdʲidʲ
gáire,Munster; Connacht,ˈɡɑːɾʲə,ɟaiɾʲi
géagláidir,,ˈɟeːɡˌl̪ˠɑːdʲɪɾʲ,ɟɑgl̪idʲiɾʲ
gí,,ɟiː,ɟɪ
gíotáil,Connacht,ˈɟiːt̪ˠɑːlʲ,gɪtʲəl̪
h,,h,
haca,,ˈhakə,hɑkə
hadharca,,ˈhəi(ə)ɾˠkə,hɑd̪həɾˠkə
haicme,,ˈhacmʲə,çaicmʲi
hais,,haʃ,çaiʃ
hathruithe,,ˈhahɾˠɪhə,hɑt̪hɾˠitʲçi
holc,Munster; Connacht,hɔlˠk,hɔl̪ək
huile,,ˈhɪlʲə,hɪl̪ə
héag,Ulster; Connacht,heːɡ,çɑg
héileacaptar,,ˈheː.l̪ʲəˌkapˠ.t̪ˠəɾˠ,çɛl̪əkəpˠt̪əɾˠ
i,,"ə, ɪ",ɪ
i bhfad ó shin,Ulster; Connacht,əˌwad̪ˠ oːˈhɪnʲ,ɪ bˠhfˠɑd̪ ɔ ʃçɪn̪
i dtreo,Munster; Connacht,əˈdʲɾʲoː,ɪ d̪tɾʲoː
i dtrátha,Munster; Connacht,əˈd̪ˠɾˠɑːhə,ɪ d̪t̪ɾˠɑt̪hə
i ndiaidh,Connacht,"əˈn̠ʲeːj, əˈn̠ʲiə",ɪ ndʲɪiː%1
i ngar,,əˈŋaɾˠ,ɪ n̪gɑɾˠ
iadsan,,ˈiəd̪ˠsˠənˠ,iəd̪sˠən̪
iaguair,,ˈiəɡuəɾʲ,iəɟiiɾʲ
iall,,iəl̪ˠ,iəl̪l̪
iarann,,ˈiəɾˠən̪ˠ,iəɾˠən̪ˠ%1
iarla,,ˈiəɾˠl̪ˠə,iəɾˠl̪ə
iarthar,,ˈiəɾˠhəɾˠ,iəɾˠt̪həɾˠ
iascach,Munster; Connacht,ˈiəsˠkəx,iəsˠkəx%1
idirghuí,Connacht,ˈɪdʲərʲˌɣiː,ɪdʲiɾʲghə
ifreann,,ˈɪfʲɾʲən̪ˠ,ɪfʲɾʲən̪ˠ%1
imeanna,,ˈɪmʲən̪ˠə,ɪmʲən̪n̪ə
imreoir,,ˈɪmʲɾʲoːɾʲ,ɪmʲɾʲoːiɾʲ
inis,Ulster; Connacht,ˈɪn̠ʲɪʃ,ɪn̪iʃ
inné,Ulster; Connacht,"əˈn̠ʲeː, ɪˈn̠ʲeː",ɪn̪n̪ə
inseoidh,Connacht,"ˈinʲʃoː, ˈinʲʃɔə̯",ɪnʃoːidʲ
iníona,Connacht,ˈinʲiːnˠiː,ɪn̪ən̪ə
iolar,Connacht,ˈɪlˠəɾˠ,ɪl̪əɾˠ
iomaire,Munster; Connacht,ˈʊmˠəɾʲə,ɪmʲiɾʲi
iompair,,ˈʊmˠpˠəɾʲ,ɪmpʲiɾʲ
iomrall,,ˈʊmˠəɾˠəl̪ˠ,ɪmˠɾˠəl̪l̪
iontas,Ulster; Connacht,ˈiːn̪ˠt̪ˠəsˠ,ɪn̪t̪əsˠ
ite,,ˈitʲə,ɪtʲi
ithir,,"ˈihəɾʲ, ˈihɪɾʲ",ɪtʲçiɾʲ
labhair,Munster; Connacht,"l̪ˠauɾʲ, l̪ˠəuɾʲ",l̪ɑbʲçiɾʲ
laethanta,,ˈl̪ˠeːhən̪ˠt̪ˠə,l̪eːt̪hən̪t̪ə
laistiar,,l̪ˠaʃˈtʲiəɾˠ,l̪aiʃtʲəɾˠ
las,,l̪ˠasˠ,l̪ɑsˠ
lastar,,ˈl̪ˠasˠt̪ˠəɾˠ,l̪ɑsˠt̪əɾˠ
leafaos,Connacht,ˈl̠ʲaˌfˠiːsˠ,l̪ɑfˠəəsˠ
leamh,Connacht,ˈl̠ʲavˠ,l̪ɑːm
leanacht,,ˈl̠ʲanˠəxt̪ˠ,l̪ɑn̪əkht̪
leannán,Connacht,ˈl̠ʲan̪ˠɑːnˠ,l̪ɑn̪n̪ən̪
leathan,Ulster; Connacht,"ˈl̠ʲahənˠ, ˈl̠ʲahən̪ˠ",l̪ɑt̪hən̪
led,,lʲɛd̪ˠ,l̪ɛdʲ
leisce,Ulster; Connacht,ˈl̠ʲɛʃcɪ,l̪ɛʃci
leite,,ˈl̠ʲɛtʲə,l̪ɛtʲi
leith,Munster; Connacht,l̠ʲɛh,l̪ɛtʲ
leitir,Ulster; Connacht,ˈl̠ʲɛtʲəɾʲ,l̪ɛtʲiɾʲ
leo,Connacht,l̠ʲoː,l̪oː
leáigh,,,l̪eiː%1
leás,Munster; Connacht,l̠ʲɑːsˠ,l̪ɑsˠ
liach,Ulster; Connacht,l̠ʲiəx,l̪iəx%1
liath,,,l̪iət
liatha,Ulster; Connacht,ˈl̠ʲiəhə,l̪iət̪hə
libh,,"lʲɪbʲ, lʲɪvʲ",l̪ɪbʲ
lic,,l̠ʲɪc,l̪ɪc
ligean,Ulster; Connacht,"ˈl̠ʲɪɟənˠ, ˈl̠ʲɪɟən̪ˠ",l̪ɪɟən̪
linne,Ulster; Connacht,ˈl̠ʲɪn̠ʲə,l̪ɪn̪n̪ə
liom,Connacht,"lʲɔmˠ, lʲɞmˠ",l̪iːmˠ
litiam,,ˈl̠ʲɪtʲiəmˠ,l̪ɪtʲəmˠ
litre,,ˈl̠ʲitʲɾʲə,l̪ɪtʲɾʲi
liúr,,lʲuːɾˠ,l̪ɪəɾˠ
ll,,"l̠ʲ, l̪ˠ",l̪l̪
lochta,,ˈl̪ˠɔxt̪ˠə,l̪ʊkht̪ə
lochán,Connacht,ˈl̪ˠɔxɑːnˠ,l̪ʊkhən̪
loime,,ˈl̪ˠɪmʲə,l̪ɛmʲi
loite,,l̪ˠɔɪtʲə,l̪ɛtʲi
loiteach,Connacht,ˈl̪ˠɛtʲəx,l̪ɛtʲəx%1
lorg,Ulster; Connacht,ˈl̪ˠɔɾˠəɡ,l̪ɔɾˠəg
loscann,Munster; Connacht,ˈl̪ˠɔsˠkən̪ˠ,l̪ɔsˠkən̪ˠ%1
luaidh,,,l̪uiː%1
luaidhim,,l̪ˠuəmʲ,l̪uaidʲçimʲ
láimh,,"l̪ˠɑːvʲ, l̪ˠɑ̃ːvʲ",l̪aimʲ
lán,Connacht,l̪ˠɑːnˠ,l̪ɑn̪
lánúin,Connacht,ˈl̪ˠɑːnˠuːnʲ,l̪ɑn̪ən̪
lárthosaí,Connacht,ˈl̪ˠɑːɾˠˌhɔsˠiː,l̪ɑɾˠt̪hiʃi
lí,,,l̪ɪ
líonra,,ˈlʲiːn̪ˠɾˠə,l̪ɪn̪ɾˠə
lúcháir,Connacht,ˈl̪ˠuːxɑːɾʲ,l̪ɛcçiɾʲ
lúfar,,ˈl̪ˠuːfˠəɾˠ,l̪ɔfˠəɾˠ
lúthchleasaí,Connacht,ˈl̪ˠuːçlʲasˠiː,l̪ɔt̪hkhl̪iʃi
mB,,"mʲ, mˠ",mˠbˠ
mBéarla,,ˈmʲeːɾˠlˠə,mbʲæɾˠl̪ə
mac léinn,,ˌmˠak ˈl̠ʲeːn̠ʲ,mˠɑk l̪ɛn̪n̪
mainistreach,,ˈmˠanʲəʃtʲɾʲəx,mʲain̪iʃtɾʲəx%1
maoile,,mˠiːlʲə,mʲæəl̪ə
maoin,,mˠiːnʲ,mʲæən̪
maoineach,Munster; Connacht,"ˈmˠiːnʲəx, ˈmˠĩːnʲəx",mʲæən̪əx%1
mar,Ulster; unstressed; Connacht,ˈmˠəɾˠ,mˠɑːɾˠ
mar an gcéanna,Connacht,mˠaɾˠ ə ˈɟeːn̪ˠə,mˠɑːɾˠ ɑn̪ gcɑn̪n̪ə
maratón,Connacht,ˈmˠaɾˠət̪ˠoːnˠ,mˠɑɾˠət̪ən̪
marcáil,Connacht,ˈmˠaɾˠkɑːlʲ,mˠɑrcəl̪
marú,Connacht,ˈmˠaɾˠuː,mˠɑɾˠə
maíte,,ˈmˠiːtʲə,mʲaitʲi
mbata,,ˈmˠat̪ˠə,mˠbˠɑt̪ə
mbróga,Connacht,ˈmˠɾˠoːɡiː,mˠbˠɾˠʊgə
mbun,,"mˠunˠ, mˠun̪ˠ, mˠɞnˠ, mˠʌnˠ, mˠʌn̪ˠ",mˠbˠɔn̪
mbó,Munster; Connacht,mˠoː,mˠbˠɔ
meaingeal,,ˈmæɲɟəl,mʲainɟəl̪
meaits,,mʲatʲʃ,mʲaitʲsˠ
mear,,mʲaɾˠ,mʲɑːɾˠ
mearbhall,,ˈmʲaɾˠəwəl̪ˠ,mʲæɾˠbˠhəl̪l̪
meithle,,ˈmʲɛhlʲə,mʲɛtʲhl̪ə
meá,,"æ(h), ɑː",mʲæ
meáití,Connacht,ˈmʲɑːtʲiː,mʲaitʲi
meánscoil,Connacht,ˈmʲɑːnˠˌsˠkɛlʲ,mʲɑn̪scəl̪
mhac,Ulster; Connacht,wak,mˠhɑk
mhair,Ulster; Connacht,waɾʲ,mʲçaiɾʲ
mhall,Connacht,wɑːl̪ˠ,mˠhɑl̪l̪
mhaoin,Ulster; Connacht,wiːnʲ,mʲçæən̪
mhic,,vʲɪc,mʲçɪc
mhitheas,,ˈvʲɪhəsˠ,mʲçɪtʲçəsˠ
mhná,Connacht,vˠɾˠɑː,mˠhn̪ɑ
mhá,Connacht,wɑː,mˠhɑ
mháistreása,Connacht,ˈwɑːʃtʲɾʲɑːsˠə,mʲçaiʃtɾʲəsˠə
mhí,,vʲiː,mʲçɪ
mhílte,,ˈvʲiːl̠ʲtʲə,mʲçɪltʲi
miailíteas,,ˈmʲiəlʲiːtʲəsˠ,mʲiəəl̪itʲəsˠ
mil,Munster; Connacht,mʲɪlʲ,mʲɪl̪
milliún,,ˈmʲil̠ʲuːnˠ,mʲɪl̪l̪əən̪
min,Munster; Connacht,ˈmʲinʲ,mʲɪn̪
mitheas,,ˈmʲɪhəsˠ,mʲɪtʲçəsˠ
mithid,,ˈmʲihədʲ,mʲɪtʲçidʲ
miúil,,mʲuːlʲ,mʲɪəl̪
mol,Munster; Connacht,mˠɔl̪ˠ,mˠɔl̪
molfaidh,Munster; Connacht,ˈmˠɔl̪ˠhə,mˠʊlfʲiː%1
muiceoil,Munster; Connacht,ˈmˠɪcoːlʲ,mˠɪcoːəl̪
muiníl,,ˈmˠɪnʲiːlʲ,mˠɪn̪əl̪
muirear,,ˈmˠɪɾʲəɾˠ,mˠɪɾʲəɾˠ
muise,,ˈmˠɪʃə,mˠɪʃi
murach,,ˈmˠʊɾˠəx,mˠɔɾˠəx%1
murnán,Connacht,ˈmˠuːɾˠn̪ˠaːnˠ,mˠɔɾˠn̪ən̪
méad,,mʲeːd̪ˠ,mʲɑd̪
méar coise,,mʲeːɾˠ kɛʃə,mʲɑːɾˠ cɛʃi
mímhúinte,Connacht,ˈmʲiːˌwuːn̠ʲtʲə,mʲɪmˠhəntʲi
mín,,mʲiːnʲ,mʲɪn̪
míreanna,,ˈmʲiːɾʲən̪ˠə,mʲɪɾʲən̪n̪ə
mó,Ulster; Connacht,mˠoː,mˠɔ
mód,Munster; Connacht,mˠoːd̪ˠ,mˠɔd̪
móra,Munster; Connacht,ˈmˠoːɾˠə,mˠɔɾˠə
múinteora,,"mˠuːnʲˈtʲoːɾˠə, ˈmˠuːnʲtʲoːɾˠə",mˠɪntʲoːɾˠə
múnaid,,ˈmˠuːn̪ˠədʲ,mˠɔn̪idʲ
múr,,mˠuːɾˠ,mˠəuɾˠ
mús,,mˠuːsˠ,mˠɔsˠ
n-alt,,n̪ˠal̪ˠt̪ˠ,nɑl̪t̪
n-anman,,ˈn̪ˠanˠəmˠənˠ,nɑn̪mˠən̪
n-each,Ulster; Connacht,n̠ʲax,nəx%1
n-iasc,Ulster; Connacht,n͈ʲiəsˠk,niəsk
n-itheann,,ˈn̠ʲɪhən̪ˠ,nɪtʲçən̪ˠ%1
n-áití,Connacht,ˈn̪ˠɑːtʲiː,naitʲi
naíonda,,ˈn̪ˠiːn̪ˠd̪ˠə,n̪ɑən̪d̪ə
naíonta,,ˈn̪ˠiːn̪ˠt̪ˠə,n̪ɑən̪t̪ə
ndearnamar,,ˈn̠ʲaːɾˠn̪ˠəmˠəɾˠ,ndʲæɾˠn̪əmˠəɾˠ
ndomhan,,"ˈn̪ˠaʊ.ən̪ˠ, ˈn̪ˠoː.ən̪ˠ",n̪d̪ɔmˠhən̪
ndé,,n̠ʲeː,ndʲɛ
ndísc,,ˈn̠ʲiːʃc,ndʲɪʃk
nead,Ulster; Connacht,n̠ʲad̪ˠ,n̪ɑd̪
ngarraí,Connacht,"ˈŋaɾˠiː, ˈŋɑɾˠiː",n̪gɑrɾʲi
ngram,,ˈŋɾˠamˠ,n̪gɾˠɑmˠ
nguí,,ŋiː,n̪gɪ
nighe,Munster; Connacht,n̠ʲiː,n̪ɪɟçi
nochtach,Connacht,"ˈnɔxt̪ˠəx, ˈnʊxt̪ˠəx",n̪ʊkht̪əx%1
nuaghinte,,ˈn̪ˠʊʝɪnʲtʲə,n̪uaɟçəntʲi
náid,Munster; Connacht,n̪ˠɑːdʲ,n̪aidʲ
ní ba,,ˈn̠ʲiːbə,n̪ɪ bˠɑ
nílid,,ˈnʲiːlʲɪdʲ,n̪ɪl̪idʲ
níon,,,n̪ɪn̪
níor,Connacht,n̠ʲiːɾˠ,n̪aɾˠ
níos,,n̠ʲiːsˠ,n̪ɪsˠ
nócha,,ˈn̪ˠoːxə,n̪ʊkhə
nótaire,Munster; Connacht,ˈn̪ˠoːtəɾʲə,n̪ɛtʲiɾʲi
ocht déag,Munster; Connacht,ɔxt̪ˠ dʲeːɡ,ɔkht̪ dʲɑg
ofráil,Connacht,ˈɔfˠɾˠɑːlʲ,ɔfɾʲəl̪
oideachais,Connacht,ˈɛdʲəxəʃ,ɛdʲicçiʃ
oilfidh,,"ˈɛlʲ(h)ɪɟ, ˈɪlʲ(h)ɪɟ",ɛlfʲidʲ
oireacht,Munster; Connacht,ˈeɾʲəxt̪ˠ,ɛɾʲəkht̪
ola,,ˈɔlˠə,ɔl̪ə
olca,Munster; Connacht,ˈɔlˠkə,ɔl̪kə
orainne,,ˈɔɾˠən̠ʲə,ɛɾʲən̪n̪ə
orm,Ulster; unstressed; Connacht,(ə)ɾˠmˠ,ɔɾˠəmˠ
ormsa,,ˈɔɾˠəmˠsˠə,ɔɾˠmˠsˠə
paidir,Connacht,ˈpˠadʲəɾʲ,pʲaidʲiɾʲ
paiste,,ˈpˠaʃtʲə,pʲaiʃtʲi
paiteanta,,ˈpˠatʲən̪ˠt̪ˠə,pʲaitʲən̪t̪ə
parasól,,ˈpˠa.ɾˠa.sˠoːl̪ˠ,pˠɑɾˠəsˠəl̪
pasta,,ˈpˠasˠt̪ˠə,pˠɑsˠt̪ə
peile,,ˈpʲɛlʲə,pʲɛl̪ə
phian,,fʲiənˠ,pʲçiən̪
phill,,,pʲçɪl̪l̪
phléisiúr,Connacht,ˈfʲlʲeːʃuːɾˠ,pˠhl̪ɛʃiəɾˠ
phota,,ˈfˠɔt̪ˠə,pˠhɔt̪ə
pian,,"pʲiənˠ, pʲiən̪ˠ",pʲiən̪
pianann,,ˈpʲiənˠən̪ˠ,pʲiən̪ən̪ˠ%1
pianta,,ˈpʲiən̪ˠt̪ˠə,pʲiən̪t̪ə
pilibín,Connacht,ˈpʲɪlʲəbʲiːnʲ,pʲɪl̪ibʲən̪
pinginí,Ulster; Connacht,ˈpʲiːn̠ʲiː,pʲɪnɟən̪ə
piocthacht,,"ˈpʲɪkəxt̪ˠ, ˈpʲʊkəxt̪ˠ",pˠɪkt̪həkht̪
pionta,,ˈpʲɪn̪ˠt̪ˠə,pˠɪn̪t̪ə
plaic,,pˠlˠac,pˠl̪aic
plaice,,ˈpˠlˠacɪ,pˠl̪aici
pluma,,ˈpˠlˠʊmˠə,pˠl̪ɔmˠə
plána,Connacht,ˈpˠlˠɑːnˠə,pˠl̪ɑn̪ə
pléisiúr,Connacht,ˈpʲlʲeːʃuːɾˠ,pˠl̪ɛʃiəɾˠ
pobail,Munster; Connacht,ˈpˠɔbˠəlʲ,pˠɛbʲəl̪
poipín,,"pˠɛˈpʲiːnʲ, ˈpˠɛpʲiːnʲ",pʲɛpʲən̪
pol,,pˠɔlˠ,pˠɔl̪
portach,Connacht,ˈpˠoɾˠt̪ˠəx ~ ˈpˠuɾˠt̪ˠəx,pˠɔɾˠt̪əx%1
portaireacht,,ˈpˠɔɾˠt̪ˠəɾʲəxt̪ˠ,pˠɔrtʲiɾʲəkht̪
pracar,,ˈpˠɾˠakəɾˠ,pˠɾˠɑkəɾˠ
prios,,pʲɾʲɪsˠ,pˠɾˠɪsˠ
prásach,Munster; Connacht,ˈpˠɾˠɑːsˠəx,pˠɾˠɑsˠəx%1
puimcín,Connacht,ˈpˠɪmʲciːn,pˠɪmʲcən̪
páipéir,Connacht,ˈpˠɑːpʲeːɾʲ,pʲaipʲiɾʲ
páirc,,pˠaːɾʲc,pʲɑːɾʲk
páirtí,Connacht,ˈpˠɑːɾˠtʲiː,pʲaiɾʲtʲi
páí,,ˈpˠɑː.iː,pʲai
péacógach,Connacht,ˈpʲeːkoːɡəx,pʲɑkəgəx%1
péinis,,ˈpʲeːnʲəʃ,pʲɛn̪iʃ
píbe,,ˈpʲiːbʲə,pʲɪbʲi
píobaire,,ˈpʲiːbˠəɾʲə,pˠɪbʲiɾʲi
píotsa,,ˈpʲiːt̪ˠsˠə,pˠɪt̪sˠə
pór,Munster; Connacht,pˠoːɾˠ,pˠəuɾˠ
pós,Munster; Connacht,pˠoːsˠ,pˠɔsˠ
raiméis,Connacht,ˈɾˠɑːmʲeːʃ,ɾʲaimʲiʃ
reachtach,Connacht,ˈɾˠaxt̪ˠəx,ɾʲɑkht̪əx%1
reic,,ɾˠɛc,ɾʲɛc
riach,,ɾˠiəx,ɾʲiəx%1
rinne,,ˈɾˠɪn̠ʲə,ɾʲɪn̪n̪ə
roimhe,Connacht,"ˈɾˠivʲə, ˈɾˠĩvʲə",ɾʲɛmʲçi
rop,,ɾˠɔpˠ,ɾˠɔpˠ
ropad,,ˈɾˠɔpˠəd̪ˠ,ɾˠɔpˠəd̪
rosta,,ˈɾˠosˠt̪ˠə,ɾˠɔsˠt̪ə
rotha,,ˈɾˠɔhə,ɾˠɔt̪hə
ruaigim,Munster; Connacht,ˈɾˠuəɟɪmʲ,ɾʲuaiɟimʲ
rugabhair,,ˈɾˠʊɡəwəɾʲ,ɾˠʊgibʲçiɾʲ
rugais,,ˈɾˠʊɡəʃ,ɾˠɛɟiʃ
rugas,,ˈɾˠʊɡəsˠ,ɾˠʊgəsˠ
réal,,"ɾˠeːlˠ, ɾˠeːl̪ˠ",ɾʲɑl̪
réasún,Connacht,"ˈɾˠeːsˠuːnˠ, ˈɾˠeːsˠuːn̪ˠ",ɾʲɑsˠən̪
rí,,ɾˠiː,ɾʲɪ
ríomhaire,,ˈɾˠiːvˠəɾʲə,ɾˠɪmʲçiɾʲi
ríomhchláraitheoir,,ɾˠiːvˠˈxlˠaːɾˠəhoːɾʲ,ɾˠɪmˠhkhl̪iɾʲitʲçoːiɾʲ
ríthe,,ˈɾˠiːhə,ɾʲɪtʲçi
saoi,,sˠiː,ʃæə
saol,Ulster; Connacht,"sˠiːlˠ, sˠiːl̪ˠ",sˠɑəl̪
sara fada,,ˈsˠɑɾˠə ˈfˠɑd̪ˠə,sˠɑɾˠə fˠɑd̪ə
scamhóg,Connacht,ˈsˠkawoːɡ,sˠkɑmˠhəg
scannán,,sˠkəˈn̪ˠaːn̪ˠ,sˠkɑn̪n̪ən̪
sceideal,,"ˈʃcɛdʲəlˠ, ˈʃcɛdʲəl̪ˠ",scɛdʲəl̪
scil,,ʃcɪlʲ,scɪl̪
scioból,Connacht,ˈʃcɪbˠoːl̪ˠ,sˠkɪbˠəl̪
scríobh,Ulster; Connacht,ʃcɾʲiːw,sˠkɾˠɪb
scáileán,,sˠkɑːlʲɑːnˠ,scail̪ən̪
seach,,ʃax,ʃəx%1
seaicéad,Connacht,ˈʃaceːd̪ˠ,ʃaicəd̪
seala,,"ˈʃalˠə, ˈʃal̪ˠə",ʃɑl̪ə
sealga,Ulster; Connacht,ˈʃalˠəɡə,ʃɑl̪gə
seamróga,Connacht,ˈʃamˠɾˠoːɡə,ʃɑmˠɾˠəgə
seanbhan,,ˈʃanˠˌwanˠ,ʃɑn̪bˠhən̪
seanbhean,Cois-Fharraige; Ulster; Connacht,ˈʃæːn̪ˠˌvʲæːn̪ˠ,ʃɑnbʲçən̪
seanchas,,"ˈʃanˠəxəsˠ, ˈʃan̪ˠəxəsˠ",ʃɑn̪khəsˠ
seanmóir,Mayo; Connacht,ˈʃanˠəmˠəɾʲ,ʃɑnmʲiɾʲ
seans,,ʃan̪ˠsˠ,ʃɑn̪sˠ
searbhas,Ulster; Connacht,ˈʃaɾˠəwəsˠ,ʃæɾˠbˠhəsˠ
seasc,,ʃasˠk,ʃɑsk
seise,,ˈʃɛʃə,ʃɛʃi
seolaim,Munster; Connacht,ˈʃoːl̪ˠəmʲ,ʃoːl̪imʲ
seám,,ʃaːmˠ,ʃɑːmˠ
sheabhac,Munster; Connacht,hauk,ʃçɑbˠhək
shleamhna,,"ˈ(h)lʲãunˠə, ˈ(h)lʲãun̪ˠə",sˠhl̪ɑmˠhn̪ə
shleamhnaigh,,"ˈ(h)lʲãunˠi, ˈ(h)lʲãunˠə, ˈ(h)lʲãun̪ˠi, ˈ(h)lʲãun̪ˠə, ˈ(h)lʲəunˠiː, ˈ(h)lʲəun̪ˠiː",sˠhl̪ʊmˠhn̪iː%1
shnámh,Munster; Connacht,hn̪ˠɑːvˠ,sˠhn̪ɑm
shrathnaigh,,"ˈ(h)ɾˠahnˠiː, ˈ(h)ɾˠahn̪ˠiː, ˈ(h)ɾˠʌhnˠi, ˈ(h)ɾˠʌhnˠə, ˈ(h)ɾˠʌhn̪ˠi, ˈ(h)ɾˠʌhn̪ˠə",sˠhɾˠʊt̪hn̪iː%1
shráid,Munster; Connacht,hɾˠɑːdʲ,sˠhɾʲaidʲ
shíníomar,Connacht,ˈhiːnʲiːmˠəɾˠ,ʃçɪn̪əmˠəɾˠ
siar,,ʃiəɾˠ,ʃiəɾˠ
sibhse,,ʃɪvʲʃə,ʃɪbʲhʃi
silín,Connacht,ˈʃɪlʲiːnʲ,ʃɪl̪ən̪
sine,,,ʃɪn̪ə
sine,Munster; Connacht,ˈʃɪnʲə,ʃɪn̪ə
siúd,,ʃuːd̪ˠ,ʃɪəd̪
sleamhna,Ulster; Connacht,"ˈʃl̠ʲãunˠə, ˈʃl̠ʲãun̪ˠə",sˠl̪ɑmˠhn̪ə
slis,Ulster; Connacht,ˈʃl̠ʲɪʃ,sˠl̪ɪʃ
slám,Munster; Connacht,sˠl̪ˠɑːmˠ,sˠl̪ɑmˠ
sléibhe,Ulster; Connacht,ˈʃlʲeːvʲə,sˠl̪ɛbʲçi
smál,Connacht,sˠmˠɑːlˠ,sˠmˠɑl̪
smólach,Connacht,ˈsˠmˠoːlˠəx,sˠmˠɔl̪əx%1
smúr,,ˈsˠmˠuːɾˠ,sˠmˠɔɾˠ
snaidhmfidh,,,sˠn̪aidʲhmfʲidʲ
snas,Ulster; Connacht,sˠn̪ˠasˠ,sˠn̪ɑsˠ
socrú,Connacht,ˈsˠɔkɾˠuː,sˠʊkɾˠə
soicind,,ˈsˠɛcənʲdʲ,ʃɛcən̪d̪
solas,,"ˈsˠɔlˠəsˠ, ˈsˠɔl̪ˠəsˠ",sˠɔl̪əsˠ
sona,Connacht,"ˈsˠʊnˠə, ˈsˠʊn̪ˠə",sˠɔn̪ə
spreag,,sˠpʲɾʲaɡ,sˠpɾʲɑg
spréigh,Ulster; Connacht,sˠpʲɾʲeːj,sˠpɾʲɛɟ
spréite,,ˈsˠpʲɾʲeːtʲə,sˠpɾʲɛtʲi
spóirt,Munster; Connacht,sˠpˠoːɾˠtʲ,spʲɛɾʲt̪
spórt,Munster; Connacht,sˠpˠoːɾˠt̪ˠ,sˠpˠɔɾˠt̪
srotha,,ˈsˠɾˠɔhə,sˠɾˠɔt̪hə
sráideanna,Munster; Connacht,ˈsˠɾˠɑːdʲən̪ˠə,sɾʲaidʲən̪n̪ə
stail,,sˠt̪ˠalʲ,stʲail̪
stair,Munster; Connacht,sˠt̪ˠaɾʲ,stʲaiɾʲ
stairiúil,Connacht,ˈsˠtˠaɾʲuːlʲ,stʲaiɾʲiəl̪
stróicthe,Munster; Connacht,ˈsˠt̪ˠɾˠoːcə,sˠtɾʲɛctʲçi
suaimhneach,Connacht,ˈsˠiːmʲɾʲəx,ʃuaimʲhn̪əx%1
suan,,sˠuən̪ˠ,sˠuan̪
suimiúil,Connacht,ˈsˠɪmʲuːlʲ,sˠɪmʲiəl̪
sábh,Connacht,sˠɑːw,sˠɑb
sách,Munster; Connacht,sˠɑːx,sˠəx%1
sáil,Munster; Connacht,sˠɑːlʲ,ʃail̪
sé,Munster; Connacht,ʃeː,ʃɛ
sé,,,ʃɛ
séabraí,,ˈʃeːbˠɾˠiː,ʃɑbɾʲi
séipéal,Connacht,ˈʃeːpʲeːl̪ˠ,ʃɛpʲəl̪
síbín,Connacht,ˈʃiːbʲiːnʲ,ʃɪbʲən̪
síniú,Connacht,ˈʃiːnʲuː,ʃɪn̪əə
sú,,sˠuː,sˠɔ
súiste,,ˈsˠuːʃtʲə,sˠɪʃtʲi
t-iarann,,ˈtʲiəɾˠən̪ˠ,tiəɾˠən̪ˠ%1
taenna,,ˈt̪ˠeːn̪ˠə,tʲeːn̪n̪ə
tagaimid,,ˈt̪ˠaɡəmʲədʲ,t̪ɑɟimʲidʲ
tagtar,,ˈt̪ˠaɡt̪ˠəɾˠ,t̪ɑgt̪əɾˠ
taobh,Ulster; Connacht,t̪ˠiːw,t̪ɑəb
taoiseach,Munster; Connacht,ˈt̪ˠiːʃəx,tʲæiʃəx%1
taoisigh,Connacht,ˈt̪ˠiːʃiː,tʲæiʃiɟ
taom,Ulster; Connacht,t̪ˠiːmˠ,t̪ɑəmˠ
teach,,tʲax,tʲəx%1
teacht,,tʲaxt̪ˠ,tʲɑkht̪
teachín,Connacht,ˈtʲaxiːnʲ,tʲɑcçən̪
teilg,,ˈtʲɛlʲɪɟ,tʲɛl̪əg
teilifís,,ˈtʲɛlʲɪfʲiːʃ,tʲɛl̪ifʲiʃ
teo,Munster; Connacht,tʲoː,tʲoː
thainic,,,tʲçain̪ic
thiocfá,,ˈhʊkfˠɑː,t̪hɪkfˠə
thraochta,Ulster; Connacht,ˈhɾˠiːxt̪ˠə,t̪hɾˠɑəkht̪ə
thuiscint,,ˈhɪʃcɪn̠ʲtʲ,t̪hɪʃcən̪t̪
thusa,,ˈhusˠə,t̪hɔsˠə
tigim,Munster; Connacht,ˈtʲɪɟɪmʲ,tʲɪɟimʲ
tirim,Connacht,tʲiɾʲəmʲ,tʲɪɾʲimʲ
titim,Munster; Connacht,ˈtʲitʲəmʲ,tʲɪtʲimʲ
tiuf-teaf,,ˈtʲufˠˌtʲafˠ,tʲɪəftʲəfˠ
tobar,Munster; Connacht,ˈt̪ˠɔbˠəɾˠ,t̪ɔbˠəɾˠ
tobán,Connacht,"ˈt̪ˠɔbˠɑːnˠ, ˈt̪ˠɔbˠɑːn̪ˠ",t̪ɔbˠən̪
toinne,,ˈt̪ˠɪn̠ʲə,tʲɔn̪n̪ə
toirneach,Connacht,"ˈt̪ˠauɾʲn̠ʲəx, ˈt̪ˠauɾˠn̠ʲəx, ˈt̪ˠɞɾʲn̠ʲəx",tʲɛɾʲn̪əx%1
toirt,,t̪ˠɔɾˠtʲ,tʲəiɾʲt̪
toitín,Connacht,ˈt̪ˠɛtʲiːnʲ,tʲɛtʲən̪
tosaitheoir,,ˈt̪ˠɔsˠəhoːɾʲ,t̪ɛʃitʲçoːiɾʲ
tosta,,ˈt̪ˠɔsˠt̪ˠə,t̪ɔsˠt̪ə
trasna,,"ˈtʲɾʲasˠn̪ˠə, ˈt̪ˠɾˠasˠn̪ˠə, ˈt̪ˠɾˠæsˠn̪ˠə, ˈt̪ˠɾˠɑsˠn̪ˠə",t̪ɾˠɑsˠn̪ə
trian,,"tʲɾʲiənˠ, tʲɾʲiən̪ˠ",tɾʲiən̪
tric,,tʲɾʲɪc,tɾʲɪc
triúr,,tʲɾʲuːɾˠ,tɾʲɪəɾˠ
troime,,ˈt̪ˠɾˠɪmʲə,tɾʲɛmʲi
truaill,,t̪ˠɾˠuəl̠ʲ,tɾʲuaəl̪l̪
truicear,,ˈt̪ˠɾˠɪcəɾˠ,t̪ɾˠɪcəɾˠ
tráigh,Connacht,t̪ˠɾˠɑː,tɾʲiː%1
tráth,Connacht,t̪ˠɾˠɑː,t̪ɾˠɑt
tráthnóna,Galway; Connacht,t̪ˠɾˠəˈnˠuːnˠə,t̪ɾˠɑt̪hn̪ən̪ə
tréidlia,,ˈtʲɾʲeːdʲlʲiə,tɾʲɛdʲl̪ə
tseamróg,Connacht,ˈtʲamˠɾˠoːɡ,tʃɑmˠɾˠəg
tsean-,,tʲanˠ,tʃɑn
tslis,,ˈtʲlʲɪʃ,t̪sˠl̪ɪʃ
tsnua,Ulster; Connacht,"t̪ˠɾˠũː, t̪ˠɾˠũːə",t̪sˠn̪ua
tsnátha,Connacht,"t̪ˠn̪ˠɑː, t̪ˠɾˠɑː",t̪sˠn̪ɑt̪hə
tsál,Munster; Connacht,t̪ˠɑːlˠ,t̪sˠɑl̪
tuairisc,,ˈt̪ˠuəɾʲɪʃc,tʲuaiɾʲiʃk
tugann,,ˈtˠʊɡən̪ˠ,t̪ʊgən̪ˠ%1
tuirse,,ˈt̪ˠʊɾˠʃə,t̪ɪɾʲʃi
tulach,Connacht,ˈt̪ˠol̪ˠəx,t̪ɔl̪əx%1
tur,Munster; Connacht,t̪ˠʊɾˠ,t̪əuɾˠ
tá,,t̪ˠaː,t̪ɑ
tá a fhios ag,,"t̪ˠaːsˠ eɟ, t̪ˠɑːsˠ eɟ",t̪ɑ ɑ fˠhɪsˠ ɑg
táid,,t̪ˠɑːdʲ,tʲaidʲ
tánaiste,Connacht,ˈt̪ˠɑːnˠəʃtʲə,t̪ɑn̪iʃtʲi
téid,,tʲeːdʲ,tʲɛdʲ
téigh,Ulster; Connacht,tʲeːj,tʲɛɟ
tí,,tʲiː,tʲɪ
tóig,,t̪ˠoːɟ,tʲɛɟ
tóin,Ulster; Connacht,t̪ˠoːnʲ,tʲɔn̪
tóin in airde,Connacht,"ˌt̪ˠuːnʲ əˈn̪ˠaiɾʲdʲə, ˌt̪ˠuːnʲ əˈn̪ˠɑːɾˠdʲə",tʲɔn̪ ɪn̪ aiɾʲdʲi
tóireacha,Munster; Connacht,ˈt̪ˠoːɾʲəxə,tʲɛɾʲəkhə
tóra,Munster; Connacht,ˈt̪ˠoːɾˠə,t̪ɔɾˠə
uainín,Connacht,ˈuənʲiːnʲ,uaən̪ən̪
uireasa,,ˈɪɾʲəsˠə,ɪɾʲəsˠə
uireaspach,,ˈɪɾʲəsˠpˠəx,ɪɾʲəsˠpˠəx%1
uisce beatha,,ˈɪʃcɪ ˈbʲahə,ɪʃci bʲɑt̪hə
ur-,Munster; Connacht,ʊɾˠ,ɔr
veigeatóir,Connacht,ˈvʲɛɟɪt̪ˠoːɾʲ,vɛɟitʲiɾʲ
vása,Connacht,ˈwɑːsˠə,vɑsˠə
Éirinn,,ˈeːɾʲən̠ʲ,ɛɾʲən̪n̪
Ó,Munster; Connacht,oː,ɔ
Ó Cathain,,oː ˈkahənʲ,ɔ kɑtʲçən̪
áiféis,Connacht,ˈɑːfʲeːʃ,aifʲiʃ
áinsíoch,Connacht,ˈaːn̠ʲʃiəx,ain̪sˠək
áisiúil,,ˈaːʃuːlʲ,aiʃiəl̪
áitithe,Munster; Connacht,ˈɑːtʲɪhə,aitʲitʲçi
áitím,Connacht,ˈɑːtʲiːmʲ,aitʲimʲ
áitíonn,Connacht,ˈɑːtʲiːn̪ˠ,ait̪ən̪n̪
áras,Munster; Connacht,ˈɑːɾˠəsˠ,ɑɾˠəsˠ
árasáin,Connacht,ˈɑːɾˠəsˠɑːnʲ,ɑɾˠiʃən̪
áth,Munster; Connacht,ɑː,ɑt
átha,,ˈaːhə,ɑt̪hə
éadach,Connacht,ˈeːd̪ˠəx,ɑd̪əx%1
éadaigh,Connacht,"ˈeːd̪ˠiː, ˈeːd̪ˠə",ɑdʲiː%1
éadtualaing,,ˈeːd̪ˠɔlən,ɑd̪t̪əl̪əng
éan,,,ɑn̪
éigéille,,ˈeːɟeːl̠ʲə,ɛɟəl̪l̪ə
éineacht,,ʲeːnʲəxt̪ˠ,ɛn̪əkht̪
éirigh,Connacht,"ˈaiɾʲiː, ˈaiɾʲə",ɛɾʲiɟ
í,,iː,ɪ
íocaim,,ˈiːkəmʲ,ɪcimʲ
íocaíocht,,ˈiːkiəxt̪ˠ,ɪkəəkht̪
íochtar,,"ˈiəxt̪ˠəɾˠ, ˈiːxt̪ˠəɾˠ",ɪkht̪əɾˠ
íosfad,,ˈiːsˠəd̪ˠ,ɪsˠfˠəd̪
ísle,Ulster; Connacht,ˈiːʃl̠ʲə,ɪʃl̪ə
óbó,,ˈoːbˠoː,ɔbˠə
ócáid,Connacht,ˈoːkɑːdʲ,ɛcidʲ
óige,Munster; Connacht,ˈoːɟɪ,ɛɟi
óinseacha,,ˈoːɲʃəxə,ɛnʃəkhə
ól,Munster; Connacht,oːl̪ˠ,ɔl̪
ór,Munster; Connacht,oːɾˠ,əuɾˠ
úim,,uːmʲ,iːmʲ
úinéara,Connacht,ˈuːnʲeːɾˠə,ɪn̪əɾˠə
úrscéal,,ˈuːɾˠˌʃceːlˠ,ɔɾˠscəl̪
úsáid,Connacht,ˈuːsˠɑːdʲ,ɛʃidʲ
úsáideoir,Connacht,ˈuːsˠɑːdʲoːɾʲ,ɛʃidʲoːiɾʲ
