word,tags,ipa
an-,Ulster; Connemara,ˈan̪ˠ
bindealán,Connacht,ˈbʲin̠ʲdʲəlˠɑːnˠ
cora,,ˈkɔɾˠə
Dia duit,,ˌdʲiə ˈd̪ˠɪtʲ
tarraing,Ulster,ˈt̪ˠaɾˠn̠ʲ
furasta,Galway,ˈfˠɾˠʊsˠt̪ˠə
oibre,Cois-Fharraige,ˈaibʲɾʲə
táirgiúil,Munster,t̪ˠɑːɾʲˈɟuːlʲ
gnóthaím,Ulster,ˈɡɾˠõːjəmˠ
Ceallach,Ulster,ˈcal̪ˠa(h)
mainicín,Ulster,ˈmˠanʲɪcinʲ
beannaigh,Galway,ˈbʲæn̪ˠə
breithimh,Ulster,ˈbʲɾʲɛhi
amhras,Aran,"ˈanˠvˠɾˠəsˠ, ˈavˠɾˠəsˠ, ˈãvˠɾˠəsˠ"
urlár,Munster,ʊɾˠˈl̪ˠɑːɾˠ
Rúisis,,ˈɾˠuːʃəʃ
brabúsach,Connacht,ˈbˠɾˠabˠuːsˠəx
cíora,,ˈciːɾˠə
almóinn,Connacht,ˈal̪ˠmˠoːn̠ʲ
oileán,Munster,ɪˈlʲɑːn̪ˠ
beithígh,Cois-Fharraige,ˈbʲɛi
ascaille,,ˈasˠkəl̠ʲə
dearmaid,Kerry,dʲaˈɾˠuːdʲ
litiam,,ˈl̠ʲɪtʲiəmˠ
-tar,,t̪ˠəɾˠ
abhann,Ulster,oːn̪ˠ
crú,Munster; Connacht,kɾˠuː
cabhsa,,ˈkausˠə
Fódhla,,"ˈfˠoːlˠə, ˈfˠoːl̪ˠə"
fuinneoga,Ulster,ˈfˠɪn̠ʲɔɡə
cnámha,Connacht,"knˠɑːvˠə, kɾˠɑːwə"
gairm,,
náisiún,Ulster,ˈn̪ˠæːʃunˠ
gála,Munster; Connacht,ˈɡɑːl̪ˠə
acastóir,Connacht,ˈaˌkasˠt̪ˠoːɾʲ
teachín,Connacht,ˈtʲaxiːnʲ
fiacháil,Ulster,ˈfʲia̯xælʲ
ghaiscígh,Ulster,ˈɣaʃci
Seoirse,Ulster,ˈʃɔːɾˠsˠə
coighcíos,Munster,kəiˈciːsˠ
toiligh,Munster,ˈt̪ˠɞlʲɪɟ
éistim,Ulster,ˈeːʃtʲəmˠ
cliabhán,Connacht,"ˈclʲiəwɑːnˠ, ˈclʲiəwɑːn̪ˠ"
leon,Ulster; Munster,lʲoːn̪ˠ
deinim,,"ˈdʲɛnʲəmʲ, ˈdʲɛnʲɪmʲ, ˈdʲɪnʲəmʲ"
sraoill,Ulster; Connacht,sˠɾˠiːl̠ʲ
aer,Ulster,ɛːɾˠ
leamh,Munster,ˈlʲau
láidir,Munster; Connacht,ˈl̪ˠɑːdʲəɾʲ
scabadh,Ulster,ˈsˠkabˠuː
cointinn,Ulster,ˈkɪn̠ʲtʲən̠ʲ
finn,Waterford,fʲiːɲ
ríocht,Munster; Connacht,ɾˠiəxt̪ˠ
purgóid,Munster,pˠɾˠəˈɡoːdʲ
cótaí,Munster,koːˈt̪ˠiː
búistéara,,ˈbˠuːʃtʲeːɾˠə
Taoiseach,Munster; Connacht,ˈt̪ˠiːʃəx
biorach,Munster,bʲɪˈɾˠɑx
agaibh,Munster,əˈɣivʲ
go dtí go,,ɡə ˈdʲiː ɡə
magadh,Galway,ˈmˠaɡə
brobh,Mayo,bˠɾˠɔw
easna,Cois-Fharraige,ˈaːsˠn̪ˠə
bod,Ulster,bˠʌd̪ˠ
tubaiste,Munster,t̪ˠəˈbˠɑːʃtʲə
altfadh,Mayo,ˈal̪ˠt̪ˠuː
teann,Munster,tʲaun̪ˠ
éiríonn,Connacht,ˈəiɾʲiːn̪ˠ
gasa,Aran,ˈɡasˠiː
cliathán,Munster,"clʲiəˈhɑːn̪ˠ, clʲiːˈhɑːn̪ˠ"
dóid,Ulster,d̪ˠɔːdʲ
uí,,iː
dúin,,d̪ˠuːnʲ
Gaedhlaing,,ˈɡeːlɪɲ
mil,Munster; Connacht,mʲɪlʲ
gearbach,Munster; Connacht,ˈɟaɾˠəbˠəx
d'fhág,Ulster,d̪ˠaːɡ
dreoigh,Munster,dʲɾʲoːɟ
anlann,Munster,"ˈɑun̪ˠl̪ˠən̪ˠ, ˈɑ̃ũn̪ˠl̪ˠən̪ˠ"
girseach,Ulster,ˈɟɪɾˠsˠa(h)
cuiseog,Ulster,ˈkɪʃɔɡ
Spáinne,Ulster,ˈsˠpˠæːn̠ʲə
díobh,Cois-Fharraige,d̪ˠiːbˠ
seilbh,Ulster; also,ˈʃɨ̞lʲəvʲ
tóin,Ulster; Connacht,t̪ˠoːnʲ
eisigh,Munster,ˈɛʃɪɟ
cnótha,Galway,ˈknˠohiː
geimhrigh,Munster,ˈɟiːɾʲɪɟ
acastóir,Ulster,ˈaˌkasˠt̪ˠaɾʲ
ceapadh,Mayo,ˈcapˠuː
átha,,ˈaːhə
buaine,Ulster,"ˈbˠiːnʲə, ˈbˠɯːnʲə"
glantóir,Munster,ɡl̪ˠan̪ˠˈt̪ˠoːɾʲ
chugainn,Munster,xuːnʲ
feidhmeannach,,ˈfʲəimʲən̪ˠəx
beaga,Aran,bʲɞɡə
beidh,Ulster,"bʲe(ː)j, bʲəi, bʲɛ"
liopard,,ˈlʲi.pˠəɾˠdˠ
ceo bruithne,Ulster,ˈcɔː ˈbˠɾˠɪhnʲə
fireann,,ˈfʲɪɾʲən̪ˠ
glún,Ulster; Connacht,ɡlˠuːnˠ
sáiste,Ulster,ˈsˠaːʃtʲə
deasa,,ˈdʲasˠə
geimhreadh,Kerry; Munster; Cork,ˈɟiːɾʲə
leathach,Ulster,ˈl̠ʲɛha(x)
deirim,Ulster,ˈdʲɛɾʲəmˠ
roghnachas,Ulster,"ˈɾˠeːnˠahasˠ, ˈɾˠɤːnˠahasˠ"
mapa,,ˈmˠapˠə
bleácach,,ˈbʲlʲɑːkəx
dúlamán,Ulster,ˈd̪ˠuːlˠəmˠænˠ
Cáit,,"kaːtʲ, kɑːtʲ"
ócairín,Ulster,ˈɔːkəɾʲinʲ
baisteadh,Galway; Ulster; Mayo,ˈbˠaʃtʲətʲ
fíniúnach,Ulster,ˈfʲiːnʲunˠa(h)
cainteach,Munster,ˈkainʲtʲəx
tost,,"t̪ˠɔsˠt̪ˠ, t̪ˠɞsˠt̪ˠ"
fosclóchaidh,Ulster,"ˈfˠasˠklˠaxi, ˈfˠɔsˠklˠaxi"
Abcáisis,,"abˠˈkaːʃɪʃ, ˈabˠkaːʃɪʃ"
cailleach,Munster,kəˈlʲax
galánta,Ulster,"ˈɡalˠan̪ˠt̪ˠə, ˈɡal̪ˠan̪ˠt̪ˠə"
breathnú,Cois-Fharraige,ˈbˠɾˠæːn̪ˠuː
casa,Aran; Munster,ˈkɑsˠə
Ros Comáin,,ɾˠɔsˠ ˈkʊmˠɑːnʲ
coirce,Ulster,ˈkɔɾʲcə
bolraíoch,Ulster,"ˈbˠɔlˠɾˠia(x), ˈbˠɔlˠrˠia(x)"
tugaim,Munster; Connacht,ˈt̪ˠʊɡəmʲ
ciontach,Ulster,ˈcɨ̞n̪ˠt̪ˠa(x)
foirmiúlacht,Connacht,"ˈfˠɔɾˠmʲuːlˠəxt̪ˠ, ˈfˠɔɾˠmʲuːl̪ˠəxt̪ˠ"
dreo,Ulster,dʲɾʲɔː
riast,Munster,ˈɾˠiəsˠt̪ˠə
pisreog,Ulster,ˈpʲɪʃɾʲɔɡ
cúnamh,Cois-Fharraige,ˈkuːn̪ˠə
éilítear,Connacht,ˈeːlʲiːɾʲ
peacadh,Mayo; Ulster,ˈpʲaku(ː)
achar,,ˈaxəɾˠ
gabhála,Ulster,ˈɡɔːlˠə
cat crainn,Mayo; Ulster,ˌkat̪ˠ ˈkɾˠɪn̠ʲ
rang,Cois-Fharraige,ɾˠaːŋɡ
stagún,Munster,sˠt̪ˠəˈɡuːn̪ˠ
bean rialta,,ˌbʲanˠ ˈɾˠiəl̪ˠt̪ˠə
seisreach,Ulster,ˈʃɛʃɾʲa(x)
tiuf-teaf,,ˈtʲufˠˌtʲafˠ
tinnis,,ˈtʲɪn̠ʲəʃ
ithim,Munster,ˈihəmʲ
ceoltóir,Munster,coːl̪ˠˈt̪ˠoːɾʲ
aoibheallach,Munster; Connacht,ˈiːvʲəl̪ˠəx
cíocrach,Connacht,ˈciːkɾˠəx
focal,Ulster; Munster; Connacht,ˈfˠɔkəl̪ˠ
tarraing,Cois-Fharraige,ˈt̪ˠaɾˠən̠ʲ
stairiúil,Ulster,ˈsˠtˠaɾʲulʲ
seanchas,,"ˈʃanˠəxəsˠ, ˈʃan̪ˠəxəsˠ"
cánach,Ulster,ˈkæːnˠa(h)
suirí,Munster,sˠɪˈɾʲiː
Cóbh,,koːvˠ
muirín,Ulster,ˈmˠɪɾʲinʲ
gearrtha,Cois-Fharraige; Mayo,ˈɟɑːɾˠhə
dealbh,,ˈdʲalˠəvˠ
eascann,Aran,ˈæsˠkən
clamhsán,Connacht,"ˈklˠausˠɑːnˠ, ˈkl̪ˠausˠɑːn̪ˠ"
drong,Aran,d̪ˠɾˠɔŋ
suíomh,Galway; Munster,sˠiːvˠ
cumannachas,,ˈkʊmˠən̪ˠəxəs
mairg,Munster,ˈmˠɑɾʲɪɟ
deiseal,,ˈdʲɛʃəlˠ
brisfidh,Munster,ˈbʲɾʲɪʃɪɟ
caitheamh,Mayo,ˈkahuː
tagann,,ˈt̪ˠaɡən̪ˠ
straiméad,Ulster,ˈsˠt̪ˠɾˠaːmʲædʲ
deargadh,Galway; Munster,ˈdʲaɾˠəɡə
ar an ásc sin,Ulster,ɛɾʲ ənˠ ˈæːsk ʃɪnʲ
buíocán,Connacht,"ˈbˠiːkɑːnˠ, ˈbˠiːkɑːn̪ˠ"
máistir,Ulster,ˈmˠaiʃtʲəɾʲ
áraistí,Munster,ɑːɾˠəʃˈtʲiː
dailtín,Munster,d̪ˠɑlʲˈtʲiːnʲ
eascrach,,ˈasˠkɾˠəx
fathach,Ulster,"fˠaːx, ˈfˠaiha(x)"
airde,Ulster,ˈʌɾˠdʲə
peanna,Cois-Fharraige,ˈpʲaːn̪ˠə
maraigh,Mayo,ˈmˠaɾˠiː
Bealach Féich,Ulster,ˌbʲalˠa(x)ˈfʲəi̯
anraith,Ulster,"ˈaːnˠɾˠɪ, ˈaːnˠrˠɪ"
ceirt,,cɛɾˠtʲ
spreagadh,Munster,ˈsˠpʲɾʲaɡəɡ
fill,Munster,fʲiːlʲ
fria,Cois-Fharraige,fˠɾˠeː
einte,Ulster,ˈen̠ʲtʲə
beireadh,Mayo,ˈbʲɛɾʲuː
macánta,Connacht,ˈmakɑːn̪ˠt̪ˠə
barúil,Connacht,ˈbˠaɾˠuːlʲ
galraí,Ulster,"ˈɡalˠɾˠiː, ˈɡalˠrˠiː"
adhann,Munster,ˈɑɪ(ə)n̪ˠ
cealg,Ulster; Munster; Connacht,ˈcal̪ˠəɡ
saonta,Munster,ˈsˠeːn̪ˠt̪ˠə
cruthaigh,Ulster,ˈkɾˠʊhi
deileanna,,ˈdʲɛlʲən̪ˠə
fealsúnacht,Connacht,ˈfʲal̪ˠsˠuːnˠəxt̪ˠ
nó go,Munster,n̪ˠuː ɡə
slogadh,Galway,ˈsˠl̪ˠɔɡəvˠ
Muimhneach,Munster,ˈmˠiːn̠ʲəx
agamsa,Aran,"ˈɑmˠsˠə, ˈɑɡəmˠsˠə"
cathaoireacha,Munster,kaˈhiːɾʲəxə
curach,Ulster,"ˈkɤɾˠa, ˈkɤɾˠah, ˈkɤɾˠax"
Gearmáin,Mayo; Connemara,ˈɟaɾˠəmˠɑːnʲ
coicheán,Ulster,ˈkɔihanˠ
Connacht,Munster,ˈkɔn̪ˠəxt̪ˠ
óstach,Ulster,ˈɔːsˠt̪ˠa(h)
garga,,ˈɡaɾˠəɡə
áiteamh,Ulster,ˈɑːtʲu
comparáid,Munster,kõmˠpˠəˈɾˠɑːdʲ
dílse,Galway,ˈdʲiːlʲʃə
beidh,Connacht,"bʲai, bʲe"
fuinseog,Connacht,ˈfˠɪn̠ʲʃoːɡ
éad,Ulster; Connacht,eːd̪ˠ
catach,Connacht,ˈkat̪ˠəx
treabhaite,Ulster,ˈtʲɾʲɨ̞tʲə
orla,,ˈɔːɾˠl̪ˠə
teoiric,Ulster,ˈtʲɔːɾʲɪc
sleá,Munster; Connacht,ˈʃl̠ʲɑː
foscadh,Cois-Fharraige,ˈfˠasˠkə
ribe,,ˈɾˠɪbʲə
páistí,Munster,pˠɑːʃˈtʲiː
cóisir,Munster; Connacht,ˈkoːʃəɾʲ
Fine Gael,,ˌfʲɪnʲə ˈɡeːlˠ
bídh,Munster,bʲiːɟ
máthair,Connacht,ˈmˠãːhəɾʲ
abláil,Munster,əbˠəˈl̪ˠɑːlʲ
áitíonn,Connacht,ˈɑːtʲiːn̪ˠ
imir,,ˈɪmʲəɾʲ
sagairt,Cois-Fharraige,ˈsˠæɡəɾˠtʲ
spéis,,sˠpʲeːʃ
nuaghinte,,ˈn̪ˠʊʝɪnʲtʲə
flichne,Ulster,ˈfʲlʲɨ̞hnu
taispeáin,Cois-Fharraige,"t̪ˠəˈsˠpˠɑːnʲ, ˈsˠpˠɑːnʲ"
ging,,ɟɪɲ
canáil,Connacht,ˈkanˠɑːlʲ
gort,Munster,ɡʌɾˠt̪ˠ
mochóiríoch,Cork,mˠəˈxoːɾʲiːx
diaspóra,Connacht,ˈdʲiəsˠpˠoːɾˠə
cár,Ulster,kaːɾˠ
damhán,Ulster,"ˈd̪ˠawanˠ, ˈd̪ˠawan̪ˠ"
mion,Munster,mʲɨn̪ˠ
plátaí,Connacht,ˈpˠlˠɑːt̪ˠiː
aireachtáil,Mayo,ˈaɾʲəxt̪ˠɑːlʲ
lasmuigh,Munster,l̪ˠasˠˈmˠɪɟ
feirge,,ˈfʲɛɾʲɪɟɪ
buaine,Munster; Connacht,ˈbˠuənʲə
tosaigh,Ulster,ˈt̪ˠʌsˠi
damhsa,dated,ˈd̪ˠə̃ũsˠə
naonúr,Connacht,ˈn̪ˠiːnˠuːɾˠ
magadh,Munster,ˈmˠɑɡə
sútra,,ˈsˠuːt̪ˠɾˠə
dhíotsa,,ˈjiːt̪ˠsˠə
déanann,Aran,"ˈdʲeːnən̪ˠ, ˈdʲiːnən̪ˠ"
bruith,Cois-Fharraige,bˠɾˠʊ
miotóg,Connacht,ˈmʲɪt̪ˠoːɡ
agat,Munster,"əˈɡut̪ˠ, əˈɡɑt̪ˠ, əˈɣɑt̪ˠ"
bailím,Aran,ˈbˠaliːmʲ
molfaidh,Ulster,"ˈmˠʌlˠhi, ˈmˠʌlˠhə, ˈmˠʌl̪ˠhə"
ceathrú,Munster,"cahəˈɾˠuː, caɾˠˈhuː"
scoláireacht,Connacht,ˈsˠkɔlˠɑːɾʲəxt̪ˠ
ciníocha,Munster,cɪˈnʲiːxə
dream,Ulster; Connacht,dʲɾʲamˠ
fulang,Kerry; Munster; Cork,ˈfˠol̪ˠəɡ ~ ˈfˠul̪ˠəɡ
seilbhe,,ˈʃɛlʲəvʲə
lúbaire,,ˈl̪ˠuːbˠəɾʲə
boladh,Kerry,"bˠl̪ˠa(h), bˠəˈl̪ˠɑh ~ bˠl̪ˠɑh"
dóigh,Ulster,d̪ˠoːj
lá saoire,Munster,ˈl̪ˠɑː ˈsˠiːɾʲə
trach,,t̪ˠɾˠɑx
tógtar,,ˈt̪ˠoːkt̪ˠəɾˠ
liacht,,l̠ʲiəxt̪ˠ
scrábán,Connacht,ˈsˠkɾˠɑːbɑːnˠ
saothrú,Cois-Fharraige,ˈsˠiːɾˠuː
tuirse,,ˈt̪ˠʊɾˠʃə
gliogaire,,ˈɟlʲɯɡəɾʲə
ghním,Connacht,n̠ʲiːmʲ
faigh,,fˠəi
ucht,Connacht,ɔxt̪ˠ
annamh,Ulster,ˈan̪ˠũ
paráiste,Ulster,ˈpˠaɾˠæʃtʲə
teoiric,Munster; Connacht,ˈtʲoːɾʲɪc
caillte,Mayo,ˈkalʲtʲiː
slog,Munster,"sˠl̪ˠoɟ, sˠl̪ˠɔɡ"
gol,Munster; Connacht,ɡɔl̪ˠ
cathaoirleach,Cois-Fharraige,ˈkaiɾˠl̠ʲəx
cleachtadh,Mayo; Ulster,ˈclʲaxt̪ˠətʲ
duine,Ulster; Munster; Connacht,ˈd̪ˠɪnʲə
crann,Cois-Fharraige; Aran,kɾˠɑːn̪ˠ
raibh,Ulster,ɾˠo(h)
foláir,Cois-Fharraige,fʲlʲɑːɾˠ
míol-luibh,Ulster,ˈmʲiəl̪ˠɨ̞vʲ
treabh,Connacht,ˈtʲɾʲəu
corradh,Ulster,ˈkɔɾˠu
roithleán,Ulster,"ˈɾˠɨ̞hlʲanˠ, ˈɾˠɨ̞hlʲan̪ˠ"
caora,Ulster; Munster; Connacht,ˈkiːɾˠə
cailce,,ˈkalʲcə
aistrím,Munster,aʃˈtʲɾʲiːmʲ
agus,Ulster; Mayo; Aran; Connemara; Munster,"əɡəsˠ, ɡəsˠ"
fána,Ulster,"ˈfˠaːnˠə, ˈfˠaːn̪ˠə"
Bairbre,,ˈbˠaɾʲəbʲɾʲə
laistiar,,l̪ˠaʃˈtʲiəɾˠ
aneas,Ulster,"(ə)ˈn̠ʲasˠ, (ə)ˈn̠ʲɛsˠ"
gil,,ɟɪlʲ
oblátach,Connacht,ˈɔbˠlˠɑːt̪ˠəx
gealbhan,Munster,ɟəˈl̪ˠuːn̪ˠ
oibriú,Mayo,ˈɛbʲɾʲuː
ar dtús,,əɾˠˈd̪ˠuːsˠ
dronuilleog,Ulster,ˈd̪ˠɾɔnˠˌɪl̠ʲaɡ
scuabadh,Galway; Munster,ˈsˠkuəbˠə
domlas,Munster,ˈd̪ˠumˠəlˠəsˠ ~ ˈd̪ˠomˠəlˠəsˠ
áibhéis,Ulster,ˈaːvʲɛʃ
ionadh,Mayo,"ˈiːnˠuː, ˈiːn̪ˠuː"
gnóthaigh,Ulster,ɡɾˠõːj
bagún,Ulster,ˈbˠaɡunˠ
mamach,Ulster,ˈmˠamˠa(x)
croch,Ulster,kɾˠʌx
id,,ɪd̪ˠ
sop,Munster,sˠɞpˠ
admhaím,Munster,ɑd̪ˠəˈvˠiːmʲ
inar,,ˈɪnˠəɾˠ
díchiall,Munster,ˌdʲiːˈceːlʲə
fataí,Connacht,"ˈfˠat̪ˠiː, ˈfˠɑt̪ˠiː"
cóireáil,Connacht,ˈkoːrʲɑːlʲ
carbón,Munster,kəɾˠ(ə)ˈbˠoːn̪ˠ
srathnaigh,Galway,"ˈsˠɾˠahnˠə, ˈsˠɾˠahn̪ˠə"
raon,Munster,ˈɾˠeːn̪ˠ
Th,,h
Francach,Ulster,ˈfˠɾˠaŋka(h)
beag,Munster; Connacht,bʲɞɡ
fichead,Aran; Ulster; Munster,ˈfʲɪhəd̪ˠ
sáith,Ulster,"sˠaːç, sˠaːi̯ç"
dathúil,Cois-Fharraige,"d̪ˠəulʲ, ˈd̪ˠahuːlʲ, ˈd̪ˠauːlʲ"
cion,Munster,cun̪ˠ
cruaidh,Munster,"kɾˠuəɟ, kɾˠuɛ̯ɟ"
lear,,l̠ʲaɾˠ
toisc,Munster,t̪ˠɔʃc
chaoirigh,Ulster,ˈxiːɾʲi
naomhóg,Munster,"n̪ˠeːˈvˠoːɡ, n̪ˠɑɪ(ə)ˈvˠoːɡ"
fuáil,Connacht,ˈfˠuːɑːlʲ
fata,Connacht,"ˈfˠat̪ˠə, ˈfˠɑt̪ˠə"
bhfuáil,,ˈwuːaːlʲ
uirrim,Munster,ˈɪɾʲəmʲ
saorann,Munster,ˈsˠeːɾˠən̪ˠ
ina dhiaidh,Aran,nə ˈjiə
héileacaptar,,ˈheː.l̪ʲəˌkapˠ.t̪ˠəɾˠ
tithe ósta,Ulster,ˌtʲɪhə ˈɔːsˠt̪ˠə
iontas,Ulster; Connacht,ˈiːn̪ˠt̪ˠəsˠ
romham,Ulster; Munster,ɾˠõːmˠ
Gaeilge,Munster,"ˈɡeːl̪ˠənʲ, ˈɡɰeːl̪ˠɪnʲ, ˈɡɰeːl̪ˠɪɲ"
Fínín,Munster,fʲiːˈnʲiːnʲ
pilibín,Ulster,ˈpʲɨ̞lʲəpʲinʲ
dearnamar,,ˈdʲaːɾˠn̪ˠəmˠəɾˠ
ticéad,,tʲɪceːd̪ˠ
seasc,,ʃasˠk
dearcaim,Munster; Connacht,ˈdʲaɾˠkəmʲ
criathar,Ulster; Munster,ˈcɾʲiːhəɾˠ
chuaigh,Galway; Ulster; Munster,xuə
cuideachtúil,Connacht,ˈkudʲəxt̪ˠuːlʲ
bille,,ˈbʲɪlʲə
ionsaí,Ulster,ˈɤnˠsˠi
uimhir,Munster; Connacht,ˈɪvʲəɾʲ
buíocháin,Connacht,ˈbˠiəxɑːnʲ
cumhdaigh,Galway,ˈkuːd̪ˠə
deora,Munster; Connacht,ˈdʲoːɾˠə
conairt,Munster,ˈkɔn̪ˠəɾˠtʲ
casfar,,ˈkɑsˠfˠəɾˠ
Connachtach,Munster; Connacht,ˈkon̪ˠəxt̪ˠəx
roth,Kerry,ɾˠɞh
fágtha,Munster,ˈfˠɑːkəhə
fearúil,Connacht,ˈfʲaɾˠuːlʲ
-as,,əsˠ
clogad,Ulster,"ˈklˠʌɡəd̪ˠ, ˈkl̪ˠʌɡəd̪ˠ"
flaithiúil,Ulster,"ˈfˠlˠahulʲ, ˈfˠl̪ˠahulʲ"
ga,Aran,ˈɡɞhə
naoscann,Ulster,"ˈn̪ˠiːsˠkən̪ˠ, ˈn̪ˠɯːsˠkən̪ˠ"
gléas,Munster,ɟlʲiːa̯sˠ
scrios,Ulster,ʃcɾʲɨ̞sˠ
hata,Ulster; Connacht,ˈhat̪ˠə
caithne,,ˈkahnʲə
stopallán,Connacht,ˈsˠt̪ˠɔpəl̪ˠɑːnˠ
cad é an dóigh atá ort,Ulster,kəˈdʲeː ənˠ d̪ˠoːj əˈt̪ˠaː ɔɾˠt̪ˠ
taoiseach,Ulster,"ˈt̪ˠiːʃah, ˈt̪ˠiːʃax"
feolta,Ulster,ˈfʲɔːl̪ˠt̪ˠə
ardfhear,Munster; Connacht,ˈɑːɾˠd̪ˠˌaɾˠ
compóirt,Cois-Fharraige,ˈkuːmˠpˠoːɾˠtʲ
sara fada,,ˈsˠɑɾˠə ˈfˠɑd̪ˠə
sleán,Ulster,"ʃl̠ʲaːnˠ, ʃl̠ʲaːn̪ˠ"
uathlathaí,Munster,uəl̪ˠəˈhiː
clúdach,Munster; Connacht,"ˈklˠuːd̪ˠəx, ˈkl̪ˠuːd̪ˠəx"
déanaidís,Aran,ˈdʲiːnədʲiːʃ
Dún na nGall,Ulster,ˌd̪ˠuːn̪ˠəˈŋal̪ˠ
crann,Munster,kɾˠaun̪ˠ
ar aghaidh,Munster,ɛɾʲ ˈəiɟ
geire,,ˈɟɛɾʲə
Albanach,Connacht,"ˈalˠəbˠənˠəx, ˈal̪ˠəbˠən̪ˠəx"
loit,Ulster,l̪ˠɔtʲ
sreang,Munster,ʃɾˠauŋɡ
mónóg,Ulster,ˈmˠɔːnˠaɡ
easóg,Connacht,"ˈasˠoːɡ, ˈæsˠoːɡ"
guite,,ˈɡɪtʲə
mar ea,,mˠaɾˠ ˈja
piachán,Connacht,ˈpʲiəxːɑːn
Sasanach,Ulster,"ˈsˠasˠənˠa(x), ˈsˠasˠən̪ˠa(x)"
cíobhaí,Ulster; Connacht,ˈciːwiː
reachtach,Ulster,ˈɾˠaxt̪ˠa(x)
dol,Ulster; Connacht,d̪ˠɔlˠ
dímhúineadh,Ulster,"ˈdʲiːmˠuːnˠu, ˈdʲiːmˠuːn̪ˠu, ˈdʲiːwuːnˠu, ˈdʲiːwuːn̪ˠu"
grinne,Waterford,ˈɟɾʲɪɲə
tréith,,tʲɾʲeː
clúiteach,Munster; Connacht,ˈkl̪ˠuːtʲəx
acadamh,Ulster,ˈakəd̪ˠu
margadh,Mayo; Ulster,ˈmˠaɾˠəɡuː
cinnidh,Munster,ˈcɪnʲɪɟ
tábhacht,Ulster,ˈt̪ˠaːwa(x)t̪ˠ
súiste,,ˈsˠuːʃtʲə
séide,,ˈʃeːdʲə
pis,,pʲɪʃ
bronntanas,Munster,ˈbˠɾˠɑun̪ˠt̪ˠən̪ˠəsˠ
ionraic,Ulster,ˈʌn̪ˠɾˠɪcɪ
nádúr,,ˈn̪ˠaːd̪ˠuːɾˠ
cluife,,"ˈklˠifʲə, ˈklˠufʲə, ˈklˠɨfʲə"
gleoite,,ˈɟlʲoːtʲə
a chairde,Ulster,ə ˈxæːɾˠdʲə
billiún,,ˈbʲil̠ʲuːnˠ
ngnóthaí,Cois-Fharraige,ˈn̪ˠuːiː
badráil,Ulster,ˈbˠad̪ˠɾˠalʲ
giúis,Munster; Connacht,ɟuːʃ
múch,,mˠuːx
deireanach,Aran,ˈdʲɛɾʲ(ə)nəx
planda,Munster,pl̪ˠaun̪ˠd̪ˠə
tiocfas,,ˈtʲʊkəsˠ
saoithiúil,Ulster,ˈsiːhwəlʲ
scaradh,Galway,ˈsˠkaɾˠə
geilt,,
fliuchadh,Galway; Munster,"ˈfʲlʲʊxə, ˈfʲlʲʊxəx"
in ainneoin,Ulster,əˈn̪ˠæn̠ʲænʲ
ionad,Connacht,ˈinˠəd̪ˠ
ofrála,Connacht,"ˈɔfˠɾˠɑːlˠə, ˈɔfˠɾˠɑːl̪ˠə"
laethanta na riabhaí,Connacht,ˈl̪ˠeːhən̪ˠt̪ˠə n̪ˠə ˈɾˠiəwiː
lúb,,l̪ˠuːbˠ
mórachas,Ulster,ˈmˠʌrˠaxəsˠ
bualadh,Galway; Munster,ˈbˠuəl̪ˠə
barr,Munster; Connacht,bˠɑːɾˠ
rú,,ɾˠuː
crosaire,,ˈkɾˠɔsəɾʲə
cnogaí,,ˈknˠuɡiː
coisrig,,ˈkɔʃɾʲɪc
béarla,Munster,ˈbʲiːa̯ɾˠl̪ˠə
doras,Munster,ˈd̪ˠʌɾˠəsˠ
dreancaid,,ˈdʲɾʲaŋkədʲ
croíthe,,ˈkɾˠiːhɪ
dreapaireacht,Ulster,ˈdʲɾʲapˠəɾʲa(x)t̪ˠ
neimheadh,Ulster,ˈnʲɛvʲu
seascann,Ulster,ˈʃasˠkənʲ
cealgfaidh,Galway; Ulster; Mayo,ˈcalˠəkə
tóra,Munster; Connacht,ˈt̪ˠoːɾˠə
cruinniú,Connacht,ˈkɾˠɪn̠ʲuː
foclóir,Ulster,ˈfˠʌkl̪ˠɔɾʲ
umhlú,Munster,uːˈl̪ˠuː
seisear,,ˈʃɛʃəɾˠ
toghadh,Connacht,ˈt̪ˠəu.ə
túir,,t̪ˠuːɾʲ
uireasach,,ˈɪɾʲəsˠəx
caismirt,Ulster,ˈkæʃmʲəɾˠtʲ
saor,Munster,sˠeːɾˠ
chaoirigh,Munster,ˈxiːɾʲɪɟ
stróic,,sˠt̪ˠɾˠoːc
tiargáil,Munster,tʲiː(ə)ɾˠˈɡɑːlʲtʲ
gairmiúil,Munster,ɡaɾʲɪˈmʲuːlʲ
Seoighe,,ˈʃoːjə
ainrialaí,,ˈanʲˌɾˠiəlˠiː
Ceilteach,Connacht,ˈcɛl̠ʲtʲəx
ligh,Connacht,l̠ʲiː
smachtín,Ulster,ˈsˠmˠaxtʲiːnʲ
rámhaille,Ulster,ˈɾˠaːwəl̠ʲi
boga,,ˈbˠɔɡə
coille,,ˈkɞl̠ʲə
gearach,Ulster,ˈɟaɾa(x)
pobail,Munster; Connacht,ˈpˠɔbˠəlʲ
chíonn,,çiːn̪ˠ
sáim,Ulster,sˠaːmˠ
rón,Ulster,"ˈɾˠõːnˠ, ˈɾˠõːn̪ˠ"
naoscach,Ulster,ˈn̪ˠiːsˠka(h)
glún,Ulster; Munster; Connacht,ɡl̪ˠuːn̪ˠ
pápa,Munster; Connacht,ˈpˠɑːpˠə
léim,Ulster,"ˈl̠ʲeːjəmˠ, ˈl̠ʲɛi̯jəmˠ"
bacach,Cois-Fharraige; Connacht,ˈbˠaːkəx
aonarach,Munster,ˈeː(ə̯)n̪ˠ(ə)ɾˠəx
cába,Ulster,ˈkaːbˠə
maoth,Ulster,mˠɯ̃ː
cairéad,Munster,kaˈɾʲiad̪ˠ
slua,Ulster,sˠl̪ˠɔː
dóiche,,ˈd̪ˠɔ(ː)içɪ
spréim,Ulster,"ˈsˠpʲɾʲeːjəmˠ, ˈsˠpʲɾʲei̯jəmˠ"
grua,Ulster,"ˈɡɾˠuəj, ˈɡɾˠui̯"
matánach,Connacht,ˈmˠat̪ˠɑːnˠəx
leanacht,,ˈl̠ʲanˠəxt̪ˠ
uathlathaí,Ulster,ˈuəlˠəhi
scarúint,Munster,sˠkɑˈɾˠuːnʲtʲ
aosta,Ulster,ˈɯːsˠt̪ˠə
candála,Cois-Fharraige,ˈkan̪ˠd̪ˠɑːl̪ˠə
Polainn,Kerry; Connacht,ˈpˠɔlˠən̠ʲ
turscar,Ulster,ˈt̪ˠʌɾˠsˠkəɾˠ
pearsanta,,ˈpʲaɾˠsˠən̪ˠt̪ˠə
cána,Connacht,ˈkɑːnˠə
macánta,Ulster,ˈmakan̪ˠt̪ˠə
tabhartha,Munster,"ˈt̪ˠuːɾˠhə, ˈt̪ˠauɾˠhə"
séideadh,Munster,ˈʃeːdʲəɡ
neamhbhuíoch,Munster,nʲaˈmˠeːx
athraigh,Aran,"ˈaɾˠə, ˈæɾˠə, ˈɑɾˠə"
toil,Munster,t̪ˠɞlʲ
frása,Munster; Connacht,ˈfˠɾˠɑːsˠə
carn aoiligh,Galway,"-ˈɯːlʲə, kɑːɾˠn̪ˠ ˈiːlʲə"
giuirléid,Munster,ɟuːɾˠˈlʲeːdʲ
amharc,Aran,ˈafˠəɾˠk
olldord,,ˈɔl̪ˠˌd̪ˠoːɾˠd̪ˠ
bord,Aran,bˠɑuɾˠd̪ˠ
matán,Ulster,ˈmˠat̪ˠanˠ
mar gheall ar,Galway; Cois-Fharraige,mˠaːɾˠ jɑːl̪ˠ(t̪ˠ)eɾʲ
codail,Munster; Connacht,ˈkod̪ˠəlʲ
raidió,Connacht,ˈɾˠadʲiːoː
-ann,,ən̪ˠ
féar,Munster,fʲiːa̯ɾˠ
tabharfaidh,Ulster,"ˈt̪ˠoːɾʲhə, ˈt̪ˠuːɾʲhə"
ceansú,Munster,cɑun̪ˠˈsˠuː
againn,Galway; Aran,aːn̠ʲ
tíoróideach,Connacht,ˈtʲiːɾˠoːdʲəx
Pratastúnach,Cois-Fharraige,ˈpˠɾˠaːt̪ˠəsˠt̪ˠuːn̪ˠəx
cuideachta,Kerry; Munster,kɪˈdʲaxt̪ˠə
sreangán,Munster,"ʃɾʲɑuŋˈɡɑːn̪ˠ, ʃɾʲɑuˈŋɑːn̪ˠ, ʃɾʲɑũŋˈɡɑ̃ːn̪ˠ, ʃɾʲɑũˈŋɑ̃ːn̪ˠ"
athleagadh,Ulster,ˈælʲɨ̞ɡu
iarann,,ˈiəɾˠən̪ˠ
fúithi,Ulster,ˈfˠuːçə
díreacha,Munster; Connacht,ˈdʲiːɾʲəxə
mol,,
innsim,Munster,ˈiːnʲʃəmʲ
catán,Ulster,ˈkat̪ˠænˠ
ospidéal,Ulster,ˈʌsˠpʲədʲælˠ
leapacha,Cois-Fharraige,ˈl̠ʲæpˠəxiː
ardghlórach,Connacht,ˈɑːɾˠd̪ˠˌɣlˠoːɾˠəx
áit,Munster; Connacht,ɑːtʲ
luaigh,Munster,l̪ˠuəɟ
daoine,,ˈd̪ˠiːnʲə
salann,Connacht,"ˈsˠalˠən̪ˠ, ˈsˠal̪ˠən̪ˠ"
stoc,Munster,ˈsˠt̪ˠɞk
cluin,Aran,klɨn
smior,Ulster,ˈsˠmʲɛɾʲ
rinneabhair,,ˈɾˠɪnʲəwəɾʲ
prátaí,Connacht,ˈpˠɾˠɑːt̪ˠiː
buaigh,Mayo; Ulster,bˠuəj
Blarna,Ulster,ˈbˠlˠæːɾˠn̪ˠə
file,Ulster; also,ˈfʲɨ̞lʲə
mairim,Munster; Connacht,ˈmˠaɾʲəmʲ
cruach,,kɾˠuəx
bandach,Connacht,ˈbˠan̪ˠd̪ˠəx
slogadh,Ulster,ˈsˠl̪ˠʌɡu
veigeatóir,Connacht,ˈvʲɛɟɪt̪ˠoːɾʲ
máithreacha,Ulster,ˈmˠaihɾˠaxə
cál ceannann,Munster; Connacht,ˌkɑːlˠ ˈcan̪ˠən̪ˠ
rothar,,ˈɾˠɔhəɾˠ
aos,Munster,eːsˠ
oraibh,Galway; stressed,ˈɔɾˠiː
rith,Cois-Fharraige,ɾˠʊ
craobhach,Munster,ˈkɾˠeːvˠəx
farraigí,Connacht,ˈfˠaɾˠəɟiː
crín,,cɾʲiːnʲ
ceithearnach,Ulster,ˈcahəɾˠn̪ˠa(x)
fara,,ˈfˠaɾˠə
uille,Mayo; Ulster,ˈɪl̠ʲə
leictreachas,Ulster,ˈl̠ʲɛctʲɾʲahəsˠ
bua,Aran,bˠuː
iomlán,Connacht,"ˈʊmˠlˠɑːnˠ, ˈʊmˠl̪ˠɑːn̪ˠ"
fuinneog,Ulster,"ˈfˠɪn̠ʲaɡ, ˈfˠɪn̠ʲɔɡ"
brad,,bˠɾˠad̪ˠ
cuibhrigh,Ulster,ˈkɪvʲɾʲi
linn,Mayo; Ulster,l̠ʲɪn̠ʲ
minicí,,ˈmʲɪnɪciː
aingeal,Munster,"ˈaɲəl̪ˠ, ˈaɲɟəl̪ˠ"
ungadh,Ulster,ˈʌŋɡətʲ
fliuchaim,Ulster,"ˈfʲlʲɔxəmˠ, ˈfʲlʲɨ̞xəmˠ, ˈfʲlʲʊxəmˠ, ˈfʲlʲʌxəmˠ"
faoina,,ˈfˠiːnˠə
uait,Aran,wætʲ
snátha,Munster,ˈsˠn̪ˠɑːhə
tiocfaidh,Galway; Mayo,ˈtʲukə
leadránach,Munster,lʲɑˈd̪ˠɾˠɑ̃ːn̪ˠəx
iníon,Waterford; Munster,nʲiən̪ˠ
gair,,ɡaɾʲ
buíocha,,ˈbˠiːxə
neamh,Munster,nʲavˠ
láma,Ulster,ˈl̪ˠæːmˠə
bun,Munster; Connacht,bˠun̪ˠ
ní,,n̠ʲiː
foirgneamh,Mayo,ˈfˠɔɾʲɪɟnʲuː
idirghuí,Ulster,ˈad̪ˠəɾˠˌɣiə
ról,,ɾˠoːlˠ
suíochán,Connacht,ˈsˠiːxɑːnˠ
garraí,Ulster,ˈɡaːɾˠi
ghaiscíoch,Connacht,ˈɣaʃciːx
bréidín,Munster,bʲɾʲeːˈdʲiːnʲ
tionlacadh,Munster,ˈt̪ˠuːl̪ˠəkə
géagleabhair,,ˈɟeːɡl̠ʲəuɾʲ
trí déag,,tʲɾʲiː dʲeːɡ
gréasáin,Connacht,ˈɟɾeːsˠɑːnʲ
caladh,Ulster,ˈkalˠu
barrchith,Ulster,"ˈbˠaɾˠçɪç, ˈbˠaːɾˠçɪç"
codlaím,Munster,"kod̪ˠəˈl̪ˠiːmʲ, ˈkol̪ˠəmʲ"
bígí,,ˈbʲi(ː)ɟiː
áinsíoch,Munster,aːnʲˈʃiəx
fís,,fʲiːʃ
gaoithe,Munster,ˈɡiːhə
céide,,ˈceːdʲə
scaith,Ulster,sˠkaiç
leatsa,,ˈlʲat̪ˠsˠə
traidisiún,Connacht,t̪ˠɾˠəˈdʲɪʃuːnˠ
tuí,,t̪ˠiː
chuig,Cois-Fharraige,ɛɟ
bearnas,Munster,ˈbʲɑːɾˠn̪ˠəsˠ
inghlactha,,ɪnʲˈɣlˠakə
álainn,Mayo; Connemara,"ˈɑːlˠən̠ʲ, ˈɑːl̪ˠən̠ʲ"
Baile Átha Luain,Ulster,ˌbʲlʲaː ˈl̪ˠuənʲ
eaglaiseach,Ulster,ˈɨ̞ɡlˠəsˠa(x)
cleamhnas,Munster,ˈclʲɑun̪ˠəsˠ
mearcair,,ˈmʲaɾˠkəɾʲ
coimeád,Munster; uncommon,kəˈmʲɑːd̪ˠ
déanaim,Ulster,"ˈdʲaːnˠəmˠ, ˈdʲaːn̪ˠəmˠ"
ópalach,Munster,ˈoːpˠəl̪ˠəx
Dónall,Munster,ˈd̪ˠoːn̪ˠəl̪ˠ
Raeta-Rómáinsis,,"ˈɾˠeːtˠəroːˌmˠaːnʲʃɪʃ, ˌɾˠeːtˠəroːˈmˠaːnʲʃɪʃ"
deirteá,Ulster,ˈdʲɛɾʲtʲæ
Brasaíl,,bˠɾˠaˈsˠiːlʲ
súsán,Connacht,ˈsˠuːsˠɑːn̪ˠ
Conchúr,Ulster,"ˈkɾˠohəɾˠ ~ ˈkɾˠuhəɾˠ, ˈkɾˠʌhuɾˠ, ˈkɾˠʌ̃xəɾˠ"
leo,Munster,lʲoː
'ur,Connacht,ə
cúramach,Ulster,ˈkuːɾˠəmˠa(h)
éistim,Munster; Connacht,ˈeːʃtʲəmʲ
beithir,,ˈbʲɛhəɾʲ
ph,,"fʲ, fˠ"
fána,Munster; Connacht,ˈfˠɑːn̪ˠə
beiread,,ˈbʲɛɾʲəd̪ˠ
síobadh,Galway; Munster,ˈʃiːbˠə
molfar,,ˈmˠɔlˠfˠəɾˠ
biseach,Connacht,ˈbʲɪʃəx
céad,Ulster; Connacht,ceːd̪ˠ
faoi bhun,Connacht,fˠiːˈwʊnˠ
cóta fearthainne,,ˈkoːt̪ˠə ˈfʲaɾˠhənʲə
bothóg,Munster,bˠəˈhoːɡ
gearradh,Galway; Munster,"ˈɟaɾˠə, ˈɟaɾˠəx"
gránaigh,Munster,ˈɡɾˠɑːn̪ˠɪɟ
díonmhar,Ulster,ˈdʲiənˠuɾˠ
sloinneadh,Ulster,ˈsˠl̪ˠɨ̞n̠ʲu
láithreach,Ulster,ˈl̪ˠæːɾʲa(h)
bunaigh,Munster,bˠʊn̪ˠɪɟ
uacht,Munster; Connacht,uəxt̪ˠ
folamh,Ulster,"ˈfˠɔlˠu, ˈfˠɔl̪ˠu"
reáchtáil,Ulster,ˈɾˠaxt̪ˠælʲ
grianach,Connacht,"ˈɟɾʲiənˠəx, ˈɟɾʲiən̪ˠəx"
buille,Ulster; Connacht,ˈbˠɪl̠ʲə
féasta,Ulster; Connacht,ˈfʲeːsˠt̪ˠə
cunlach,,ˈkuːn̪ˠl̪ˠəx
mífhonnmhar,Munster,"ˈmʲiːˌɔn̪ˠəvˠəɾˠ, ˈmʲiːˌɞn̪ˠəvˠəɾˠ"
síoda,,ˈʃiːd̪ˠə
drúis,Ulster; also,d̪ˠɾˠũːʃ
scoláireacht,Munster,sˠkəˈlˠɑːɾʲəxt̪ˠ
pósaid,,pˠoːsˠədʲ
Tomáisín,Ulster,ˈt̪ˠʊmˠæʃinʲ
scanrú,Munster,"sˠkaun̪ˠˈɾˠuː, sˠkaun̠ˠˈd̠͡ɹ̝ˠuː"
réiltín,Munster,ɾˠeːlʲˈhiːnʲ
clairnéid,Ulster,ˈklˠæːɾˠnʲedʲ
gearraim,Munster,ˈɟaɾˠəmʲ
bior,Aran,ˈbʲɪɾˠ
maidhm,,mˠəimʲ
léaró,Munster,l̠ʲia̯ˈɾˠoː
uirthise,Aran,"ˈɔɾˠəʃə, ˈɞɾˠəʃə"
greadadh,Ulster,ˈɟɾʲad̪ˠu
oigheann,Aran,ˈəiən
cangail,,ˈkaŋɡəlʲ
dinnéar,Connacht,ˈdʲɪn̠ʲeːɾˠ
chomh,Munster,xɔ
sliseog,Munster,ʃl̠ʲɪˈʃoːɡ
méar,Ulster; Connacht,mʲeːɾˠ
astu,Aran,ˈɑsˠt̪ˠəbˠ
fána,Connacht,ˈfˠɑːnˠə
sreang,Ulster,sˠɾˠaŋ
earra,,"ˈaɾˠə, ˈfˠʌɾˠuː"
aon duine,,"eːn̪ˠˈd̪ˠɪnʲə, eːˈn̪ˠɪnʲə, ˈeːn̠ʲə"
tuairisceoir,,t̪ˠuˑəɾʲɪʃcoːɾʲ
síobadh,Munster,ˈʃiːbˠəɡ
airí,Ulster,ˈæɾʲiː
urchuil,Ulster,ˈʌɾˠxəl̪ˠ
caorán,Munster,keːˈɾˠan̪ˠ
claigeann,,"ˈklˠaɟən̪ˠ, ˈklˠæɟən̪ˠ"
cnáib,Connacht,kɾˠɑːbʲ
éillín,Ulster; Connacht,ˈeːl̠ʲiːnʲ
gíotáil,Connacht,ˈɟiːt̪ˠɑːlʲ
Fraincis,,ˈfˠɾˠaɲcɪʃ
muise,,ˈmˠɪʃə
maireann,Ulster,ˈmˠɛɾʲən̪ˠ
mór,Munster,mˠuəɾˠ
dearg,,ˈdʲaɾˠəɡ
nuaí,,ˈn̪ˠuːiː
ucht,,
banrach,Connemara,ˈbɑːn̪ˠt̪ˠɾəx
dúidín,Ulster,ˈdˠuːdʲinʲ
gile,,ˈɟɪlʲə
acmhainneach,Connacht,ˈakuːn̠ʲəx
dusta,,"ˈd̪ˠɪsˠt̪ˠə, ˈd̪ˠʊsˠt̪ˠə"
vása,Munster,ˈvˠɑːsˠə
iontrálacha,Ulster,ˈɪn̪ˠt̪ˠɾˠælˠaxə
lasrach,Connacht,ˈl̪ˠɑsˠɾˠəx
alltracha,Aran,ˈɑl̪ˠt̪ˠɾˠəxə
droim,Mayo; Ulster,d̪ˠɾˠɪmʲ
gealán,Ulster,"ˈɟalˠanˠ, ˈɟal̪ˠan̪ˠ"
dín,,dʲiːnʲ
páipéar,Connacht,ˈpˠɑːpʲeːɾˠ
easpaig,,ˈasˠpˠɪɟ
léigh,Munster,lʲeːɟ
faoi deara,Aran,fˠiːˈdʲaɾʲə
áiteamh,Galway; Munster,ˈɑːtʲəvˠ
ceachta,,ˈcaxt̪ˠə
aosta,Munster,ˈeːsˠt̪ˠə
veigeatóir,Munster,vʲɛɟɪˈt̪ˠoːɾʲ
duilliúr,Munster,dʲəˈlʲuːɾˠ
misnigh,Munster,ˈmʲɪʃnʲɪɟ
boird,Aran,bˠɑuɾˠdʲ
inseacht,Mayo,ˈanʲʃəxt̪ˠ
freagair,,ˈfʲɾʲaɡəɾʲ
díbeartach,Aran,ˈdʲiːbˠəɾəx
fiabhras,Munster,ˈfʲiəvˠəɾˠəsˠ
taobh,Ulster; Connacht,t̪ˠiːw
Catalóin,Ulster; Connacht,ˈkatˠəl̪ˠoːnʲ
muiníneach,Munster,mˠɪˈnʲiːnʲəx
ceallach,Connacht,ˈcal̪ˠəx
léinte,,ˈl̠ʲeːn̠ʲtʲə
seisiún,Munster,ʃɛˈʃuːn̪ˠ
tibhe,,ˈtʲɪvʲə
moladh,Galway; Ulster; Mayo,"ˈmˠɔlˠətʲ, ˈmˠɔl̪ˠətʲ"
Oíche Fhéile Eoin,Ulster,ĩːˈlʲoːnʲ
cad,,"kad̪ˠ, kəd̪ˠ"
coimhthiolán,Ulster,"ˈkɨfʲəlˠanˠ, ˈkʌfʲalˠanˠ"
moladh,Mayo,"ˈmˠɔlˠuː, ˈmˠɔl̪ˠuː"
unsa,Ulster,ˈʌn̪ˠsˠə
gráinne,Ulster; Connacht,ˈɡɾˠɑːn̠ʲə
ruifíneach,Ulster,ˈɾˠɪfʲinʲa(h)
ciontaí,Ulster,ˈcɨ̞n̪ˠt̪ˠi
bonn,Mayo,bˠʊn̪ˠ
fáidh,Munster,fˠɑːɟ
oighear,,əiɾˠ
cloig,,klˠɪɟ
geataí,,ˈɟat̪ˠiː
cogaíocha,Cois-Fharraige,"ˈkɔɡeːxiː, ˈkɔɡiəxiː"
domlas,Ulster,ˈd̪ˠʌmˠlˠəsˠ
fliuch,Aran,fʲlʲɞx
margadh,Galway; Munster,"ˈmˠaɾˠəɡə, ˈmˠɑɾˠəɡə"
tíortha,Munster,ˈtʲiːɾˠhə
bhur,Connacht,ə
oibre,Munster,ˈɛbʲəɾʲə
reabab,,ˈɾˠabˠəbˠ
Garda,Ulster,ˈɡaːɾˠd̪ˠə
slí,Munster,ˈʃlʲiː
scrios,Munster,sˠcɾʲɨ̞sˠ
abhras,,ˈəuɾˠəsˠ
beann,Mayo; Ulster,bʲan̪ˠ
fód,Ulster,fˠɔːd̪ˠ
gearradh,Galway; Ulster; Mayo,ˈɟaɾˠətʲ
scanraigh,Ulster,"ˈsˠkaːnˠɾˠi, ˈsˠkaːnˠrˠi"
ruacan,,ˈɾˠuəkənˠ
tóin in airde,Connacht,"ˌt̪ˠuːnʲ əˈn̪ˠaiɾʲdʲə, ˌt̪ˠuːnʲ əˈn̪ˠɑːɾˠdʲə"
comhlach,Connacht,ˈkuːlˠəx
fóirstean,Ulster,"ˈfˠɔːɾˠsˠtʲənˠ, ˈfˠɔːɾˠsˠtʲən̪ˠ"
ballán,Aran,ˈbˠʊl̪ˠɑːn
áinsíoch,Connacht,ˈaːn̠ʲʃiəx
ciliméadar,Connacht,"ˈcɪlʲəmʲed̪ˠəɾˠ, ˈcɪlʲəmʲeːd̪ˠəɾˠ"
póirse,Munster; Connacht,ˈpˠoːɾˠʃə
fréimh,Ulster,"fʲrʲeːvʲ, fʲrʲeivʲ"
dainséar,Munster,d̪ˠainʲˈʃeːɾˠ
sligeán,Connacht,ˈʃl̠ʲiɟaːnˠ
beach chapaill,,bʲax ˈxapˠəl̠ʲ
trua,,t̪ˠɾˠuə
feadha,Ulster,fʲaː
cith,Galway,ci
cuirim,Ulster,ˈkɪɾʲəmˠ
goirid,,"ˈɡɛɾʲədʲ, ˈɡɨ̞ɾʲədʲ"
argóint,Ulster; Connacht,ˈaɾˠəɡoːnʲtʲ
geanc,Munster,ɟɑuŋk
Caitliceach,Munster; Connacht,ˈkatʲlʲɪcəx
d'fhulaing,,"ˈd̪ˠʊlˠən̠ʲ, ˈd̪ˠʊl̪ˠən̠ʲ"
creig,,cɾʲɛɟ
deireadh,Galway; Ulster; Mayo,ˈdʲɛɾʲətʲ
béasach,Ulster,ˈbʲeːsˠa(x)
ailt,Ulster,ɪl̠ʲtʲ
gara,Mayo; Ulster; Connemara,ˈɡaɾˠə
Críostaí,Connacht,ˈcɾʲiːsˠt̪ˠiː
smíste,,ˈsˠmʲiːʃtʲə
imím,Munster,(ɪ)ˈmʲiːmʲ
aoibh,,ˈiːvʲ
aigéad,Ulster,ˈaɟæd̪ˠ
foradh,Ulster,ˈfˠaɾˠuː
táille,Connacht,ˈt̪ˠɑːl̠ʲə
óga,Munster; Connacht,ˈoːɡə
cneas,Munster,cnʲasˠ
fuin,,fˠɪnʲ
freagra,Munster,ˈfʲɾʲaɡəɾˠə
Gráinne,Waterford; Cork,ˈɡɾˠɑːɲɪ
leamhnacht,Ulster,"ˈl̠ʲaunˠa(x)t̪ˠ, ˈl̠ʲaun̪ˠa(x)t̪ˠ"
sceach,,ʃcax
fraoigh,Ulster; Connacht,fˠɾˠiː
iomall,Munster,"ˈɨ̞mˠəl̪ˠ, ˈɯmˠəl̪ˠ, ˈʊmˠəl̪ˠ"
ceirbreach,Munster; Connacht,ˈcɛɾʲəbʲɾʲəx
biseach,Ulster,ˈbʲɪʃa(h)
aeir,,eːɾʲ
fliuchaim,Aran,ˈfʲlʲɞxəmʲ
nócha,,ˈn̪ˠoːxə
gearr-,Ulster,ɟaɾˠ
gais,,ɡaʃ
rós,Ulster,ɾˠɔːsˠ
glaine,,"ˈɡlˠanʲə, ˈɡl̪ˠanʲə"
caisleán,Ulster,ˈkaʃl̠ʲanˠ
pointe,Mayo; Ulster,ˈpˠɪn̠ʲtʲə
teib,,tʲɛbʲ
cléireach,Ulster,ˈclʲeːɾʲa(x)
Ulaidh,Munster,ˈʊl̪ˠɪɟ
málaí,Ulster,ˈmˠæːlˠi
geimhrigh,Ulster,ˈɟɛvʲɾʲiː
gol,Ulster,"ɡʌlˠ, ɡʌl̪ˠ"
brocach,Connacht,ˈbˠɾˠokəx
treabh,Ulster,tʲɾʲoː
fiacha,,ˈfʲiəxə
cinneadhtheoiric,Ulster,ˈcɪn̠ʲuːˌhɔɾʲəc
intleacht,Ulster,ˈɨn̠ʲtʲlaxt̪ˠ
priaclach,Munster,ˈpʲiəkəl̪ˠəx
uaighe,Cois-Fharraige,uəj
agam,Cois-Fharraige; Connacht,ˈaː(ɡə)mˠ
iníon,Ulster,"n̠ʲiənˠ, n̠ʲiən̪ˠ, n̠ʲiːn̪ˠ"
buachaill,Ulster,"ˈbˠiːxəl̠ʲ, ˈbˠɔxəl̠ʲ, ˈbˠɯːxəl̠ʲ"
iarraidh,Galway,ˈiəɾˠə
oinniún,Connacht,ˈin̠ʲuːnˠ
cíor thuathail,,cɪəɾˠ hʊəhɪlʲ
brobh,Galway; Munster,bˠɾˠɔvˠ
annamh,Mayo,ˈan̪ˠuː
scioból,Connacht,ˈʃcɪbˠoːl̪ˠ
caipín,Ulster,ˈkapʲinʲ
-ígí,,iːɟiː
dona,Ulster,"ˈd̪ˠʌnˠə, ˈd̪ˠʌn̪ˠə"
craice,,ˈkɾˠacə
arcán,Ulster,ˈaɾˠkanˠ
orthusan,Aran,"ˈɔɾˠəpˠsˠən, ˈɞɾˠəpˠsˠən"
baisc,,bˠaʃc
géibheann,Cork,ˈɟeːvʲɪɲ
casann,Aran; Munster,ˈkɑsən̪ˠ
caimseog,,ˈkamʲʃoːɡ
coguas,Ulster,ˈkʌɡusˠ
nímid,,ˈn̠ʲiːmʲədʲ
airím,Mayo; Aran; Connacht,ˈaɾʲiːmʲ
rud,Ulster; Munster,ˈɾˠʌd̪ˠ
caonach,Ulster,"ˈkiːnˠa(x), ˈkɯːnˠa(x)"
ceárta,Connacht,ˈcɑːɾˠt̪ˠə
éilím,Connacht,ˈeːlʲiːmʲ
goradh,Connacht,ˈɡɔɾˠə
poitín,Munster,pˠəˈtʲiːnʲ
Luan Cásca,Ulster,"ˌl̪ˠuənˠ ˈkaːsˠkə, ˌl̪ˠuən̪ˠ ˈkaːsˠkə"
dealán,Ulster,"ˈdʲalˠanˠ, ˈdʲal̪ˠan̪ˠ"
dráma,Ulster,ˈd̪ˠɾˠæːmˠə
déas,,dʲeːsˠ
ciseán,Ulster; Connacht,"ˈcɪʃɑːnˠ, ˈcɪʃɑːn̪ˠ"
gorún,Ulster,ˈɡʌɾˠunˠ
fliuchaim,Cois-Fharraige; Aran,ˈfʲlʲɔxəmʲ
déanfar,Aran,ˈdʲiːnfˠəɾˠ
eol,Ulster,ɔːlˠ
deireanach,Munster; Connacht,ˈdʲɛɾʲən̪ˠəx
ach,Aran; Munster,ɑx
seanmóir,Mayo; Connacht,ˈʃanˠəmˠəɾʲ
tua cheatha,Ulster,t̪ˠui̯ ˈçahə
cathú,Connacht,ˈkɑhu(ː)
gnách,Ulster,ɡɾˠãːx
anamacha,,ˈanˠəmˠəxə
bunús,Connacht,ˈbʊnˠuːsˠ
caib,Mayo; Ulster; Connemara,kabʲ
fuaiscneamh,Ulster,"ˈfˠuəʃcnʲu, ˈfˠui̯ʃcnʲu"
stopallán,Ulster,ˈsˠt̪ˠɑpəlˠænˠ
ceintiméadar,Ulster,ˈcɛn̠ʲtʲəmʲed̪ˠəɾˠ
Samhna,,ˈsˠəʊnˠə
-áil,Ulster,"ælʲ, æl̠ʲtʲ"
gadaí,Aran,ˈɡɑd̪ˠiː
déin,,dʲeːnʲ
lámhacán,Ulster,"ˈl̪ˠãːwəkanˠ, ˈl̪ˠãːwəkan̪ˠ"
fairsing,Ulster,ˈfˠaɾˠsˠən̠ʲ
lastuaidh,Ulster; Connacht,l̪ˠasˠˈt̪ˠuə(j)
carr,Munster; Connacht,kɑːɾˠ
aireach,Aran,ˈæɾʲəx
foirgneamh,Ulster,ˈfˠʌɾʲɪɟnʲu
ceathrar,Munster,ˈcahəɾˠəɾˠ
eiseamláir,Ulster,ˈeʃəmˠl̪ˠɔɾʲ
sciúlán,Connacht,"ˈʃcuːlˠɑːnˠ, ˈʃcuːl̪ˠɑːn̪ˠ"
ríocht,Ulster,ˈɾˠiha(x)t̪ˠ
baladh,,ˈbˠalˠ(h)uː
bréidín,Ulster; Connacht,ˈbʲɾʲeːdʲiːnʲ
múineadh,Ulster,ˈmˠuːnʲu
bonnán buí,Ulster,"ˈbˠɪn̠ʲanˠ ˈbˠiː, ˈbˠɪn̠ʲan̪ˠ ˈbˠiː"
dáimh,Munster; Connacht,d̪ˠɑːvʲ
burdún,Munster,bˠuːɾˠˈd̪ˠuːn̪ˠ
ciumhaiseanna,,ˈcuːʃən̪ˠə
claíomhchruthach,Mayo; Ulster,klˠiːwxɾˠʊha
Sord,Connacht,sˠauɾˠd̪ˠ
bolcáin,Ulster,ˈbɔlˠkænʲ
punannacha,Ulster,ˈpˠʌn̪ˠən̪ˠaxə
sámhasach,Ulster,ˈsˠoːmˠəsˠax
breathnaigh,Ulster,ˈbʲɾʲahnˠi
cáipéis,Munster,kɑːˈpʲeːʃ
feistigh,Munster,ˈfʲɛʃtʲɪɟ
fliuchfar,Aran,ˈfʲlʲɞxfˠəɾˠ
manach,Munster,mˠəˈn̪ˠɑx
teith,,tʲɛ(h)
fómhair,Aran,ˈfˠuːvˠəɾʲ
grianmhar,Connacht,"ˈɟɾʲiənˠvˠəɾˠ, ˈɟɾʲiən̪ˠvˠəɾˠ"
aontaím,Munster,eːn̪ˠˈt̪ˠiːmʲ
aimsir,Aran,ˈæmʲʃəɾʲ
Gardaí,Munster,ɡɑːɾˠˈd̪ˠiː
deartháireacha,Ulster,"ˈdʲæːɾˠhaɾʲaxə, ˈdʲæːɾˠhəɾʲaxə"
aithrí,Aran,ˈæɾʲiː
comhréireach,Munster,kˠoːˈɾˠeːɾʲəxˠ
eo,Munster; Connacht,oː
dearcadh,Mayo; Ulster,ˈdʲaɾˠkuː
íocaíocht,,ˈiːkiəxt̪ˠ
riachtanas,Munster,ˈɾˠiəxt̪ˠənˠəsˠ
did,,ˈdʲɪdʲ
bige,,ˈbʲɪɟɪ
Dónall,Connacht,"ˈd̪ˠuːnˠəl̪ˠ, ˈd̪ˠuːn̪ˠəl̪ˠ"
bagáiste,Connacht,ˈbˠaɡɑːʃtʲə
dáiríre,Munster; Connacht,d̪ˠɑːˈɾʲiːɾʲə
spáin,,spˠɑːnʲ
leathré,,ˈlʲahˌɾʲeː
nead,Ulster; Connacht,n̠ʲad̪ˠ
laige,,ˈl̪ˠaɟɪ
Daingean,Ulster,"ˈd̪ˠãiənˠ, ˈd̪ˠãiən̪ˠ"
cailíní,Ulster,ˈkælʲiːnʲi
deich,Cois-Fharraige; Ulster; Aran,dʲɛ
bogha báistí,Ulster,ˈbˠoː ˈbˠaːʃtʲi
sna,,sˠnˠə
eatarthu,Aran,"ˈɑt̪ˠɾˠəbˠ, ˈɑt̪ˠɾˠəpˠ"
gabha,Galway; Connacht,ɡau
ts,,"tʲ, t̪ˠ"
tréigim,Ulster,"ˈtʲɾʲeːɟəmˠ, ˈtʲɾʲeiɟəmˠ"
álainn,Ulster,"ˈaːlˠən̠ʲ, ˈaːl̪ˠən̠ʲ"
geimhriúchán,Ulster,ˈɟɛvɾʲuˌhan̪ˠ
dúinn,Cois-Fharraige,"d̪ˠuːn̠ʲ, d̪ˠɪn̠ʲ"
tréan,Munster,tʲɾʲiːa̯n̪ˠ
eaglaise,Munster,ˈaɡəl̪ˠəʃə
bean luí,Ulster,bʲan̪ˠ ˈl̪ˠiə
aithreacha,Connemara,ˈæːɾʲəxiː
beithígh,Munster,bʲɛˈhiːɟ
giob,Munster; Connacht,ɟɪbˠ
téamh,Mayo,tʲeːw
Iúr,Munster,ənʲˈtʲuːɾˠ
piteog,Munster,pʲɪˈtʲoːɡ
leisce,Ulster; Connacht,ˈl̠ʲɛʃcɪ
Cill Mhantáin,Ulster,ˌcɪl̠ʲ ˈwan̪ˠt̪ˠænʲ
ólfaidh,Munster,"ˈoːl̪ˠhə, ˈoːl̪ˠhɪɟ"
amh,Galway; Munster,ˈavˠ
Aifreann,,
inscne,,ˈɪn̠ʲʃ(c)nʲə
flaitheas,,"ˈfˠlˠahəsˠ, ˈfˠl̪ˠahəsˠ"
Seoirse,,ˈʃoːɾˠʃə
galúin,Ulster,ˈɡalˠunʲ
oblátach,Ulster,ˈɔbˠlˠat̪ˠa(x)
blas,Mayo; Ulster; Connemara,"bˠlˠasˠ, bˠl̪ˠasˠ"
drochmhúineadh,Aran,d̪ˠɾˠɔxˈuːnə
beaichte,Ulster,ˈbʲaxtʲiː
taca,,"ˈt̪ˠakə, ˈt̪ˠɑkə"
samhnas,Ulster,"ˈsˠãunˠəsˠ, ˈsˠãun̪ˠəsˠ"
súil,,sˠuːlʲ
dara,Ulster; Connacht,ˈd̪ˠaɾˠə
Eochaidh,Munster,ˈɔxɪɟ
ciumhais,,"cuːsˠ, cuːʃ, cũːsˠ"
feidhm,Ulster; Munster,fʲəimʲ
spealadóir,Munster,sˠpʲal̪ˠəˈd̪ˠoːɾʲ
m'anam,,ˈmˠanˠəmˠ
beainín,Munster,bʲaˈnʲiːnʲ
coradh,Munster,ˈkɔɾˠəɡ
stail,Cois-Fharraige,sˠt̪ˠælʲ
bunúsach,Connacht,ˈbʊn̪ˠuːsˠəx
scríobh,Munster,ʃcɾʲiːvˠ
easóg,Ulster,"ˈasˠɔɡ, ˈɑsˠɑɡ, ˈɑsˠɔɡ"
uacht,Ulster,ua̯xt̪ˠ
cruimh,Mayo,kɾˠivʲ
uisinn,Ulster; Connacht,ˈɪʃən̠ʲ
grua,Munster; Connacht,ˈɡɾˠuə
monabhar,Ulster,ˈmˠɔnˠəwəɾˠ
teir,,tʲɛɾʲ
gasra,Munster,ˈɡɑsˠəɾˠə
éigean,,"ˈeːɟənˠ, ˈeːɟən̪ˠ"
coimeád,Munster,cɪˈmʲɑːd̪ˠ
sinsear,Ulster; Connacht,ˈʃɪn̠ʲʃəɾˠ
pínn,,pʲiːn̠ʲ
claonadh,Ulster,"ˈklˠeːnˠətʲ, ˈklˠɤːnˠu"
chonaic,Cois-Fharraige; Connacht,ˈxaːnʲic ~ ˈhaːnʲic ~ ˈxinʲic ~ ˈxaːɲc
droch-,Munster,d̪ˠɾˠʌh
Máirtín,Ulster,ˈmˠæːɾˠˈtʲinʲ
cábán,Munster,kɑːˈbˠɑːn̪ˠ
gin,,ˈɟɪnʲ
cláirseach,Ulster,ˈklˠæːɾˠʃa(h)
slige,,ˈʃl̠ʲɪɟɪ
flaithis,Aran,ˈfˠlæhəʃ
fual,,"fˠuəlˠ, fˠuəl̪ˠ"
tromán,Ulster,"ˈt̪ˠɾˠʌmˠanˠ, ˈt̪ˠɾˠʌmˠan̪ˠ"
leanbh,Kerry,ˈlʲan̪ˠəvˠ
gabhaidís,,ˈɡauədʲiːʃ
both,,bˠɔ(h)
draíocht,Ulster,ˈd̪ˠɾˠihaxt̪ˠə
ginideach,Munster; Connacht,ˈɟɪnʲədʲəx
bodhrán,Munster,bˠəuˈɾˠɑːn̪ˠ
smaoineamh,Galway,ˈsˠmˠiːnʲə
ceantar,,ˈcan̪ˠt̪ˠəɾˠ
ním,Connacht,n̠ʲiːmʲ
scaitheamh,Cois-Fharraige,sˠka
ochlán,Munster,ɔˈxl̪ˠɑ̃ːn̪ˠ
toir,,t̪ˠɛɾʲ
canaid,Munster,ˈkɑn̪ˠədʲ
adamh,Ulster,ˈæd̪ˠʊ
draein,,d̪ˠɾˠeːnʲ
báinín,Ulster,ˈbˠæːnʲinʲ
feoite,Munster; Connacht,ˈfʲoːtʲə
Sínigh,Galway,ˈʃiːnʲə
mais,,mˠaʃ
focal,Ulster; Connacht,ˈfˠɔkəlˠ
maoilín,Ulster,ˈmˠiːlʲinʲ
oiltear,,"ˈɛlʲtʲəɾˠ, ˈɪlʲtʲəɾˠ"
mainicín,Munster,mˠanʲəˈciːnʲ
castóir,,"kˠasˠ.ˈtˠoːɾʲ, ˈkˠasˠ.tˠoɾʲ"
bolg,,"ˈbˠɔlˠəɡ, ˈbˠɔl̪ˠəɡ"
garbh,Mayo; Ulster,ˈɡaɾˠuː
fearsaid,Aran; Ulster,ˈfʲaɾˠsˠəd̪ˠ
maime,,ˈmˠamʲə
cnáimh,Munster,kn̪ˠɑːvʲ
céas,Munster,cia̯sˠ
Veinéiseach,Munster,vʲəˈnʲeːʃəx
connadh,Ulster,ˈkʌn̪ˠu
beachlann,,ˈbʲaxlən̪ˠ
polláire,Munster,pˠɔːlˠɑːɾʲə
in ann,Munster,əˈn̪ˠɑːn̪ˠ
gealach,Ulster,"ˈɟalˠa(x), ˈɟal̪ˠa(x)"
Toirdhealbhach,Ulster,ˈt̪ˠaːɾˠl̪ˠa(x)
Cian,,ˈciənˠ
Peirsis,,ˈpʲɛɾʲʃɪʃ
suaith,Ulster,sˠuəç
Éadbhard,Ulster; Connacht,ˈeːd̪ˠwəɾˠd̪ˠ
bú,,bˠuː
pící,Connacht,ˈpʲiːciː
áitithe,Ulster,ˈɑːtʲi
reiligiún,Ulster,ˈɾˠɛlʲɪɟunˠ
ainm,Galway,"ˈænʲəmʲ, ˈæːnʲəmʲ"
aibhne,Aran,"ˈuəvn̠ʲə, ˈəivʲnə, ˈəivʲn̠ʲə"
-úint,Munster; Connacht,uːn̠ʲtʲ
-adh,Munster,əɡ
bearach,Ulster,ˈbʲaɾˠa(x)
práta,Ulster,ˈpˠɾˠaːt̪ˠə
rúnaí,Connacht,ˈɾˠuːnˠiː
cion,Connacht,cɞnˠ
ciclipéid,Munster,cɪclʲɪˈpʲeːdʲ
Araibis,,ˈaɾˠəbʲəʃ
galán,Munster,ɡəˈl̪ˠɑːn̪ˠ
tráthúil,Connacht,ˈtˠɾˠɑː.huːlʲ
iontráil,Ulster,ˈɪn̪ˠt̪ˠɾˠælʲ
aoileach,Munster; Connacht,ˈiːlʲəx
broinn,Ulster,bˠɾˠɨ̞n̠ʲ
cluais,,"klˠuəʃ, kl̪ˠuəʃ"
coraíocht,,ˈkɑɾˠiəxt̪ˠ
múinteoir,Ulster,"ˈmˠuːn̠ʲtʲaɾʲ, ˈmˠuːn̠ʲtʲɔɾʲ"
geanntracha,Ulster,ˈɟan̪ˠt̪ˠɾˠaxə
laethanta na riabhaí,Ulster,"ˈl̪ˠɛhə n̪ˠə ˈɾˠeːwi, ˈl̪ˠɛhə n̪ˠə ˈɾˠɤːwi"
ionas,Munster,"ˈɯn̪ˠəsˠ, ˈʊn̪ˠəsˠ"
casóg,Connacht,ˈkasˠoːɡ
mealladh,Galway; Munster,ˈmʲal̪ˠə
béalbhach,Munster,ˈbʲiːa̯l̪ˠvˠəx
maíte,,ˈmˠiːtʲə
Dia dhaoibh,Cois-Fharraige,"ˌdʲiə ˈiːbʲ, ˌdʲiə ˈɣiːbʲ"
intinn,Waterford,ˈainʲtʲɪɲ
clé,,clʲeː
Bolcáin,Munster,bəl̪ˠˈkɑːnʲ
Conamara,Galway,"konˠəˈmaɾˠə, ˌkun̪ˠəˈmaːɾˠə"
snaoisín,Munster,sˠn̪ˠiːˈʃiːnʲ
saoileann,,ˈsˠiːlʲən̪ˠ
léitheoireacht,Connacht,ˈl̠ʲeːhoːɾʲəxt̪ˠ
d'íosfadh,Galway,"ˈdʲiːsətʲ, ˈdʲiːsəx"
áis,,"aːʃ, ɑːʃ"
teagmhaigh,Munster,ˈtʲaŋəvˠɪɟ
feilm,,ˈfʲɛlʲəmʲ
bró,Munster; Connacht,bˠɾˠoː
faide,,"ˈfˠadʲə, ˈfˠɑdʲə"
báinín,Connacht,ˈbˠɑːnʲiːnʲ
taisleach,Ulster,ˈt̪ˠæʃl̠ʲa(x)
ceann,Galway,cɑːn̪ˠ
bróige,,ˈbˠɾˠoːɟɪ
lucht,Munster; Connacht,l̪ˠʊxt̪ˠ
tháinig,,ˈhɑːnʲɪɟ
smuga,Munster; Connacht,ˈsˠmˠʊɡə
lomadh,Galway,"ˈl̪ˠʊmˠə, ˈl̪ˠʊmˠəvˠ, ˈl̪ˠʊmˠəx"
facais,,ˈfˠakəʃ
cosán,Aran; Connacht,ˈkəsˠɑːnˠ
aige,Munster,ɪˈɟɛ
bláthaigh,Ulster,"ˈbˠlˠaːj, ˈbˠl̪ˠaːj"
ré,,ɾˠeː
deargfaidh,Cois-Fharraige,ˈdʲæɾˠəkə
coradh,Galway; Munster,ˈkɔɾˠə
Iorua,Munster,ɪˈɾˠuə
aimsir,Cois-Fharraige,ˈæːmʲʃəɾʲ
ar nós,Connacht,əɾˠˈn̪ˠuːsˠ
corrán,Munster,kəˈɾˠɑːn̪ˠ
pálás,Ulster,ˈpˠælˠæsˠ
dreo,Munster; Connacht,dʲɾʲoː
sáil,Ulster,sˠaːlʲ
socra,Ulster,ˈsˠʌkɾˠə
Ceatharlach,Munster; Connacht,ˈcahəɾˠl̪ˠəx
toirbh,,ˈt̪ˠɛɾʲəvʲ
cardáil,Connacht,ˈkɑːɾˠd̪ˠɑːlʲ
bíobhanta,Ulster,ˈbʲiːwiən̪ˠt̪ˠə
luaidhe,,ˈl̪ˠuː.iː
inne,Waterford; Cork,ˈɪɲə
láth,,l̪ˠɑː
eadrainn,Aran,ˈad̪ˠɾˠən̠ʲ
sonra,Ulster,ˈsoːnˠɾˠuː
cartadh,Galway; Ulster; Mayo,ˈkaɾˠt̪ˠətʲ
neamhghlan,Munster,ˌnʲaˈɣl̪ˠɑ̃ːn̪ˠ
mífhoighneach,Ulster,ˈmʲi.ei̯dʲa(x)
aitheanta,,ˈahən̪ˠt̪ˠə
fáisc,,"ˈfˠaːʃc, ˈfˠɑːʃc"
fuil,Ulster,fˠɨ̞lʲ
altfaidh,Connacht,"ˈal̪ˠt̪ˠiː, ˈal̪ˠt̪ˠə"
caighdeán,Ulster,ˈkəidʲænˠ
téis,,tʲeːʃ
sealbhú,Munster,ʃɑl̪ˠəˈvˠuː
riamh,Ulster; Connacht,ɾˠiəw
iomaire,Munster; Connacht,ˈʊmˠəɾʲə
rúsc,,ɾˠuːsˠk
gearbach,Ulster,ˈɟaɾˠəbˠa(x)
dreoilín,Connacht,ˈdʲɾʲoːlʲiːnʲ
banc,Aran,bʲæŋk
múineadh,Galway; Munster,ˈmˠuːnʲə
cabhair,Munster,"ˈkauəɾʲ, ˈkaɯ̯ɪɾʲ"
breis,,bʲɾʲɛʃ
Dia's Muire duit,,ˌdʲiəs ˈmˠɪɾʲə ˈd̪ˠɪtʲ
sórt,Ulster,ʃɔːɾˠt̪ˠ
dochtúra,Munster,d̪ˠɔxˈt̪ˠuːɾˠə
cearca,Cois-Fharraige,ˈcæːɾˠkə
daingnigh,Munster,ˈd̪ˠaɲɟənʲɪɟ
eala,,"ˈalˠə, ˈal̪ˠə"
scór,,sˠkoːɾˠ
maraí,Munster,mˠaˈɾˠiː
athmhachnamh,Mayo,ˈaˈwˠaxn̪uː
brúitín,Munster,bˠɾˠuːˈtʲiːnʲ
teann,Galway,tʲɑːn̪ˠ
milseán,Munster,mʲɪlʲˈʃaːn̪ˠ
déanadh,Cois-Fharraige,"ˈdʲiːnˠətʲ, ˈdʲiːn̪ˠəx, ˈdʲɪnˠətʲ, ˈdʲɪn̪ˠəx"
iomlán,Ulster,"ˈʌmˠlˠanˠ, ˈʌmˠl̪ˠan̪ˠ"
guidid,,ˈɡɪdʲədʲ
cupla,,ˈkʊpˠlˠə
ruainne,Cois-Fharraige,ˈɾˠuːn̠ʲə
Lúnasa,,ˈl̪ˠuːn̪ˠəsˠə
tána,Ulster,ˈt̪ˠæːnˠə
deirimid,,ˈdʲɛɾʲəmʲədʲ
dósan,Connacht,ˈd̪ˠoːsˠənˠ
bíodh,Galway; Ulster; Mayo,bʲiːtʲ
ainmneacha,Ulster,ˈanʲəmʲnʲaxə
gluais,,"ɡlˠuəʃ, ɡl̪ˠuəʃ"
leáigh,,
triomú,Munster,"tʲiːɾʲˈmˠuː, tʲɾʲiˈmˠuː, tʲɾʲɨ̞ˈmˠuː"
dála,Munster; Connacht,ˈd̪ˠɑːlˠə
séipéal,Connacht,ˈʃeːpʲeːl̪ˠ
chítear,,ˈçiːtʲəɾˠ
diabhail,Munster,dʲiəlʲ
sine,Munster; Connacht,ˈʃɪnʲə
paróiste,Ulster,ˈpˠaɾˠæʃtʲə
driseach,Ulster,ˈdʲɾʲɪʃa(x)
dealg,Mayo; Ulster,ˈdʲalˠəɡ
déanfaidh,Aran,ˈdʲiːnə
luach,Ulster,"l̪ˠɔx, l̪ˠɔxˈpʲiːn̠ʲə"
Stiofán,Munster,ʃtʲəˈfˠɑːn̪ˠ
díchiall,Connacht,"ˈdʲiːˌceːl̠ʲə, ˈdʲiːˌçeːl̠ʲə"
cogar,Ulster,ˈkʌɡəɾˠ
fuaire,,ˈfˠuəɾʲə
cothú,Munster,kəˈhuː
gnaoi,Ulster,ɡɾˠĩː
aici,Munster,ɪˈci
Aibhilín,Connacht,ˈavʲəlʲiːnʲ
scian,Ulster,"ʃcɨ̞nˠ, ʃcɨ̞n̪ˠ"
beannaigh,Mayo,ˈbʲan̪ˠiː
brath,Cois-Fharraige,bˠɾˠa
ruthag,,ˈɾˠʊhəɡ
fiuch,Ulster,fʲɨ̞x
díbríodh,Galway,"ˈdʲiːbʲɾʲiːvˠ, ˈdʲiːbʲɾʲiːx"
geairid,,ˈɟaɾʲədʲ
foghlaim,Munster; Connacht,"ˈfˠoːlˠəmʲ, ˈfˠoːl̪ˠəmʲ"
aiteannach,Ulster,ˈætʲənˠa(x)
teideal,,ˈtʲɛdʲəl
dearóil,Connacht,ˈdʲaɾˠoːlʲ
obann,,"ˈɔbˠən̪ˠ, ˈɞbˠən̪ˠ"
nádúrthach,Cois-Fharraige,ˈn̪ˠɑd̪ˠuːɾˠəx
úrleathair,Aran,uːɾʲˈl̠ʲeːɾʲ
d'ólfadh,Mayo,ˈd̪ˠoːlˠhuː
puiteach,Connacht,ˈpˠʊtʲəx
geata,Ulster,ˈɟafˠt̪ˠə
ócáid,Ulster,ˈɔːkædʲ
dulta,,ˈd̪ˠʊl̪ˠt̪ˠə
lí,Munster; Connacht,l̠ʲiː
dabhach,Ulster,ˈd̪ˠauwi
mórán,Connacht,ˈmˠoːɾˠɑːnˠ
cloisim,Galway,ˈklˠiʃəmʲ
bolscaire,Munster; Connacht,ˈbˠɔl̪ˠsˠkərʲə
síthe,,ˈʃiːhə
cléitheacha,Ulster,ˈclʲehaxə
dreoigh,Mayo,dʲɾʲoːj
oideachas,Munster; Connacht,ˈɛdʲəxəsˠ
clainne,Munster,ˈkl̪ˠanʲə
léigh,,
oisín,Munster,əˈʃiːnʲ
seilide,,ˈʃɛlʲədʲə
feá,Ulster; Munster,fʲaː
dóibhsean,Aran,ˈd̪ˠoːpˠsˠən
saoradh,Mayo,ˈsˠiːɾˠuː
bréag,Munster,bʲɾʲiːa̯ɡ
geimhreadh,Waterford; Munster,ˈɟaiɾʲə
acra,Munster,ˈɑkəɾˠə
Uaimh,,əˈn̪ˠuəvʲ
bealadh,Ulster,"ˈbʲahlˠu, ˈbʲahl̪ˠu"
calma,,"ˈkalˠəmˠə, ˈkal̪ˠəmˠə"
sás,Munster; Connacht,sˠɑːsˠ
trúig,,ˈt̪ˠɾˠuːɟ
leanbh,Waterford,ˈlʲan̪ˠə
Páirtí an Lucht Oibre,Galway,ˈpˠɑːɾˠtʲiːnˠ ˌl̪ˠɔxt̪ˠ ˈəibʲɾʲə
séidim,Munster; Connacht,ˈʃeːdʲəmʲ
páiste,Ulster,ˈpˠaːʃtʲə
glactha,Aran,ˈɡlˠɑkə
cogal,Connacht,ˈkɔɡəlˠ
aiteach,Ulster,ˈatʲa(x)
foscadh,Aran,ˈfˠɑsˠkə
fuireacht,Ulster,ˈfˠɪɾʲaxt̪ˠ
agam,Connacht,"amˠ, ˈa(ɡə)mˠ, ˈaɡəmˠ, ˈoɡəmˠ"
suite,,ˈsˠɪtʲə
barrchith,Munster,ˈbˠɑːɾˠçɪh
mol,Munster; Connacht,mˠɔl̪ˠ
peann,Galway,pʲɑːn̪ˠ
airnéis,,"ˈaːɾˠn̠ʲeʃ, ˈaːɾˠn̠ʲæʃ, ˈaːɾˠn̠ʲɛʃ, ˈʌɾˠn̠ʲæʃ"
greannach,Connacht,ˈɟrʲan̪ˠəx
sál,Connacht,sˠɑːlˠ
ceannach,Connacht,ˈcan̪ˠəx
reiligiún,Connacht,ˈɾˠɛlʲɪɟuːnˠ
cairdeas,Ulster,ˈkaːɾˠdʲəsˠ
deagánach,Munster,dʲaˈɡɑːn̪ˠəx
loch,Munster; Connacht,l̪ˠɔx
briathar,Aran; Connemara,ˈbʲɾʲiəɾˠ
cleasach,Munster; Connacht,ˈclʲasˠəx
ollmhór,Munster,ˈəul̪ˠˌvˠoːɾˠ
pinc,,pʲɪɲc
acmhainneach,Ulster,"ˈakun̠ʲəx, ˈakuːn̠ʲa(x), ˈakən̠ʲa(x)"
smacht,Mayo; Ulster; Connemara,sˠmˠaxt̪ˠ
arcán,Munster,aɾˠˈkɑːnˠ
dúisigh,Munster,ˈd̪ˠuːʃɪɟ
Laidin,Cois-Fharraige; Mayo,ˈl̪ˠadʲənʲ
scioból,Munster,ʃcɪˈbˠoːl̪ˠ
díleá,Munster,dʲiːˈlʲaː
trácht,Munster; Connacht,t̪ˠɾˠɑːxt̪ˠ
freastal,,"ˈfʲɾʲasˠt̪ˠəlˠ, ˈfʲɾʲasˠt̪ˠəl̪ˠ"
veigeán,Munster,vʲɛˈɟaːn̪ˠ
dearóil,Munster,dʲaˈɾˠoːlʲ
dhóibh,Galway,"(ɣ)oːbʲ, oːbˠ, ɣoːbˠ"
treoracha,Ulster,ˈtʲɾʲɔːɾˠahə
fút,,fˠuːt̪ˠ
Brian,,bʲɾʲiən̪ˠ
mín,,mʲiːnʲ
tímid,,ˈtʲiːmʲədʲ
péinis,,ˈpʲeːnʲəʃ
codladh,Galway; Munster,ˈkol̪ˠə
suarach,,ˈsˠuˑəɾˠəx
amhrán,Connacht,"ˈoːɾˠɑːnˠ, ˈoːɾˠɑːn̪ˠ"
bacán,Connacht,"ˈbˠukɑːnˠ, ˈbˠukɑːn̪ˠ"
gaibhte,Aran,ˈɡɔtʲə
ordú,Munster,oːɾˠˈd̪ˠuː
caitheamh,Galway; Cois-Fharraige,kaː
d'áitigh,Ulster,ˈd̪ˠaːtʲi
air,stressed,ɛɾʲ
éalaigh,Kerry,ˈial̪ˠɪɟ
dea-bholadh,Ulster,ˈdʲeːˌwɔlˠu
peaca,Aran; Munster,ˈpʲakə
rialtas,,ˈɾˠiəl̪ˠt̪ˠəsˠ
géagláidre,,ˈɟeːɡˌlˠɑːdʲɾʲə
bogadh,Galway; Mayo,ˈbˠɔɡətʲ
Beannchar,,ˈbʲan̪ˠəxəɾˠ
abhainn,Connacht,əun̠ʲ
ainligh,Munster,ˈɑinʲlʲɪɟ
ceird,Kerry; Munster,cɑːɾˠd̪ˠ
buachalla,,ˈbˠuəxəl̪ˠə
tart,Aran; Munster,t̪ˠɑɾˠt̪ˠ
Colmán,Connacht,"ˈkɔlˠəmˠɑːnˠ, ˈkɔl̪ˠəmˠɑːn̪ˠ"
caoin,,kiːnʲ
splanc,Cois-Fharraige; Ulster; Connacht,sˠpˠl̪ˠaːŋk
miosúr,Ulster,ˈmʲɪsˠuɾˠ
buailim,Munster; Connacht,ˈbˠuəlʲəmʲ
coinscleo,Ulster,ˈkɪn̠ʲʃclʲɔ
meáfaidh,Munster,ˈmʲɑːhɪɟ
cara as Críost,Ulster,ˌkaɾˠəʃ ˈcɾʲiːsˠt̪ˠə
cónra,Mayo; Ulster,ˈkoːnˠɾˠə
teagasc,Munster,ˈtʲaɡəsˠk
cruthaigh,Munster,ˈkɾˠʊhɪɟ
a chara,,ə ˈxaɾˠə
matánach,Munster,mˠəˈt̪ˠɑːn̪ˠəx
geimhreadh,Connacht,"ˈɟĩvʲɾʲuː, ˈɟɛvʲɾʲu"
feá,Ulster,"fʲəɯ̯, fʲɨ̞ɡ"
fáisctear,Ulster,ˈfˠaːʃcəɾˠ
gan,Aran; also,"ɡɑn, ɡɔn"
neamhdheoin,Ulster,ˈn̠ʲãujõːnʲ
ínteacht,Ulster,ˈiːn̠ʲtʲaxt̪ˠ
oifig,Munster,ˈɛfʲɪɟ
cuireadh,Galway,ˈkɪɾʲəvˠ
bhfaca,Ulster,ˈwɔkə
Dubhghus,,ˈd̪ˠuːɣusˠ
bP,,"bʲ, bˠ"
foghar,Munster; Connacht,fˠauɾˠ
ba,,"bˠə, bˠəj"
cogain,Ulster,ˈkaɡənʲ
plúr,,"pˠlˠuːɾˠ, pˠl̪ˠuːɾˠ"
fortacht,Ulster,ˈfˠɔɾˠt̪a(x)t̪ˠ
sliogán,Connacht,ˈʃl̠ʲiɟaːnˠ
cuimhniú,Cois-Fharraige,ˈkiːnʲuː
saighead,,sˠəid̪ˠ
iarracht,Ulster,ˈiəɾˠa(x)t̪ˠ
-ímis,,iːmʲəʃ
d'athraigh,Cois-Fharraige,ˈd̪ˠaːɾˠə
grán buí,Munster; Connacht,ˈɡɾˠɑːnˠ bˠiː
alpán,Connacht,"ˈalˠpˠɑːnˠ, ˈal̪ˠpˠɑːn̪ˠ"
geala,,ˈɟalˠə
biail,Aran,"bʲeːl, bʲiəl"
toil,Ulster,t̪ˠɔlʲ
tigeann,,ˈtʲɪɟən̪ˠ
cailltear,Ulster,ˈkæl̠ʲtʲəɾˠ
feirg,,ˈfʲɛɾʲɪɟ
leafaos,Connacht,ˈl̠ʲaˌfˠiːsˠ
cornadh,Ulster,ˈkɔːɾˠn̪ˠətʲ
lomabharróg,Munster,ˌl̪ˠɔmˠəvˠɑˈɾˠoːɡ
ballaí,,ˈbˠal̪ˠiː
tirim,Waterford; Ulster; Munster; Connacht,ˈtʲeɾʲəmʲ
aitheantas,,ˈahən̪ˠt̪ˠəsˠ
déirce,Ulster,ˈdʲei̯ɾʲcə
dollar,,ˈd̪ˠɔl̪ˠəɾˠ
saothrú,Ulster,"ˈsˠiːhɾˠu, ˈsˠɯːhɾˠu"
Corcaigh,Connacht,"ˈkɔɾˠkiː, ˈkɔɾˠkə"
puint,,pˠɪnʲtʲ
glas,Munster,ɡl̪ˠɑsˠ
múnadh,Ulster,ˈmˠuːnˠu
buntáiste,Ulster,ˈbˠʌn̪ˠt̪ˠæʃtʲə
oileadh,,"ˈɛlʲətʲ, ˈɪlʲətʲ"
talún,Munster,t̪ˠəˈl̪ˠuːn̪ˠ
má,Ulster,mˠaː
plé,,pʲlʲeː
tarrtháil,Connacht,ˈt̪ˠɑːɾˠhɑːlʲ
morgadh,Ulster,ˈmˠɔɾˠəku
ceird,Aran; Connacht,kaiɾʲdʲ
taitneachtáil,Cois-Fharraige,ˈt̪ˠæn̠ʲəxt̪ˠɑːlʲ
dúigh,Munster,d̪ˠuːɟ
cuimhne,Cois-Fharraige; Munster,ˈkiːnʲə
dromán,Connacht,"ˈd̪ˠɾʊmˠɑːnˠ, ˈd̪ˠɾʊmˠɑːn̪ˠ"
aiféala,,ˈafʲeːlˠə
cónaí,Munster,koːˈn̪ˠiː
cnámha,Munster,kn̪ˠɑː
santach,Cork,ˈsˠaun̪ˠt̪ˠəx
faighinn,Aran,ˈfˠaiən̠ʲ
seisiún,Ulster,ˈʃɛʃunˠ
hathruithe,,ˈhahɾˠɪhə
bh,,"vʲ, w"
Tamhlacht,Munster,t̪ˠɑːvˠ l̠ʲaxt̪ˠ
maidineacha,,ˈmˠadʲənʲəxə
meánach,Connacht,ˈmʲɑːnˠəx
líneach,Ulster,ˈl̠ʲiːnʲa(x)
piobar,Ulster,ˈpʲɨ̞bʲəɾˠ
udalán,Ulster,ˈuːd̪ˠəlˠanˠ
geata,,ˈɟat̪ˠə
toil,Cois-Fharraige,t̪ˠɪlʲ
seasca,,ˈʃasˠkə
cladhaire,Connacht,ˈklˠaiɾʲə
ghuí,,ɣiː
ólfaidh,,"ˈɔːlˠhi, ˈɔːlˠhə, ˈɔːl̪ˠhi, ˈɔːl̪ˠhə"
gráinne,Waterford; Cork,ˈɡɾˠɑːɲɪ
daltach,Connacht,ˈd̪ˠal̪ˠt̪ˠəx
scanraigh,Munster,"ˈsˠkaun̪ˠɾˠɪɟ, ˈsˠkaun̠ˠd̠͡ɹ̝ˠɪɟ"
leithe,,ˈl̠ʲɛhə
talamh,Munster,ˈt̪ˠɑl̪ˠəvˠ
bog,Ulster,bˠʌɡ
comhrá,Ulster,ˈkõːɾˠɑ̃
mairg,Connacht,ˈmˠaɾʲɪɟ
díomhaoin,Munster,dʲiːˈvˠiːnʲ ~ dʲiːˈwiːnʲ
díograis,,ˈdʲiːɡɾˠəʃ
gealladh,Galway,ˈɟal̪ˠəvˠ
liom,unstressed; Connacht,lʲəmˠ
imithe,Munster; Cork,ˈimʲɪhɪ
éidí,Ulster,ˈeːdʲi
focail,Munster; Connacht,ˈfˠɔkəlʲ
gabhar,Munster,ɡɑuɾˠ
Baváir,Munster,bˠəˈvˠɑːɾʲ
gaile,Ulster,ˈɡælʲə
comharsa,Ulster; Munster,ˈkõːɾˠsˠə
stró,Ulster,sˠt̪ˠɾˠɔː
doineann,Ulster,ˈd̪ˠɪn̠ʲən̪ˠ
greas,,ɟɾʲasˠ
gabháil cheoil,Ulster,ɡɔlˠ ˈçɔːlʲ
beagán,Ulster,"ˈbʲɨ̞ɡanˠ, ˈbʲɨ̞ɡan̪ˠ"
riocht,Ulster,ɾˠɨ̞xt̪ˠ
seacht déag,,ʃaxt̪ˠ dʲeːɡ
slabhra,Ulster,ˈsˠl̪ˠauɾˠu
bisigh,Galway,ˈbʲɪʃə
luch,,
gigil,,ˈɟɪɟɪlʲ
intleacht,Cois-Fharraige; Munster,ˈiːnʲtʲlʲəxt̪ˠ
cláracha,Cois-Fharraige,ˈkl̪ˠɑɾˠəxiː
tae,,t̪ˠeː
slánaigh,Ulster,"ˈsˠl̪ˠaːnˠi, ˈsˠl̪ˠaːn̪ˠi"
bláth,Munster,bˠl̪ˠɑːh
cineál,Munster,cɪˈnʲɑːl̪ˠ
Domhnach,,"ˈd̪ˠoːn̪ˠəx, ˈd̪ˠəun̪ˠəx"
culaith,Connacht,ˈkulˠ(h)ə
bairnigh,Ulster,ˈbˠaːɾˠn̠ʲi
ghaiscíocha,Munster,ɣaʃˈciːxə
spág,,sˠpˠɑːɡ
luachair,,l̪ˠuəxəɾʲ
dúradh,Galway; Aran,ˈd̪ˠuːɾˠəvˠ
fírinneach,Connacht,ˈfʲiːɾʲən̠ʲəx
fair,,fˠaɾʲ
mosar,,ˈmɔsˠəɾˠ
boscaí,Connacht,ˈbˠɔsˠkiː
siab,,ʃiəbˠ
broinn,Munster,bˠɾˠiːɲ
miosúir,Munster,mʲɪˈsˠuːɾʲ
spadánta,Ulster,ˈsˠpˠad̪ˠan̪ˠt̪ˠə
baois,,bˠiːʃ
roinn,Waterford,ɾˠaiɲ
Aifreann,Munster,ˈafʲ(ə)ɾʲən̪ˠ
Seáinín,Munster,ʃaːˈnʲiːnʲ
néaltach,Munster,ˈnʲia̯l̪ˠt̪ˠəx
caomhnú,Munster,kˠeːˈnˠuː
ceart,,"caɾˠt̪ˠ, cæːɾˠt̪ˠ"
rámhaíocht,Ulster; Connacht,ˈɾˠɑːwiəxt̪ˠ
tráthúil,Munster,tˠr̪ˠɑː.ˈhuːlʲ
saic,Cois-Fharraige,sˠec
sa bhaile,Munster,sˠə ˈvˠalʲə
caith,Ulster,kaiç ~ kãiç
luachmhar,Ulster; Connacht,ˈl̪ˠuəxwəɾˠ
briosc,Kerry; also,bʲɾʲɨ̞sˠk
ng,,"ŋ, ŋɡ, ɲ, ɲɟ"
cófra,Munster; Connacht,ˈkoːfˠɾˠə
fuaigh,Munster,fˠuəɟ
tobann,Munster; Connacht,ˈt̪ˠɔbˠən̪ˠ
tochais,,ˈt̪ˠɔxəʃ
Aindrias,Ulster,"ˈaːnˠɾˠasˠ, ˈaːnˠrˠasˠ"
thrí,,hɾʲiː
adhart,Munster,ˈɑɪ(ə)ɾˠt̪ˠə
tóraíocht,Connacht,ˈt̪ˠoːɾˠiːəxt̪ˠ
riabhach,Munster,ˈɾˠiəx
tonn,Cois-Fharraige; Connemara,t̪ˠuːn̪ˠ
beirthe,Ulster,ˈbʲɨ̞ɾˠhə
ann,Mayo; Ulster,an̪ˠ
feairín,Aran,ˈfʲaɾˠiːnʲ
aistriú,Ulster,ˈaʃtʲɾʲu
cearc,Cois-Fharraige,cæːɾˠk
righin,Connacht,"ɾˠainʲ, ɾˠəinʲ"
raon,Ulster; Connacht,ˈɾˠiːnˠ
Uinseann,Ulster,ˈɪn̠ʲʃən̪ˠ
cliathán,Ulster,"ˈclʲiːhanˠ, ˈclʲiːhan̪ˠ"
thríthi,Cois-Fharraige,hɾʲiː
fuaraigh,Ulster,"ˈfˠiːɾˠi, ˈfˠɯːɾˠi"
díchéillí,,"ˈdʲiːˌçeːlʲiː, ˈdʲiːˌçeːl̠ʲiː"
íosfadh,Galway; Ulster,ˈiːsˠətʲ
cláirseacha,Munster; Connacht,ˈklˠɑːɾˠʃəxə
naofa,Munster,"ˈn̪ˠeːfˠə, ˈn̪ˠëːə̯fˠə"
galar,Aran,ˈɡɑl̪ˠd̪ˠɾˠə
inneach,Connacht,ˈɪn̠ʲax
sloigisc,Munster,ˈsˠl̪ˠɔɟɪʃc
bleidhmhíol,,ˈbʲlʲɛjvʲiːl̪ˠ
pógfaidh,,
gearraim,Connacht,ˈɟaːɾˠəmʲ
colún,Munster,kəˈl̪ˠuːn̪ˠ
Rinn,Waterford; Cork,ɾˠaiɲ
ith,,i(h)
díobháil,Munster,dʲiːˈvˠɑːlʲ
páirtí,Connacht,ˈpˠɑːɾˠtʲiː
-ófá,,"oːfˠaː, oːhaː"
moltaí,Munster,mˠɔl̪ˠˈt̪iː
beiridís,,ˈbʲɛɾʲədʲiːʃ
moilt,Ulster,mˠɪl̠ʲtʲ
dolaí,,ˈd̪ˠɔlˠiː
pógfaidh,Munster; Connacht,ˈpˠoːkə
cearca,,ˈcaɾˠkə
seanmóirí,Connacht,"ˈʃanˠəmoːɾʲiː, ˈʃan̪ˠəmoːɾʲiː"
Aifreann,Aran; rare,ˈɪfʲɾʲən̪ˠ
síolmhar,Munster,ˈʃiːl̪ˠvˠəɾˠ
d'altadh,Ulster,ˈd̪ˠal̪ˠt̪ˠu
las,,l̪ˠasˠ
diúlfaidh,Ulster,"ˈdʲuːlˠhi, ˈdʲuːl̪ˠhi"
smál,Ulster,sˠmˠæːlˠ
lastall,Munster,l̪ˠasˠˈt̪ˠɑul̪ˠ
coinnleoir,Waterford,kaiɲˈlʲoːɾʲ
mainistreach,,ˈmˠanʲəʃtʲɾʲəx
colm,Connacht,ˈkolˠəmˠ
gaiste,Ulster,ˈɡæʃtʲə
caolas,Ulster; Connacht,"ˈkiːlˠəsˠ, kʰɰiːlˠəsˠ"
iaim,,iəmʲ
taitnigh,Cois-Fharraige,"ˈt̪ˠan̠ʲə, ˈt̪ˠæːn̠ʲə"
ga,,ɡa
bia,,bʲiə
d'ullmhaigh,Galway,ˈd̪ˠʊl̪ˠwə
driseog,Ulster,"ˈdʲɾʲɪʃaɡ, ˈdʲɾʲɪʃɔɡ"
barriall,Connacht,ˈbˠɑːɾˠiəl̪ˠ
caoirigh,Mayo,ˈkiːɾʲiː
gabha,Ulster,ɡoː
bileogach,Munster,bʲəˈlʲoːɡəx
folamh,Cois-Fharraige,ˈfˠaːl̪ˠə
smigín,Ulster; Connacht,ˈsˠmʲɪɟiːnʲ
baisteadh,Munster,"ˈbˠaʃtʲəɡ, ˈbˠɑʃtʲə"
marbh,Ulster,ˈmˠaɾˠu
dúradar,,ˈd̪ˠuːɾˠəd̪ˠəɾˠ
ardaingeal,Aran,ˌɑːɾˠdˠˈæɲɟəl
réasúnta,Ulster,ˈɾˠeːsˠun̪ˠt̪ˠə
agat,Mayo; Connacht,ˈuɡəd̪ˠ
d'aithníodh,Mayo,ˈdˠa(h)nʲiːfˠ
choíche,Ulster,"əˈxiːçɪ, ˈxiːçɪ"
gága,Ulster,ˈɡaːɡə
iomadúil,Ulster,ˈʌmˠəd̪ˠuːlʲ
féil,,fʲeːlʲ
géaraigh,Ulster,"ˈɟeːɾˠi, ˈɟɛə̯ɾˠi"
fógair,Munster; Connacht,ˈfˠoːɡəɾʲ
fiastalach,Ulster,ˈfʲiəsˠt̪ˠalˠa(x)
foireann,,ˈfˠɪɾʲən̪ˠ
dom,,d̪ˠɔmˠ
meaits,Munster,mˠɑtʲʃ
snáthad,Munster,ˈsˠn̪ˠɑːhəd̪ˠ
uaigh,Waterford; Munster; Galway; Connacht,uə
tosaigh,Mayo,ˈt̪ˠɔsˠiː
canúint,Connacht,"ˈkanˠuːn̠ʲtʲ, ˈkɑnwənʲtʲ, ˈkɑnˠuːn̠ʲtʲ"
saill,Aran,sˠail̠ʲ
grinne,Ulster; Kerry; Cork; Connacht,ˈɟɾʲɪn̠ʲə
chun,,xʊnˠ
leath,Ulster,l̠ʲa
freang,Munster,fʲɾʲɑuŋ(ɡ)
fíor-,Ulster,fʲiːɾʲ
cáinte,Ulster,ˈkaːn̠ʲtʲə
mullach,Munster,mˠəˈl̪ˠɑx
agam,Munster,əˈɣɑmˠ
Ciarraí,,ˈciəɾˠiː
tríd,,tʲɾʲiːdʲ
aiféalach,Aran,ˈafʲeːləx
dochtúirí,Connacht,ˈd̪ˠɔxt̪ˠuːɾʲiː
ceird,Waterford; Munster,ceːɾʲdʲ
tar éis,Munster,t̪ˠɾˠeːʃ
caisearbhán,Munster,ˈɡaʃɾˠəvˠaːn̪ˠ
ceisneamh,Munster,ˈcɛʃnʲəvˠ
-fidís,,hədʲiːʃ
leathchoróin,Ulster,ˈl̠ʲaˌxɔɾˠænʲ
daonchairdiúil,Connacht,ˈd̪iːn̪xɑːɾˠdʲuːlʲ
cortha,Ulster; Munster,ˈkʌɾˠhə
ais,,aʃ
crios,Munster,cɾʲɪsˠ
pilleadh,Ulster,ˈpʲɪl̠ʲuː
gruth,Connacht,ɡɾˠɞ
tuig,Ulster,t̪ˠɨ̞ɟ
dícheall,Ulster,ˈdʲiçəl̪ˠ
lúibín,Munster,l̪ˠuːˈbʲiːnʲ
tosú,Munster,t̪ˠəˈsˠuː
dáil,Ulster,d̪ˠaːlʲ
capaill,,ˈkapˠəl̪ʲ
fágadh,Ulster,"ˈfˠæːɡu, ˈfˠæːɡətʲ"
taisc,Ulster,t̪ˠæʃc
aithníodh,Ulster,ˈa(h)nʲiːw
comharsa,Munster,ˈkũːɾˠsˠə
grianghraf,,ˈɟɾʲiənˠˌɣɾˠafˠ
gobadh,Mayo,ˈɡɔbˠuː
buanfas,Ulster,"ˈbˠiːnˠfˠəsˠ, ˈbˠɯːnˠfˠəsˠ"
liath,,
féinfhostaithe,,ˈfʲeːnʲosˠt̪ˠəhə
suaimhneach,Connacht,ˈsˠiːmʲɾʲəx
molfaidh,Munster,ˈmˠɔlˠhɪɟ
cos,Munster,"kɔsˠ, kɞsˠ"
díomsa,,ˈdʲiːmˠsˠə
Bolcáin,Connacht,ˈbɔlˠkɑːnʲ
ceathrúnaí,Cois-Fharraige,ˈcæːɾˠuːn̪ˠiː
piléar,Munster,"pʲəˈlʲeːɾˠ, ˈpʲlʲeːɾˠ"
dólámhach,Connacht,ˈd̪ˠoːˌl̪ˠɑːwəx
naimhde,Ulster,"ˈn̪ˠavʲdʲə, ˈn̪ˠãvʲdʲə"
iompar,Ulster,"ˈʌmˠpˠəɾˠ, ˈʌmˠxəɾˠ"
iascairí,Ulster,ˈiəsˠkəɾʲi
bocsa,Ulster,ˈbˠʊksˠə
cárt,Ulster,ˈkaɾˠt̪ˠə
arú,Munster,əˈɾˠuː
gléasra,Munster,ˈɟlʲiːa̯sˠɾˠə
conas,Waterford,ˈkun̪ˠəsˠ
gnó,Ulster,ˈɡɾˠẽːhə
díonach,Munster,ˈdʲiːn̪ˠəx
Sord Cholm Cille,Ulster,"ˌsˠɔːɾˠd̪ˠ xɔlˠəm ˈcɪl̠ʲə, ˌsˠɔːɾˠd̪ˠ xɔl̪ˠəm ˈcɪl̠ʲə"
roinnt,Munster,ɾˠəɪn̠ʲtʲ
spúnóg,Connacht,ˈsˠpˠuːnˠoːɡ
gairm,Munster,ˈɡaɾʲəmʲ
cúng,Munster; Connacht,"kuːŋ(ɡ), kũːŋ(ɡ)"
taoisigh,Munster,ˈt̪ˠiːʃɪɟ
Fearghal,,ˈfʲaɾˠəlˠ
coitianta,Ulster,ˈkʌtʲən̪ˠt̪ˠə
suím,,sˠiːmʲ
chíd,,ˈçiːdʲ
péint,,pʲeːnʲtʲ
gaiscígh,Connacht,ˈɡaʃciː
acais,Aran,ˈækəʃ
práiscín,Ulster,ˈpˠɾˠaːʃciːnʲ
culaith,Kerry; Munster,kəˈl̪ˠɞh ~ kl̪ˠɞh
biotáille,Aran,ˈbʲɪt̪ˠɑːl̠ʲtʲə
altfaidh,Ulster,ˈal̪ˠt̪ˠi
craoibhe,,ˈkɾˠiːvʲə
Rinne,,ˈɾˠɪn̠ʲə
málóid,Ulster,ˈmˠaːlˠɔdʲ
salainn,,"ˈsˠalˠən̠ʲ, ˈsˠal̪ˠən̠ʲ"
péiste,,ˈpʲeːʃtʲə
bus,,bˠʊsˠ
boid,,bˠɪdʲ
mire,,ˈmʲɪɾʲə
Pádraig,Munster,ˈpˠɑːd̪ˠəɾˠɪɟ
ardghlórach,Munster,ˈɑːɾˠd̪ˠˌɣl̪ˠoːɾˠəx
lasmuigh,Ulster,l̪ˠasˠˈmˠɪç
iarrtar,,ˈiəɾˠt̪ˠəɾˠ
seordán,Connacht,ˈʃoːɾˠd̪ˠɑːnˠ
díbríodh,Munster,"dʲiːˈbʲɾʲiːx, dʲiːˈbʲɾʲiːɡ"
craobhach,Connacht,ˈkɾˠiːwəx
briathar,Ulster; Munster,ˈbʲɾʲiːhəɾˠ
áith aoil,Ulster,"ãːç ˈiːlʲ, ãːi̯ç ˈiːlʲ"
toighe,,t̪ˠiə
bís,,bʲiːʃ
dhíobh,Galway,"(ɣ)iːbˠ, jiːbˠ"
lochán,Connacht,ˈl̪ˠɔxɑːnˠ
lucht,Ulster,l̪ˠʌxt̪ˠ
pána,Munster,ˈpˠɑːn̪ˠə
turas,Munster,t̪ˠəˈɾˠʊsˠ ~ t̪ˠəˈɾˠʌsˠ ~ t̪ˠɾˠʌsˠ
tiubh,Galway,tʲʊ(w)
garr,Ulster,ɡaːɾˠ
Dubhghall,,ˈd̪ˠʊwəl̪ˠ
sníomhtha,Ulster,"ˈʃn̠ʲiːwhə, ˈʃn̠ʲiu̯ʍə"
neantóg,Munster,nʲan̪ˠˈt̪ˠoːɡ
flaithis,Ulster,"ˈfˠlˠaihəʃ, ˈfˠl̪ˠaihəʃ"
briota,,ˈbʲɾʲɨ̞t̪ˠə
faillí,Munster,fˠɑˈlʲiː
sméar,Munster,sˠmʲia̯ɾˠ
uaigneas,Ulster; Connacht,ˈuəɟnʲəsˠ
gróigeadh,Mayo,ˈɡɾˠoːɟuː
feabhas,Munster; Connacht,fʲausˠ
turadh,Ulster,ˈt̪ˠʌɾˠu
anbhann,Ulster,ˈanˠun̪ˠ
síob,,ʃiːbˠ
Ó Ceallaigh,Ulster,aˈcal̪ˠi
moch,Munster,"mɔx, mɯx, mˠʊx, mˠʊ̃x"
comhlach,Ulster,ˈkõːlˠa(x)
clois,,klˠɔʃ
Faoilleach,Ulster,ˈfˠiːl̠ʲa(x)
gairdín,Ulster,ˈɡæːɾˠdʲinʲ
níor,Munster,nʲiːɾˠ
fleaite,,"ˈfʲlʲatʲə, ˈfʲlʲætʲə"
oscar,Ulster,ˈʌsˠkəɾˠ
cab,,"kabˠ, kɑbˠ"
-tí,,tʲiː
taisme,Ulster,ˈt̪ˠæʃmʲə
acra,Ulster,ˈakɾˠə
dólámhach,Ulster,ˈd̪ˠɔːˌl̪ˠæːwa(h)
damhsa,,ˈd̪ˠəusˠə
fómhair,Cois-Fharraige,ˈfˠuːwəɾʲ
min,Munster; Connacht,ˈmʲinʲ
dhó,Munster; Connacht,ɣoː
feisigh,,ˈfʲɛʃiː
dearthár,Cois-Fharraige,ˈdʲɾʲɑːɾˠ
crom,Munster,kɾˠɑumˠ
cata,Mayo; Ulster,ˈkat̪ˠə
éadóchas,Ulster,"ˈeːd̪ˠɔxəsˠ, ˈɛːd̪ˠɔxəsˠ"
spúnóg,Ulster,ˈsˠpˠuːnˠaɡ
ógánach,Munster,oːˈɡɑːn̪ˠəx
troscadh,Mayo; Connacht,ˈt̪ˠɾˠosˠkuː
abraim,Munster,ˈɑbˠəɾˠəmʲ
dúnadh,Galway,"ˈd̪ˠuːnˠə, ˈd̪ˠuːnˠəvˠ, ˈd̪ˠuːnˠəx"
oinniún,Ulster,ˈʌn̠ʲənʲ
aidiacht,Connacht,ˈadʲiəxt̪ˠ
taispeáint,Munster,tʲisˠˈpʲaːnʲtʲ
díobhsan,Aran,ˈdʲiːpˠsˠən
fleá,Munster,fʲlʲaː
morgadh,Galway; Munster,ˈmˠɔɾˠəɡə
bunadh,Ulster,ˈbˠʌnˠuː
toiligh,Connacht,ˈt̪ˠɛlʲiː
linbhín,Munster,lʲɪnʲəˈvʲiːnʲ
i m'ainneoin,Ulster,əˈmˠæn̠ʲænʲ
soibealta,Ulster,ˈsˠɨ̞bʲəl̪ˠt̪ˠə
-fidh,Ulster,i
cuibhrigh,Galway,ˈkɪvʲɾʲə
meadhg,Munster; Connacht,"ˈmʲaiɡ, ˈmʲəiɡ"
roinn,Galway,ɾˠiːn̠ʲ
faoi deara,,fˠiːˈdʲaɾˠə
laistigh,Ulster; Connacht,l̪ˠaʃˈtʲɪj
tom,Mayo,t̪ˠʊmˠ
bréagach,Ulster,ˈbʲɾʲeːɡa(h)
glór,Munster; Connacht,ɡl̪ˠoːɾˠ
baile,Connemara,ˈbˠɑːlʲə
sileadh,Ulster,ˈʃɨ̞lʲətʲ
Cireabaití,,ˈkɪɾʲəˌbatiː
fiachta,,ˈfʲiəxt̪ˠə
lúcháir,Munster,l̪ˠuːˈxɑːɾʲ
súile,,ˈsˠuːlʲə
breith,Cois-Fharraige; Ulster; Aran,bʲɾʲɛ
fáilt,Munster,fˠɑːlʲtʲ
cén chaoi,Cois-Fharraige,cɛˈxiː
ceap,Cois-Fharraige,cæːpˠ
cúinge,Connacht,ˈkuːɲɪ
maide,Ulster,ˈmˠædʲə
ronnach,Munster,ɾˠəˈn̪ˠax
Gaeil,,ɡeːlʲ
coiteann,Munster; Connacht,ˈkɔtʲən̪ˠ
máthair,Ulster,"ˈmˠahæɾʲ, ˈmˠɑhəɾʲ, ˈmˠɑ̃həɾʲ, ˈmˠɛhəɾʲ, ˈmˠʌhəɾʲ ~ ˈmˠihəɾʲ"
tchí,,tʲiː
náisiún,Connacht,ˈn̪ˠɑːʃuːnˠ
slat,Aran,sˠlɑt̪ˠ
fascadh,Ulster,ˈfˠasˠku
cáibín,Connacht,"ˈkaːbʲiːnʲ, ˈkɑːbʲiːnʲ"
Éireannach,Munster; Connacht,ˈeːɾʲən̪ˠəx
féachaint,Aran,ˈfʲiəxən̠ʲtʲ
duilliúr,Connacht,ˈd̪ˠɪl̠ʲuːɾˠ
beathú,Munster,bʲaˈhuː
cá háit,,kɑːˈhɑːtʲ
sonrú,Connacht,ˈsˠon̪ˠɾˠuː
traein,,t̪ˠɾˠeːnʲ
speal,,"sˠpʲalˠ, sˠpʲal̪ˠ"
bocht,,bˠɔxt̪ˠ
loch,General-American,
fírinne,Kerry,ˈfʲiːɾʲənʲə
cogadh,Ulster,"ˈkɔɡu(ː), ˈkʌɡətʲ"
fáidh,Connacht,fˠɑːj
beo,Munster; Connacht,bʲoː
céad mháta,Connacht,ceːd̪ˠ ˈwɑːt̪ˠə
inneosad,Munster,(ə)ˈnʲoːsˠəd̪ˠ
pianadh,Galway; Munster,ˈpʲiənˠəx
cúb,,kuːb
seinn,Ulster,ʃɪn̠ʲ
riar,Ulster,"ɾˠeːɾˠ, ɾˠɤːɾˠ"
gíománach,Ulster,ˈɟɨ̞mˠanˠa(x)
sochreidte,Ulster; also,ˈsˠɔːˌçɾʲɛtʲə
cnámh,Galway; Cois-Fharraige,kɾɑːvʲ
roinn,Mayo,ɾˠɪn̠ʲ
dianghlasáil,,dʲiənˠˈɣlˠa.sˠɑːlʲ
ceirín,Ulster,ˈcɛhɾʲinʲ
ansin,Aran,ən̪ˠˈʃɪnʲ
méir,,mʲeːɾʲ
úsáid,Connacht,ˈuːsˠɑːdʲ
sách,Munster; Connacht,sˠɑːx
Méibhín,,ˈmʲeːvʲiːnʲ
bail,,bˠalʲ
áiféis,Ulster,ˈɑːfʲeʃ
achasán,Ulster,"ˈahasˠanˠ, ˈahasˠan̪ˠ"
amhrán,Aran; also; Connacht,ˈɑːɾˠɑːnˠ
caisearbhán,Connacht,ˈkaʃəɾˠwaːn̪ˠ
faighfeá,,ˈfˠaiɑː
deichniúr,Ulster,ˈdʲɪhnʲuɾˠ
bliosán,Ulster,ˈbʲlʲɪsˠænˠ
cnoc,Waterford; Munster,kəˈn̪ˠuk
aigeantach,Ulster,ˈæɟən̪ˠt̪ˠa(x)
banaltra,,ˈbˠanˠəl̪ˠt̪ˠɾˠə
bonn,Aran,"bˠɔn̪ˠ, bˠɞn̪ˠ"
piocadh,Galway; Mayo,ˈpʲʊkətʲ
adhnua,Cork,əiˈn̪ˠoː
fóill,Ulster,fˠɔːl̠ʲ
pus,Ulster,pˠʌsˠ
iontráil,Connacht,ˈʊn̪ˠt̪ˠɾˠɑːlʲ
daonchairdiúil,Munster,ˈd̪eːn̪xɑːɾˠˌdʲuːlʲ
moltaí,Ulster,ˈmˠɔl̪ˠt̪ˠi
deartháracha,Cois-Fharraige,ˈdʲɾʲɑːɾˠəxiː
piteog,Ulster,"ˈpʲɪtʲaɡ, ˈpʲɪtʲɔɡ"
oilfidh,Ulster; Connacht,"ˈɛlʲ(h)ə, ˈɪlʲ(h)ə"
lena cois,Munster,ˌlʲɛn̪ˠəˈkɞʃ
sealbh,,ˈʃalˠəvˠ
dona,Connacht,"ˈd̪ˠɔnˠə, ˈd̪ˠɞnˠə, ˈd̪ˠɞn̪ˠə"
feochan,Connacht,ˈfʲoːxənˠ
i gcónaí,Munster,əɡoːˈn̪ˠiː
glinne,,ˈɟlʲin̠ʲə
claonadh,,ˈklˠɤːnˠətʲ
brón,Mayo; Ulster,bˠɾˠoːnˠ
fionnuacht,Ulster,ˈfʲɨ̞n̪ˠwaxt̪ˠ
badráil,Connacht,ˈbˠad̪ˠɾˠɑːlʲ
maoth,Munster,mˠeːh
chuige,Galway,ˈɛɟɪ
miúil,,mʲuːlʲ
don,Ulster,d̪ˠʌnˠ
giúiré,,ˈɟuːɾʲeː
Sínigh,Mayo,ˈʃiːnʲiː
drithle,Kerry,ˈdʲɾʲɨ̞həlʲə
feolmhach,Ulster,"ˈfʲɔːlˠwaxi, ˈfʲɔːl̪ˠwaxi"
caillteanas,Aran,ˈkalʲtʲəmˠəsˠ
tur,Ulster,t̪ˠʌɾˠ
bindealán,Munster,bʲin̠ʲdʲəˈl̪ˠɑːn̪ˠ
teicni-,,tʲɛcnʲə
gábhadh,Ulster,"ˈɡaːwuː, ˈɡaːwə"
ifreann,,ˈɪfʲɾʲən̪ˠ
tál,Munster; Connacht,t̪ˠɑːlˠ
gortaigh,Galway,ˈɡɔɾˠt̪ˠə
sócúlach,Munster,sˠoːˈkuːl̪ˠəx
coinnigh,Cois-Fharraige,ˈkɪn̠ʲə
ainneoin,Ulster,ˈan̠ʲɔnʲ
urchóideach,Connacht,ˈʊɾˠəxoːdʲəx
litriú,Munster,lʲətʲəˈɾʲuː
clismearnach,Ulster,"ˈclʲɪʃmʲəɾˠn̠ʲiː, ˈclʲɪʃmʲəɾˠn̪ˠiː"
ainneoin,Munster,"əˈnʲoːnʲ, əˈnʲõːi̯nʲ"
leabhair,Munster,lʲauɾʲ
mairg,Ulster,ˈmˠæɾʲɪɟ
péacán,Connacht,"ˈpʲeːkɑːnˠ, ˈpʲeːkɑːn̪ˠ"
moll,Ulster,mˠʌl̪ˠ
deartháireacha,Mayo; Connemara; South; West,ˈdʲɾʲiçaːɾʲəxə
oiliúint,Ulster,ˈɛlʲunʲ
síor-,,"ʃiːɾʲ, ʃiːɾˠ"
nod,Munster; Connacht,n̪ˠɔd̪ˠ
brat,Cois-Fharraige; Ulster; Mayo,bˠɾˠat̪ˠ
murab,,ˈmˠʊɾˠəbˠ
-íos,,iːsˠ
boird,Connemara,bˠəuɾˠdʲ
éag,Ulster; Connacht,"eːɡ, ɛə̯ɡ"
Stiofán,Connacht,"ˈʃtʲʊfˠɑːnˠ, ˈʃtʲʊfˠɑːn̪ˠ"
cosnamh,Ulster,ˈkɔsˠn̪ˠu
go raibh maith agat,,"ɡəɾˠəmˠəˈhaɡət̪ˠ, ɡəɾˠəˈmˠahəɡət̪ˠ"
coir,Ulster,kɪɾʲ
maoilín,Connacht,ˈmˠiːlʲiːnʲ
craobhacha,Ulster,ˈkɾˠiːwaxə
agóid,Connacht,ˈaɡoːdʲ
trealamh,Ulster,ˈtʲɾʲalˠu
cithréim,Ulster,ˈcɨ̞hɾˠəmˠ
maith,Munster,mˠɑh
feadaíl,Ulster,ˈfʲad̪ˠilʲ
dom,unstressed,d̪ˠəmˠ
suan,,sˠuən̪ˠ
fiabhrais,Aran,ˈfʲɛvˠɾˠəʃ
tolladh,Ulster,ˈt̪ˠʌl̪ˠu(ː)
réad,Munster,ɾˠɔd̪ˠ
cathair,,"ˈkahəɾʲ, ˈkɑhəɾʲ"
éagsúil,Munster,"iːa̯ɡsˠuːlʲ, iːa̯ɡ̊sˠuːi̯lʲ"
aeráid,Ulster,ˈeːɾˠædʲ
madraí,Cois-Fharraige,ˈmˠɑːd̪ˠɾˠiː
iompar,Munster; Connacht,ˈʊmˠpˠəɾˠ
crosach,Ulster,ˈkɾˠɔsˠa(x)
siabadh,Galway; Ulster; Mayo,ˈʃiəbˠətʲ
baothchaifeach,Ulster,"ˈbˠiːˌxafʲa(x), ˈbˠɯːˌxãfʲa(x)"
aisteoir,Connacht,ˈaʃtʲoːɾʲ
claonadh,Mayo,ˈklˠiːnˠuː
dínne,,ˈdʲiːn̠ʲə
dóim,Ulster,d̪ˠoːmˠ
páirtí,Munster,pˠɑːɾˠˈtʲiː
timpeall,Munster,ˈtʲiːmˠpˠəl̪ˠ
dhóibhsean,Aran,ˈɣoːpˠsˠən
éide,,ˈeːdʲə
Aifreann,Cois-Fharraige,"ˈæfʲɾʲən̪ˠ, ˈæːfʲɾʲən̪ˠ"
dreoilín,Ulster,ˈdʲɾʲɔːlʲinʲ
cáinim,,ˈkɑːnʲəmʲ
culaith,Munster,kl̪ˠo
insím,Aran,"ˈinʲʃiːmʲ, ˈinʲʃəmʲ, ˈiːnʲʃiːmʲ"
Cáisc,,"kaːʃc, kɑːʃc"
bádóir,Connacht,ˈbˠɑːd̪ˠoːɾʲ
úir,,uːɾʲ
corcán,,ˈkɔɾˠkɑːn̪ˠ
amanna,Aran; Connemara,ˈamˠən̪ˠiː
clogaide,Ulster,ˈklˠʌɡədʲə
gúnga,Munster,"ˈɡɾˠuːŋ(ɡ)ə, ˈɡɾˠũːŋ(ɡ)ə"
fheoil,Munster; Connacht,oːlʲ
stéic,,ˈʃtʲeːc
stuaic,,sˠt̪ˠuəc
ciar,,ciəɾˠ
sileadh,Galway; Munster,ˈʃɪlʲəx
airg,,ˈaɾʲɪɟ
clabhta,,ˈklˠaut̪ˠə
uan,,"uənˠ, uən̪ˠ, uːnˠ, uːn̪ˠ"
sealadach,,ˈʃalˠəd̪ˠəx
abacas,,ˈabˠəkəsˠ
clairnéid,Connacht,ˈklˠɑːɾˠnʲeːdʲ
comhrialtas,Cois-Fharraige,ˈkuːɾˠiəl̪ˠt̪ˠəsˠ
maidine,Ulster,ˈmˠædʲənʲə
formad,,ˈfˠɔɾˠəmˠəd̪ˠ
caladh,Connemara,ˈkalˠə
cathaoir,Mayo,ˈkahiːɾʲ
treoir,Ulster,tʲɾʲɔːɾʲ
baile mór,Ulster,ˌbˠalʲə ˈmˠɔːɾˠ
oilfeadh,Munster,"ˈɛlʲ(h)əx, ˈɪlʲ(h)əx"
leannán,Ulster,ˈl̠ʲan̪ˠanˠ
glacfaidh,,ˈɡlˠakə
cuimhním,Munster,kiːˈnʲiːmʲ
nc,,"ŋk, ɲc"
bolgam,Ulster,"ˈbˠɔlˠəɡəmˠ, ˈbˠɔl̪ˠəɡəmˠ"
fuadh,Galway; Munster,fˠuəx
anchroí,Aran,ˈɑnxɾˠə
breabadh,Galway; Ulster; Mayo,ˈbʲɾʲabˠətʲ
gus,Munster; Connacht,ɡʊsˠ
corrú,Munster,kɔˈɾˠuː
Méabh,Ulster,"mʲeːwə, mʲɛə̯wə"
doireadh,Galway,ˈd̪ˠɛɾʲəvˠ
déarfar,,ˈdʲeːɾˠfˠəɾˠ
fosta,,ˈfˠɔsˠt̪ˠə
iontaoibh,Munster,uːn̪ˠˈt̪ˠiːvʲ
corrú,Connacht,ˈkɔɾˠuː
tiomáin,Munster,tʲəˈmˠɑːnʲ
luath,Munster,l̪ˠuəh
gairmeach,,ɡaɾʲˌmʲəx
preas,,pʲɾʲasˠ
tuilleadh,Mayo; Ulster,ˈtʲil̠ʲuː
maitheamh,Mayo,ˈmˠahuː
eireaball,Aran; Ulster,ˈɾˠɨbˠəl̪ˠ
deinir,,ˈdʲɪnʲəɾʲ
coradh,Galway; Munster,ˈkɔɾˠəx
gnóthachtáil,Cois-Fharraige,ˈɡɾˠuːxt̪ˠɑːlʲ
agamsa,Kerry,əˈɡɑmsə
urchar,Munster,ˈɾˠʌxəɾˠ
corrach,Munster; Connacht,ˈkɔɾˠəx
-íodh,Mayo; Ulster,iːw
ocras,Ulster,ˈɔkɾˠəsˠ
cion,Aran; Connacht,cinˠ
brón,Aran,bˠɾˠoːn
earrach,Galway,ˈæɾˠəx
plaic,,pˠlˠac
fadálach,Ulster,"ˈfˠad̪ˠalˠa(x), ˈfˠad̪ˠal̪ˠa(x)"
muiceoil,Munster; Connacht,ˈmˠɪcoːlʲ
-úint,Ulster,un̠ʲtʲ
fillim,Connacht,ˈfʲɪl̠ʲəmʲ
aird,Ulster,aːɾˠdʲ
liobarnach,Munster,"ˈlʲɨ̞bˠəɾˠn̪ˠəx, ˈlʲɯbˠəɾˠn̪ˠəx"
leathan,Munster,ˈlʲahən̪ˠ
dainséar,Connacht,ˈd̪ˠan̠ʲʃeːɾˠ
rotha,,ˈɾˠɔhə
déan athmhachnamh,Galway,ˈdʲiːnˠ ˈaˈwˠaxn̪ə
srathnú,Ulster,"ˈsˠɾˠʌhnˠu, ˈsˠɾˠʌhn̪ˠu, ˈʂ(ɽ)ʌhnˠu, ˈʂ(ɽ)ʌhn̪ˠu"
dúnadh,Ulster,ˈd̪ˠuːnˠu
damáiste,Munster,d̪ˠəˈmˠɑːʃtʲə
dílse,Mayo; Ulster; Munster,ˈdʲiːʃl̠ʲə
Bh,,"vʲ, w"
ubh,Aran,ɔvˠ
is éigean,,ˈʃeːɟənˠ
daoibh,Aran,dʲiːbʲ
ceannaím,Connacht,ˈcan̪ˠiːmʲ
easpa,Munster,"ˈasˠpˠə, ˈɑsˠpˠə"
tuirne,,ˈt̪ˠuːɾˠn̠ʲə
siúd,,ʃuːd̪ˠ
cat,Aran,kɔt̪ˠ
tóga,Munster; Connacht,ˈt̪ˠoːɡə
acsón,Munster,akˈsˠoːn̪ˠ
beireadh,Galway; Munster,ˈbʲɛɾʲəx
innseann,Munster,ˈiːnʲʃən̪ˠ
strainséara,Cois-Fharraige,ˈsˠt̪ˠɾˠæːnʲʃeːɾˠə
gealtacht,Ulster,ˈɟal̪ˠt̪ˠaxt̪ˠ
saoil,Ulster; Connacht,sˠiːlʲ
ocht,Connacht,ɔxt̪ˠ
séad,Ulster; Connacht,ʃeːd̪ˠ
srath,,sˠɾˠa(h)
bainim,Munster,ˈbˠɪnʲəmʲ
díbhse,,ˈdʲiːvʲʃə
bearna,Aran,ˈbʲaːɾˠn̪ˠə
fuadach,Munster; Connacht,ˈfˠuəd̪ˠəx
teastas,,ˈtʲasˠt̪ˠəsˠ
sop,Ulster,sˠapˠ
-ímid,,iːmʲədʲ
tláith,Connacht,t̪ˠlˠɑː
coisreac,Ulster,ˈkɔʃɾʲək
sínigh,Ulster,ˈʃiːnʲi
clogaide,Munster; Connacht,ˈklˠɔɡədʲə
coirce,Munster,"ˈkɞɾʲcɪ, ˈkɪɾʲcɪ"
ceird,Mayo; Connacht,ceɾˠdʲ ~ coɾˠdʲ
leiceann,,ˈl̠ʲɛcən̪ˠ
caorán,Ulster,"-ɾˠan̪ˠ, ˈkeːɾˠanˠ, ˈkiːfˠɾˠanˠ, ˈkɤːɾˠanˠ, ˈkɯːɾˠanˠ"
cinneadh,Galway; Kerry,ˈcɪn̠ʲəx
cearr,Munster; Connacht,cɑːɾˠ
tiocfaidh,Ulster,"ˈtʲɨki, ˈtʲɨkə"
-ódh,Ulster,"ɔːhu, ɔːhətʲ"
Ciribeas,,ˈkɪɾʲəˌbas
abhaile,Connacht,əˈwalʲə
coguas,Munster,kəˈɡuəsˠ
naomh,Connacht,n̪ˠiːvˠ
Pilib,,ˈpʲɪlʲəbʲ
tithe,,ˈtʲɪhɪ
arán,Ulster,ˈaɾˠanˠ
bámhar,Connacht,ˈbˠɑːwəɾˠ
cnoic,Aran,knˠic
shá,Munster; Connacht,hɑː
Laighin,,l̪ˠəinʲ
cnaipe,Munster,ˈkn̪ˠapʲə
aill,Munster,ɑilʲ
Rinn,Cois-Fharraige,ɾˠiːn̠ʲ
comhionann,Cois-Fharraige; Connacht,ˈkuːˈaːn̪ˠən̪ˠ
comhrá,Connacht,ˈkoːɾˠɑː
coiteann,Ulster,ˈkʌtʲən̪ˠ
cearnóige,Connacht,ˈcɑːɾˠn̪ˠoːɟə
tabhaigh,Munster,ˈt̪ˠauɪɟ
liobairne,Ulster,ˈl̪ˠʌbˠəɾˠn̠ʲə
earráideach,Munster,aˈɾˠaːdʲəx
i ngeall ar,Mayo; Connacht,əˈɲal̪ˠ ɛɾʲ
na,,n̪ˠə
uireasa,,ˈɪɾʲəsˠə
maoineach,Munster; Connacht,"ˈmˠiːnʲəx, ˈmˠĩːnʲəx"
Chill Mhantáin,Munster,ˌçiːlʲ vˠɑn̪ˠˈt̪ˠɑːnʲ
altadh,Galway; Ulster; Mayo,ˈal̪ˠt̪ˠətʲ
dánlann,Ulster,ˈd̪ˠæːn̪ˠl̪ˠən̪ˠ
creidte,Ulster,"ˈcɾʲɛtʲə, ˈcɾʲɪtʲə"
baladh,Aran; Connemara,ˈbˠɑlˠ(h)ə
fágáil,Ulster,"ˈfˠaːɡælʲ, ˈfˠaːɡæl̠ʲtʲ"
deinimíd,Munster,dʲɪnʲəˈmʲiːdʲ
gaofar,Munster,ˈɡeːfˠəɾˠ
fhág,Munster; Connacht,ˈɑːɡ
fhág,Ulster,ˈæːɡ
scríobh,Ulster; Connacht,ʃcɾʲiːw
scríobh,Munster,ʃcɾʲiːvˠ
scríobh,Kerry; Munster,sˠcɾʲiːvˠ
teach,,tʲax
teach,Cois-Fharraige,tʲæːx
deartháir,,"ˈdʲaɾˠhaɾʲ, ˈdʲɾʲiçaːɾʲ"
deartháir,Aran,ˈdʲɾʲɑːhəɾʲ
deartháir,Cois-Fharraige,ˈdʲɾʲɑːɾʲ
deartháir,Munster,dʲɾʲəˈhaːɾʲ
deartháir,Ulster,"ˈdʲæːɾˠhaɾʲ, ˈdʲæːɾˠhəɾʲ"
cat,Aran,kɔt̪ˠ
cat,Cois-Fharraige,kʊt̪ˠ
cat,Mayo; Ulster,kat̪ˠ
cat,Aran; Munster,kɑt̪ˠ
bord,,bˠoːɾˠd̪ˠ
bord,Aran,bˠɑuɾˠd̪ˠ
bord,Connemara,bˠəuɾˠd̪ˠ
ceann,Galway,cɑːn̪ˠ
ceann,Mayo,can̪ˠ
ceann,Munster,cɑun̪ˠ
ceann,Ulster,cɨ̞n̪ˠ
poll,Kerry,pˠɔul̪ˠ
poll,Galway; Kerry,pˠɑul̪ˠ
poll,Ulster,pˠʌl̪ˠ
balla,,
balla,Aran,ˈbˠɑl̪ˠə
balla,Mayo; Ulster; Connemara,ˈbˠal̪ˠə
leabhar,Connacht,l̠ʲəuɾˠ
leabhar,Munster,lʲɑuɾˠ
leabhar,Ulster,l̠ʲoːɾˠ
samhradh,Galway; Munster,"ˈsˠauɾˠə, ˈsˠãuɾˠə"
samhradh,Mayo,ˈsˠauɾˠuː
samhradh,Ulster,ˈsˠãuɾˠu
beannacht,Connacht,ˈbʲan̪ˠəxt̪ˠ
beannacht,Munster,bʲəˈn̪ˠaxt̪ˠ
beannacht,Ulster,ˈbʲan̪ˠa(x)t̪ˠ
fonn,Galway; Cork,fˠuːn̪ˠ
fonn,Kerry,fˠɑun̪ˠ
fonn,Ulster,fˠʌn̪ˠ
leagan,Cois-Fharraige,"ˈl̠ʲæɡən̪ˠ, ˈl̠ʲæːɡən̪ˠ"
leagan,Mayo,ˈlʲaɡənˠ
leagan,Ulster,"ˈl̠ʲɨɡənˠ, ˈl̠ʲɨɡən̪ˠ"
teanga,Aran; Kerry,ˈtʲaŋɡə
teanga,Cois-Fharraige,ˈtʲæːŋɡə
teanga,Waterford; Mayo; Cork,ˈtʲaŋə
teanga,Ulster,ˈtʲaŋiː
seacht,,ʃaxt̪ˠ
seacht,Cois-Fharraige,"ʃæxt̪ˠ, ʃæːxt̪ˠ"
aghaidh,Ulster; Aran,ˈaiə
aghaidh,Aran; Connacht,ai
aghaidh,Munster,ɑiɟ
aghaidh,Ulster,"əi̯, ɤi̯"
nimhe,Connacht,ˈn̠ʲivʲə
nimhe,Munster,nʲĩː
nimhe,Ulster,ˈn̠ʲɨ̃vʲə
bóthar,,ˈbˠoːhəɾˠ
bóthar,Cois-Fharraige,ˈbˠoːɾˠ
bóthar,Ulster,ˈbˠɔhəɾˠ
oíche,,
oíche,Aran,"iə, ˈɪhə"
oíche,Ulster; Aran,ˈiːhə
oíche,Cois-Fharraige,ˈiː
oíche,Mayo,ˈiːçə
oíche,Munster,ˈiːhɪ
oíche,Ulster,"ˈĩːhə, ˈĩːçə"
fear,,fʲaɾˠ
fear,Cois-Fharraige,fʲæɾˠ
muc,,mˠʊk
fliuch,Aran,fʲlʲɞx
fliuch,Ulster; Cois-Fharraige; Aran,fʲlʲɔx
fliuch,Munster,fʲlʲɯx
fliuch,Ulster,"fʲlʲɨ̞x, fʲlʲʊx, fʲlʲʌx"
fada,Aran; Munster,ˈfˠɑd̪ˠə
fada,Mayo; Ulster; Connemara,ˈfˠad̪ˠə
beag,Munster; Connacht,bʲɞɡ
beag,Ulster,bʲɨ̞ɡ
úrú,,ˈuːɾˠuː
bacach,Connacht,ˈbˠakəx
bacach,Cois-Fharraige; Connacht,ˈbˠaːkəx
bacach,Munster,bˠəˈkɑx
bacach,Ulster,ˈbˠaka(x)
isteach,,əʃˈtʲax
isteach,Cois-Fharraige,"əʃˈtʲæx, əʃˈtʲæːx"
baile,Aran,"ˈbˠalə, ˈbˠælə"
baile,Connemara,ˈbˠɑːlʲə
baile,Munster,ˈbˠalʲə
baile,Ulster,"ˈbˠælʲə, ˈbˠɛlʲə, ˈbˠelʲə"
duine,Ulster; Munster; Connacht,ˈd̪ˠɪnʲə
duine,Ulster,ˈd̪ˠɪn̠ʲə
Gaeltacht,Munster; Connacht,ˈɡeːl̪ˠt̪ˠəxt̪ˠ
Gaeltacht,Ulster,ˈɡeːl̪ˠt̪ˠaxt̪ˠ
Conamara,Galway,"konˠəˈmaɾˠə, ˌkun̪ˠəˈmaːɾˠə"
Conamara,Galway; Aran,kon̪ˠəˈmaɾˠə
Conamara,Galway; Cois-Fharraige,ˌkun̪ˠəˈmaɾˠə
Gaeilge,Galway,ˈɡeːlʲɟɪ
Gaeilge,Mayo; Ulster,ˈɡeːlʲɪc
Gaeilge,Munster,"ˈɡeːl̪ˠənʲ, ˈɡɰeːl̪ˠɪnʲ, ˈɡɰeːl̪ˠɪɲ"
aoibhinn,Ulster; Connacht,ˈiːvʲən̠ʲ
aoibhinn,Waterford; Cork,ˈiːvʲɪɲ
aoibhinn,Kerry,ˈiːvʲənʲ
buí,,
buí,Munster; Connacht,bˠiː
buí,Ulster,bˠiə
caol,Ulster; Connacht,"kiːlˠ, kiːl̪ˠ"
caol,Munster,"keːl̪ˠ, këːə̯l̪ˠ"
caol,Ulster,kɯːlˠ
leathan,Ulster; Connacht,"ˈl̠ʲahənˠ, ˈl̠ʲahən̪ˠ"
leathan,Munster,ˈlʲahən̪ˠ
leathan,Ulster,"ˈl̠ʲahanˠ, ˈl̠ʲahan̪ˠ"
drochbhean,Munster,ˈd̪ˠɾˠʌˌvʲan̪ˠ
fuinneog,Connacht,ˈfˠɪn̠ʲoːɡ
fuinneog,Cork,fˠɪˈɲoːɡ
fuinneog,Kerry,fʲɪˈnʲoːɡ
fuinneog,Ulster,"ˈfˠɪn̠ʲaɡ, ˈfˠɪn̠ʲɔɡ"
fuinneog,Waterford,fʲɪˈɲuːɡ
oiliúint,Munster,əˈlʲuːnʲtʲ
oiliúint,Ulster,ˈɛlʲunʲ
staighre,Ulster; Connacht,ˈsˠt̪ˠaiɾʲə
staighre,Munster,ˈsˠt̪ˠɑiɾʲə
fios,Connacht,fʲɪsˠ
fios,Ulster; Munster,fʲɨ̞sˠ
comhrá,Connacht,ˈkoːɾˠɑː
comhrá,Munster,koːˈɾˠɑː
comhrá,Ulster,ˈkõːɾˠɑ̃
oícheanta,Cois-Fharraige,ˈiːn̪ˠt̪ˠiː
oícheanta,Ulster; Connacht,ˈiːçən̪ˠt̪ˠə
oícheanta,Munster,ˈiːhən̪ˠt̪ˠə
codladh,Galway; Munster,ˈkol̪ˠə
codladh,Mayo,ˈkol̪ˠuː
codladh,Ulster,ˈkʌl̪ˠuː
luigh,Cois-Fharraige,l̪ˠɔ
luigh,Mayo; Ulster,l̪ˠiː
luigh,Munster,l̪ˠɪɟ
fiche,Ulster; Aran; Munster,ˈfʲɪhə
fiche,Cois-Fharraige,fʲiː
fiche,Mayo,ˈfʲɪçə
saibhir,Ulster,"ˈsˠəivʲəɾʲ, ˈsˠɛvʲəɾʲ, ˈsˠeivʲəɾʲ"
deacair,Cois-Fharraige,ˈdʲækəɾʲ
deacair,Kerry,ˈdʲakəɾʲ
deacair,Aran; Kerry,ˈdʲɞkəɾʲ
sláinte,Cois-Fharraige,"ˈsˠl̪ˠan̠ʲtʲə, ˈsˠl̪ˠəin̠ʲtʲə"
sláinte,Munster,ˈsˠl̪ˠɑːnʲtʲə
sláinte,Ulster,ˈsˠl̪ˠaːn̠ʲtʲə
ceart,,"caɾˠt̪ˠ, cæːɾˠt̪ˠ"
ceart,Cois-Fharraige,cæɾˠt̪ˠ
lae,,l̪ˠeː
laoch,Ulster; Connacht,l̪ˠiːx
laoch,Munster,l̪ˠeːx
laoch,Ulster,l̪ˠɯːx
aer,Ulster; Munster; Connacht,eːɾˠ
aer,Ulster,ɛːɾˠ
ceo,Munster; Connacht,coː
ceo,Ulster,cɔː
ceol,,
ceol,Connacht,coːlˠ
ceol,Munster; Connacht,coːl̪ˠ
ceol,Ulster,"cɔːlˠ, cɔːl̪ˠ"
coir,,kɛɾʲ
coir,Ulster,kɪɾʲ
coill,Connacht,"kail̠ʲ, kɞl̠ʲ"
coill,Galway; Connacht,koil̠ʲ
coill,Mayo; Connacht,kel̠ʲ
coill,Kerry; Munster; Cork,kiːlʲ
coill,Waterford; Munster,kəilʲ
coill,Ulster,kɪl̠ʲ
faoi,,fˠiː
gaoth,Ulster; Connacht,"ɡiː, ɡɯː"
gaoth,Munster,ɡeːh
dearmad,Ulster; Mayo; Aran,ˈdʲaɾˠəmˠəd̪ˠ
dearmad,Cois-Fharraige,"ˈdʲæɾˠəmˠəd̪ˠ, ˈdʲæːɾˠəmˠəd̪ˠ"
dearmad,Kerry,dʲaˈɾˠuːd̪ˠ
seomraí,,"ˈʃoːmˠɾˠiː, ˈʃuːmˠɾˠiː"
doras,Aran; also,ˈd̪ˠɞɾˠəsˠ
doras,Ulster; Connacht,ˈd̪ˠɔɾˠəsˠ
doras,Munster,ˈd̪ˠʌɾˠəsˠ
amhrán,Connacht,"ˈoːɾˠɑːnˠ, ˈoːɾˠɑːn̪ˠ"
amhrán,Aran; also; Connacht,ˈɑːɾˠɑːnˠ
amhrán,Munster,"ouˈɾˠɑːn̪ˠ, uːˈɾˠɑːn̪ˠ, ũːˈɾˠɑ̃ːn̪ˠ, ɑ̃ũˈɾˠɑ̃ːn̪ˠ"
amhrán,Ulster,"ˈuəɾˠanˠ, ˈɔːɾˠanˠ, ˈɔːɾˠan̪ˠ"
dearcadh,Galway,ˈdʲaɾˠkəvˠ
dearcadh,Galway; Ulster; Mayo,ˈdʲaɾˠkətʲ
dearcadh,Galway; Munster,ˈdʲaɾˠkə
dearcadh,Mayo; Ulster,ˈdʲaɾˠkuː
dearcadh,Munster,ˈdʲaɾˠkəɡ
dearcadh,Galway; Munster,ˈdʲaɾˠkəx
dearfa,,ˈdʲaɾˠəfˠə
dearfa,Aran,"ˈdʲarˠfˠə, ˈdʲɛɾˠfˠə"
seanbhean,Ulster; Connacht,ˈʃanˠvʲanˠ
seanbhean,Cois-Fharraige; Ulster; Connacht,ˈʃæːn̪ˠˌvʲæːn̪ˠ
seanbhean,Munster,ˈʃan̪ˠəˌvʲan̪ˠ
bhean,Galway,vʲænˠ
bhean,Galway; Cois-Fharraige,vʲæːn̪ˠ
bhean,Mayo; Ulster,vʲanˠ
bhean,Munster,vʲan̪ˠ
fíoruisce,Ulster,ˈfʲiːɾʲˌɪʃcɪ
beart,,bʲaɾˠt̪ˠ
bean,Aran,bʲæn
bean,Cois-Fharraige,bʲæːn̪ˠ
bean,Mayo; Ulster,bʲanˠ
bean,Mayo; Ulster; Munster,bʲan̪ˠ
geal,,"ɟalˠ, ɟal̪ˠ"
eagla,Aran,ˈaːɡlə
eagla,Mayo,ˈaɡlˠuː
eagla,Munster,ˈaɡəl̪ˠə
eagla,Ulster,"ˈɨ̞ɡlˠə, ˈɨ̞ɡl̪ˠə"
muid,,mˠɪdʲ
duit,,d̪ˠɪtʲ
duit,Munster,d̪ˠɞtʲ
fuil,Munster; Connacht,fˠɪlʲ
fuil,Ulster,fˠɨ̞lʲ
goil,,"ɡɔlʲ, ɡɛlʲ"
goil,Aran,ɡɞl
cuir,,kɪɾʲ
druid,,d̪ˠɾˠɪdʲ
druid,Aran,"d̪ˠɾˠɛdʲ, ˈd̪ˠɞɾˠədʲ"
luibh,Munster; Connacht,l̪ˠɪvʲ
luibh,Ulster,"l̪ˠɨ̞fʲ, l̪ˠɨ̞vʲ"
ceist,,cɛʃtʲ
ocht,Connacht,ɔxt̪ˠ
ocht,Munster,ɞxt̪ˠ
ocht,Ulster,ʌxt̪ˠ
páiste,Munster; Connacht,ˈpˠɑːʃtʲə
páiste,Ulster,ˈpˠaːʃtʲə
sparán,Connacht,ˈsˠpˠaɾˠɑːnˠ
sparán,Munster,sˠpˠəˈɾˠɑːnˠ
sparán,Ulster,"ˈsˠpˠaɾˠanˠ, ˈsˠpˠɔɾˠanˠ"
scéal,Ulster; Connacht,"ʃceːlˠ, ʃceːl̪ˠ"
scéal,Munster,"sˠcial̪ˠ, ʃciːa̯l̪ˠ"
scéal,Ulster,"ʃciəlˠ, ʃciəl̪ˠ"
bláth,Connacht,"bˠlˠɑː, bˠl̪ˠɑː"
bláth,Munster,bˠl̪ˠɑːh
bláth,Ulster,"bˠlˠaː, bˠl̪ˠaː"
cnoc,Connacht,"knok, knuk, knɞk, kɾˠok, kɾˠuk, kɾˠɞk"
cnoc,Munster,kn̪ˠɞk
cnoc,Kerry; Munster; Cork,kn̪ˠuk
cnoc,Waterford; Munster,kəˈn̪ˠuk
cnoc,Ulster,kɾˠʌk
gnó,Connacht,"ɡnˠoː, ɡnˠuː, ɡɾˠoː, ɡɾˠuː"
gnó,Munster,ɡn̪ˠoː
gnó,Ulster,ˈɡɾˠẽːhə
dlí,Aran,"dʲliː, d̪ˠəˈliə"
dlí,Cois-Fharraige; Ulster; Munster,dʲlʲiː
dlí,Mayo; Ulster,ˈdʲlʲiːw
mná,Aran; Munster,"mˠn̪ˠɑː, mˠn̪ˠɑ̃ː"
mná,Mayo; Connemara,mˠɾˠɑː
mná,Ulster,mˠɾˠaː
trá,Cois-Fharraige,t̪ˠɾˠɑːw
trá,Cois-Fharraige; Munster; Connacht,t̪ˠɾˠɑː
trá,Cois-Fharraige; genitive,tˠrˠɑːw
trá,Munster,t̪ˠɾˠɑːɟ
trá,Ulster,"t̪ˠɾˠaː, t̪ˠɾˠaːj, t̪ˠɾˠaːw"
uisce,,"ˈiʃcə, ˈiʃcɪ"
obair,Munster; Connacht,ˈɔbˠəɾʲ
obair,Ulster,"ˈʊbˠəɾʲ, ˈʌbˠəɾʲ"
imir,,ˈɪmʲəɾʲ
eolas,Connacht,ˈoːlˠəsˠ
eolas,Munster; Connacht,ˈoːl̪ˠəsˠ
eolas,Ulster,"ˈɔːlˠəsˠ, ˈɔːl̪ˠəsˠ"
athair,,"ˈahæɾʲ, ˈahəɾˠ, ˈæhæɾʲ, ˈɛhəɾˠ"
athair,Aran,ˈæhəɾʲ
athair,Cois-Fharraige,"æɾʲ, æːɾʲ"
athair,Munster,ˈɑhəɾʲ
athair,Mayo; Munster,ˈahəɾʲ
máthair,Connacht,ˈmˠãːhəɾʲ
máthair,Cois-Fharraige; Connacht,ˈmˠɑːɾʲ
máthair,Munster,ˈmˠɑ̃ːhəɾʲ
máthair,Munster; Connacht,ˈmˠɑːhəɾʲ
máthair,Ulster,"ˈmˠahæɾʲ, ˈmˠɑhəɾʲ, ˈmˠɑ̃həɾʲ, ˈmˠɛhəɾʲ, ˈmˠʌhəɾʲ ~ ˈmˠihəɾʲ"
deirfiúr,,"ˈdʲɛɾʲəfʲəɾˠ, ˈdʲɛɾʲəhuːɾˠ"
deirfiúr,Aran,ˈdʲɾʲauhəɾˠ
deirfiúr,West; South; Mayo; Aran; Connemara,ˈdʲɾʲɛhuːɾˠ
deirfiúr,Cois-Fharraige,ˈdʲɾʲauɾˠ
deirfiúr,Cork,dʲɾʲəˈfʲuːɾˠ
deirfiúr,Kerry,dʲɾʲəˈfˠuːɾˠ
deirfiúr,Waterford,dʲɛɾʲəˈfˠuːɾˠ
imirt,Munster; Connacht,ˈɪmʲəɾˠtʲ
imirt,Ulster,ˈɨ̞mʲəɾˠtʲ
oibre,,ˈɛbʲɾʲə
oibre,Cois-Fharraige,ˈaibʲɾʲə
oibre,Munster,ˈɛbʲəɾʲə
ceacht,,caxt̪ˠ
ceacht,Cois-Fharraige,cæxt̪ˠ
arm,Aran; Munster,ˈɑɾˠəmˠ
arm,Mayo; Ulster; Connemara,ˈaɾˠəmˠ
borb,Kerry,ˈbˠʌɾˠəbˠ
borb,Ulster,"ˈbˠaɾˠəbˠ, ˈbˠɔɾˠəbˠ"
bolg,,"ˈbˠɔlˠəɡ, ˈbˠɔl̪ˠəɡ"
bolg,Aran,ˈbˠɔlək
garbh,Aran; Munster,ˈɡɑɾˠəvˠ
garbh,Connemara,ˈɡaɾˠəvˠ
garbh,Mayo; Ulster,ˈɡaɾˠuː
gorm,Connacht,ˈɡɞɾˠəmˠ
gorm,Ulster; Connacht,ˈɡɔɾˠəmˠ
gorm,Kerry,ˈɡʌɾˠəmˠ
gairm,,
gairm,Connacht,ˈɡeɾʲəmʲ
gairm,Munster,ˈɡaɾʲəmʲ
gairm,Ulster,ˈɡɪɾʲəmʲ
balbh,Aran,ˈbˠɑləvˠ
balbh,Connemara,"ˈbˠalˠəvˠ, ˈbˠal̪ˠəvˠ"
balbh,Mayo,"ˈbˠalˠuː, ˈbˠal̪ˠuː"
balbh,Munster,ˈbˠɑl̪ˠəvˠ
balbh,Ulster,"ˈbˠɔlˠuː, ˈbˠɔl̪ˠuː"
seilbh,,ˈʃɛlʲəvʲ
seilbh,Ulster; also,ˈʃɨ̞lʲəvʲ
dearg,,ˈdʲaɾˠəɡ
dearg,Aran,ˈdʲaɾˠək
dearg,Cois-Fharraige,"ˈdʲæɾˠəɡ, ˈdʲæːɾˠəɡ"
fearg,Aran,"ˈfʲaɾˠəɡ, ˈfʲæɾˠəɡ"
fearg,Cois-Fharraige,ˈfʲæːɾˠəɡ
colm,Connacht,ˈkolˠəmˠ
colm,Cois-Fharraige; Connacht,ˈkol̪ˠəmˠ
colm,Ulster; Munster,ˈkɔl̪ˠəmˠ
colm,Ulster,"ˈkɔlˠəmˠ, ˈkʌlˠəmˠ"
ainm,Galway,"ˈænʲəmʲ, ˈæːnʲəmʲ"
ainm,Mayo; Munster,ˈanʲəmʲ
ainm,Ulster,ˈɛnʲəmʲ
scrúdaigh,Galway,ˈsˠkɾˠuːd̪ˠə
scrúdaigh,Mayo,ˈsˠkɾˠuːd̪ˠiː
scrúdaigh,Munster,ˈsˠkɾˠuːd̪ˠɪɟ
scrúdaigh,Ulster,ˈsˠkɾˠuːd̪ˠi
cónaigh,Connacht,"ˈkoːnˠiː, ˈkoːnˠə"
cónaigh,Munster,ˈkoːn̪ˠɪɟ
cónaigh,Ulster,ˈkɔːnˠi
beannaigh,Galway,ˈbʲæn̪ˠə
beannaigh,Mayo,ˈbʲan̪ˠiː
beannaigh,Munster,bʲaˈn̪ˠɪɟ
beannaigh,Ulster,ˈbʲan̪ˠi
teann,Galway,tʲɑːn̪ˠ
teann,Mayo; Ulster,tʲan̪ˠ
teann,Munster,tʲaun̪ˠ
trom,Galway,t̪ˠɾˠuːmˠ
trom,Mayo,t̪ˠɾˠʊmˠ
trom,Munster,"t̪ˠɾˠoumˠ, t̪ˠɾˠɑumˠ"
trom,Ulster,t̪ˠɾˠʌmˠ
am,,əmˠ
am,Galway,ɑːmˠ
am,Galway; Ulster; Mayo,amˠ
am,Munster,aumˠ
cam,Waterford; Cork,kaumˠ
cam,Galway,kɑːmˠ
cam,Kerry,koumˠ
cam,Mayo; Ulster,kamˠ
gall,Aran,ɡɑ(ː)l̪ˠ
gall,Cois-Fharraige,ɡɑːl̪ˠ
gall,Ulster,ɡal̪ˠ
dún,,d̪ˠuːnˠ
dubh,Aran,"d̪ˠɞ, d̪ˠʊ"
dubh,Connemara,d̪ˠʊ(vˠ)
dubh,Mayo,d̪ˠʊw
dubh,Mayo; Ulster; rare,d̪ˠʊfˠ
dubh,Munster,d̪ˠʊvˠ
dubh,Ulster,"d̪ˠʊh, d̪ˠʊʍ"
móin,Kerry,mˠoːnʲ
móin,Cois-Fharraige; Kerry,mˠuːnʲ
dubh,Aran,"d̪ˠɞ, d̪ˠʊ"
dubh,Connemara,d̪ˠʊ(vˠ)
dubh,Mayo,d̪ˠʊw
dubh,Mayo; Ulster; rare,d̪ˠʊfˠ
dubh,Munster,d̪ˠʊvˠ
dubh,Ulster,"d̪ˠʊh, d̪ˠʊʍ"
samhradh,Galway; Munster,"ˈsˠauɾˠə, ˈsˠãuɾˠə"
samhradh,Mayo,ˈsˠauɾˠuː
samhradh,Ulster,ˈsˠãuɾˠu
cnámh,Galway,knaːvʲ
cnámh,Galway; Aran,knɑːvʲ
cnámh,Galway; Cois-Fharraige,kɾɑːvʲ
cnámh,Mayo; Ulster,kɾˠãːvʲ
cnámh,plural-only; plural; genitive; Ulster; Mayo,kɾˠãːw
cnámh,Munster,kn̪ˠɑ̃ːvˠ
nimhe,Connacht,ˈn̠ʲivʲə
nimhe,Munster,nʲĩː
nimhe,Ulster,ˈn̠ʲɨ̃vʲə
aghaidh,Ulster; Aran,ˈaiə
aghaidh,Aran; Connacht,ai
aghaidh,Munster,ɑiɟ
aghaidh,Ulster,"əi̯, ɤi̯"
leabhar,Connacht,l̠ʲəuɾˠ
leabhar,Munster,lʲɑuɾˠ
leabhar,Ulster,l̠ʲoːɾˠ
bóthar,,ˈbˠoːhəɾˠ
bóthar,Cois-Fharraige,ˈbˠoːɾˠ
bóthar,Ulster,ˈbˠɔhəɾˠ
cat,Aran,kɔt̪ˠ
cat,Cois-Fharraige,kʊt̪ˠ
cat,Mayo; Ulster,kat̪ˠ
cat,Aran; Munster,kɑt̪ˠ
fios,Connacht,fʲɪsˠ
fios,Ulster; Munster,fʲɨ̞sˠ
coill,Connacht,"kail̠ʲ, kɞl̠ʲ"
coill,Galway; Connacht,koil̠ʲ
coill,Mayo; Connacht,kel̠ʲ
coill,Kerry; Munster; Cork,kiːlʲ
coill,Waterford; Munster,kəilʲ
coill,Ulster,kɪl̠ʲ
gort,Munster,ɡʌɾˠt̪ˠ
gort,Ulster,ɡɔɾˠt̪ˠ
caol,Ulster; Connacht,"kiːlˠ, kiːl̪ˠ"
caol,Munster,"keːl̪ˠ, këːə̯l̪ˠ"
caol,Ulster,kɯːlˠ
gaoth,Ulster; Connacht,"ɡiː, ɡɯː"
gaoth,Munster,ɡeːh
aoibhinn,Ulster; Connacht,ˈiːvʲən̠ʲ
aoibhinn,Waterford; Cork,ˈiːvʲɪɲ
aoibhinn,Kerry,ˈiːvʲənʲ
móin,Kerry,mˠoːnʲ
móin,Cois-Fharraige; Kerry,mˠuːnʲ
bord,,bˠoːɾˠd̪ˠ
bord,Aran,bˠɑuɾˠd̪ˠ
bord,Connemara,bˠəuɾˠd̪ˠ
poll,Kerry,pˠɔul̪ˠ
poll,Galway; Kerry,pˠɑul̪ˠ
poll,Ulster,pˠʌl̪ˠ
fonn,Galway; Cork,fˠuːn̪ˠ
fonn,Kerry,fˠɑun̪ˠ
fonn,Ulster,fˠʌn̪ˠ
drochbhean,Munster,ˈd̪ˠɾˠʌˌvʲan̪ˠ
ceann,Galway,cɑːn̪ˠ
ceann,Mayo,can̪ˠ
ceann,Munster,cɑun̪ˠ
ceann,Ulster,cɨ̞n̪ˠ
beannaigh,Galway,ˈbʲæn̪ˠə
beannaigh,Mayo,ˈbʲan̪ˠiː
beannaigh,Munster,bʲaˈn̪ˠɪɟ
beannaigh,Ulster,ˈbʲan̪ˠi
