tags,ipa,word
Connacht ,/ˈfˠat̪ˠə/,fata
Connacht ; Munster ,/ˈɟeːɾʲə/,géire
Connacht ,/ˈkanˠuː/,canadh
Connacht ,/ˈsˠəil̠ʲʃə/,soilse
Connacht ,/ˈbɔlˠkɑːnʲ/,bolcáin
Connacht ; Connacht ; Ulster ,/ˈdʲaɾˠəmˠədʲ/,dearmaid
Connacht ,/ˈkoːnˠɾˠə/,cónra
Connacht ; Connacht ,/ˈt̪ˠalˠuː/,talamh
Connacht ,/ˈtʲal̪ˠəx/,teallach
Connacht ,/ˈsˠkiːlʲəx/,scaoileadh
Connacht ,/ˈd̪ˠɑːɡuː/,d'fhágadh
Connacht ,/kəuɾˠ/,corr
Connacht ; Munster ,/ˈɾˠiːɡəx/,ríogach
Connacht ,/ˈsˠkɾˠɑːbɑːnˠ/,scrábán
Connacht ; Ulster ,/sˠpˠl̪ˠaŋk/,splanc
Connacht ,/ˈeːlˠə/,éalaigh
Connacht ; Connacht ,/əˈɲɑːl̪ˠ eɾʲ/,i ngeall ar
Connacht ,/ˈd̪ˠɾˠaiən̪ˠ/,draighean
Connacht ,/ˈfʲɾʲasˠt̪ˠəlˠiːx/,freastalaíodh
Connacht ,/ˈd̪ˠɑːkətʲ/,d'fhágfadh
Connacht ; Ulster ,/ˈfˠɑːlʲtʲə/,fáilte
Connacht ; Munster ,/ˈbʲɾʲɪʃə/,briseadh
Connacht ,/bˠun/,bun
Connacht ,,baineadh
Connacht ,/sˠiːlˠ/,saol
Connacht ,/ˈmˠɔnˠəɾˠkiː/,monarcaí
Connacht ,/ˈt̪ˠɾˠeːnˠɑːlˠiː/,traenálaí
Connacht ,/ˈmˠɔɾˠəɡuː/,morgadh
Connacht ; Munster ,/ˈɑːɾʲəvˠ/,áireamh
Connacht ,/ˈt̪ˠanˠiːxə/,tanaíocha
Connacht ; Ulster ,[n̪ˠiːw],Naomh
Connacht ,/iː/,ith
Connacht ,/bˠəuɾˠd̪ˠ/,bord
Connacht ,/ˈmˠʊnˠəɾˠkiː/,monarcaí
Connacht ,/ˈfʲeːnʲiːnʲ/,féinín
Connacht ; Ulster ,/ʃeːd̪ˠ/,séad
Connacht ; Munster ,/ˈfˠaut̪ˠəx/,fabhtach
Connacht ,/d̪ˠoː/,dóigh
Connacht ,/ˈʃoːɾˠd̪ˠɑːnˠ/,seordán
Connacht ; Ulster ,/ˈmʲinʲic/,minic
Connacht ,/ˈfˠɔklˠoːɾʲ/,foclóir
Connacht ,/ˈpˠakɑːlʲ/,pacáil
Connacht ; Ulster ,/bˠiːx/,buíoch
Connacht ; Ulster ,/ˌkɔlˠəmˈcɪl̠ʲə/,Colm Cille
Connacht ; Ulster ,/ˈʃcɪl̠ʲən̠ʲ/,scilling
Connacht ,/ˈl̪ˠan̪ˠəx/,lannach
Connacht ; Connacht ,/ˈaɾʲiːmʲ/,airím
Connacht ; Munster ,/ˈɟuːd̪ˠəx/,Giúdach
Connacht ,/ˈcɪɲciːʃ/,Cincís
Connacht ,/ˌçɪl̠ʲ ˈwan̪ˠt̪ˠɑːnʲ/,Chill Mhantáin
Connacht ,/ˈpʲɪlʲeːɾʲ/,piléir
Connacht ,/ˈkoːɾˠn̪ˠətʲ/,cornadh
Connacht ,/ʃɾʲiən̪ˠ/,srian
Connacht ,/ˈdʲiːnfˠəɾˠ/,déanfar
Connacht ; Connacht ,/knɑːvʲ/,cnámh
Connacht ,/eːn̪ˠ/,éan
Connacht ; Ulster ,/l̪ˠasˠˈt̪ˠuə(j)/,lastuaidh
Connacht ,/t̪ˠɾˠɑː ˈl̠ʲiː/,Trá Lí
Connacht ,/ˈsˠaud̪ˠɑːnˠ/,sabhdán
Connacht ; Munster ,/ˈtʲitʲəmʲ/,titim
Connacht ; Ulster ,/ˈcaŋ(ɡ)əlˠ/,ceangal
Connacht ; Ulster ,/ˈɡuəlˠən̠ʲ/,gualainn
Connacht ,/t̪ˠɾˠiːɑːlʲ/,triail
Connacht ,/ˈl̪ˠasˠə/,lasadh
Connacht ,/ˈkəidʲɑːnˠ/,caighdeán
Connacht ,/ˈbˠɞsˠkijə/,boscaí
Connacht ,/ˈʃcuːl̪ˠɑːn̪ˠ/,sciúlán
Connacht ; Munster ,/əɾʲˈfˠɑd̪ˠ/,ar fad
Connacht ; Ulster ,/ˈkuːɾʲiəl̪ˠt̪ˠə/,cúirialta
Connacht ; Munster ,/ˈpˠɑkə/,paca
Connacht ; Connacht ; Ulster ,/fˠan̪ˠ/,fann
Connacht ,/ˈiəɾˠɡuːlʲ/,iargúil
Connacht ,/ɡliː/,glao
Connacht ,/ˈal̪ˠt̪ˠətʲ/,altadh
Connacht ,/ˈasˠən̠ʲ/,asainn
Connacht ,[ˈmˠaːdʲə],maide
Connacht ; Munster ,/ˈɟeːɡəx/,géagach
Connacht ,/ˈiːhə/,oíche
Connacht ; Munster ,/ˈsˠɑɡəɾˠtʲ/,sagairt
Connacht ; Munster ,/ˈɡɑːɾʲə/,gáire
Connacht ,/ˈknɔkɑːn/,cnocán
Connacht ,/ˈkɔɾˠəx/,curach
Connacht ,/ˈbˠakiː/,bacaí
Connacht ,/ˈbˠænʲəvˠ/,baineadh
Connacht ,/ˈmˠɪnʲəxɑːn̪ˠ/,Muineachán
Connacht ,,daingean
Connacht ; Ulster ,[ˈiːsˠə],aosa
Connacht ; Connacht ; Ulster ,/ɾˠaŋ/,rang
Connacht ; Munster ,/ˈcɪn̠ʲə/,cinneadh
Connacht ,/n̠ʲɪvʲ/,nimh
Connacht ,/ɟəˈɾˠɑːn̪ˠ/,gearrán
Connacht ,/kl̪ˠuː/,clúmh
Connacht ; Munster ,/ˈiːnʲʃə/,inse
Connacht ,/ɡoːtʲ/,gabhadh
Connacht ,/ˈt̪ˠəu.ə/,toghadh
Connacht ; Connacht ; Ulster ,/ˈkasən̪ˠ/,casann
Connacht ,/ɟlʲɑːn̪ˠ/,gleann
Connacht ,[ˈɔɾˠɑːʃtʲə],oráiste
Connacht ; Munster ,/ˈfˠɔkəlʲ/,focail
Connacht ,/ˈkɾˠiːwəx/,craobhach
Connacht ; Ulster ,/bʲiːw/,bíodh
Connacht ,/ˈd̪ˠuːɾˠuː/,dúradh
Connacht ,/ˈbʲɾʲahnˠəx/,Breatnach
Connacht ,/ˈbʲalˠə/,bealaigh
Connacht ; Munster ,/ˈdʲɾʲoːtʲə/,dreoite
Connacht ; Munster ,/ʃoːdʲ/,seoid
Connacht ; Ulster ,/ɡlˠasˠ/,glas
Connacht ,/uːl̪ˠ/,umhal
Connacht ; Munster ,/ˈl̠ʲeːksˠəx/,léacsach
Connacht ,/əvˠ/,-adh
Connacht ,/l̠ʲəuɾʲ/,leabhair
Connacht ,/ax/,ach
Connacht ,/ˈuəl̪ˠəx/,ualach
Connacht ,/ˈmˠɑːhəɾʲ/,máthair
Connacht ,/ˈd̪ˠʊl̪ˠwə/,d'ullmhaigh
Connacht ,/ˈmˠaɾˠkɑːlʲ/,marcáil
Connacht ,/bˠɾˠoːn/,bronn
Connacht ,/ˈcɛl̠ʲtʲəx/,Ceilteach
Connacht ,/klˠuː/,clúmh
Connacht ,/ˈtʲɾʲɪbˠlˠoːdʲ/,trioblóid
Connacht ,/ˈl̠ʲiːnˠəvˠ/,líonadh
Connacht ,/ˈbʲɾʲabˠətʲ/,breabadh
Connacht ,/ˈahəɾʲ/,athair
Connacht ,/ˈa(ɡə)mˠ/,agam
Connacht ,/ˈfˠɑːn̠ʲə/,fáinne
Connacht ,/ˈdʲiːlʲʃə/,dílse
Connacht ; Ulster ,/xɾˠɪn̠ʲ/,chrainn
Connacht ; Connacht ,/kon̪ˠəˈmaɾˠə/,Conamara
Connacht ; Connacht ,[ˈkaːlʲiːnʲiː],cailíní
Connacht ,/ˈkɔhə/,cothaigh
Connacht ; Munster ,/kɑːɾˠt̪ˠ/,cárt
Connacht ,/ˈɡɾˠoiɟanˠ/,gróigeán
Connacht ; Ulster ,/sˠt̪ˠalʲc/,stailc
Connacht ,/ˈmuː.iːn̪ˠ/,mothaíonn
Connacht ,/ˈdʲiːbʲɾʲiːw/,díbríodh
Connacht ,/ˈeːvˠlˠoːdʲəx/,éabhlóideach
Connacht ; Ulster ,/ˈtʲil̠ʲuː/,tuilleadh
Connacht ,/ˈbˠɑːkɑːlʲ/,bácáil
Connacht ,/ˈɑːɾˠəsˠɑːnˠ/,árasán
Connacht ,/ˈaibʲɾʲə/,oibre
Connacht ,/ˈkoːɾʲə/,cóirigh
Connacht ,/ˈbˠɔhoːɡ/,bothóg
Connacht ,/ˈl̠ʲeʃceːlˠ/,leithscéal
Connacht ; Munster ,/ɣoː/,dhó
Connacht ,/(ɣ)iːbˠ/,dhíobh
Connacht ; Munster ,/sˠɑːɾˠ/,sár
Connacht ,/ˈbʲeːɾˠl̪ˠə/,béarla
Connacht ,/ˈeːd̪ˠiː/,éadaigh
Connacht ,/ˈɡɾˠɑːn̠ʲə/,Gráinne
Connacht ,/ˈɔɾˠdʲə/,airde
Connacht ,/ˈfˠad̪ˠuː/,fadú
Connacht ; Ulster ,/klˠɔx/,cloch
Connacht ,/ˈmʲiːˌuːn̪ˠwəɾˠ/,mífhonnmhar
Connacht ,/ˈd̪ˠoːlˠhətʲ/,d'ólfadh
Connacht ,/ˈɟɑːɾˠˌamˠ/,gearr-am
Connacht ,/bʲɑːn̪ˠ/,beann
Connacht ,/dʲliː/,dlí
Connacht ,/æsˠ/,as
Connacht ,/ˈd̪ˠoːxəsˠ/,dóchas
Connacht ,/ˈt̪ˠɾˠʊmˠɑːn̪ˠ/,tromán
Connacht ; Munster ,/bˠɑːɾˠ/,barr-
Connacht ,/ˈæːɾʲə/,airigh
Connacht ; Ulster ,/bʲɾʲeːɡ/,bréag
Connacht ,[ˈɑːɡlˠəʃə],eaglaise
Connacht ,[ˈsˠiːlʲɑːl̪ˠəxiː],suíleálacha
Connacht ,/mˠuː/,mothaigh
Connacht ; Ulster ,[ˈkiːɡəd̪ˠ],caogad
Connacht ; Munster ,/ˈkɑːrdʲəx/,cairdeach
Connacht ,/sˠmʲeːɾˠ/,sméar
Connacht ; Munster ,/ɡəˈbˠɾˠɑːx/,go brách
Connacht ,/ˈkalʲiːnʲiː/,cailíní
Connacht ; Ulster ,/ˈtʲil̠ʲətʲ/,tuilleadh
Connacht ; Ulster ,/ˈɟal̪ˠt̪ˠə/,geallta
Connacht ,/ˈfˠlˠæhuːlˠəxt̪ˠ/,flaithiúlacht
Connacht ,/ˈkɔl̪ˠəmˠɑːn̪ˠ/,Colmán
Connacht ; Munster ,/ˈmʲaɾˠə/,mearadh
Connacht ; Munster ,/oː/,ó
Connacht ,/ˈeːd̪ˠə/,éadaí
Connacht ; Munster ,/fˠoːl̠ʲ/,fóill
Connacht ,[ˈpˠlˠɑːt̪ˠiː],plátaí
Connacht ,/ˈʃiːl̪ˠɾˠiː/,síolraigh
Connacht ,/ɡl̪ˠasˠ/,glas
Connacht ; Munster ,/ˈmˠiːn̠ʲtʲəɾʲ/,muintir
Connacht ,/ˈəiɾʲiː/,éirí
Connacht ,/ˈtʲukə/,tiocfaidh
Connacht ,/ˈl̠ʲavˠ/,leamh
Connacht ; Ulster ,/ˈɡasˠɾˠə/,gasra
Connacht ; Ulster ,/ˈtʲɪn̠ʲəsˠ/,tinneas
Connacht ,/ˈɑːwəl/,ádhúil
Connacht ,/ˈt̪ˠəuxɑːn̪ˠ/,toghchán
Connacht ,/ˈæɟnʲə/,aigne
Connacht ,/ˈsˠkaɾˠuː/,scaradh
Connacht ; Munster ,/ˈmˠɑːsˠəx/,másach
Connacht ,/ˈʃɪmʲpʲlʲiː/,simplí
Connacht ; Munster ,/ˈɔsˠkəɾˠ/,oscar
Connacht ,/t̪ˠnˠɑː/,tnáith
Connacht ; Munster ,/ˈɟul̪ˠə/,giolla
Connacht ,/vʲɛtʲ/,bheadh
Connacht ,/ˈɡɾˠoːɟ/,gróig
Connacht ,/ˈænʲə/,aithnigh
Connacht ,/ˈsˠt̪ˠaɡuːnˠ/,stagún
Connacht ,/ˈbˠɑːɾˠn̠ʲəx/,bairneach
Connacht ,[ˈabˠəɾʲtʲiː],abairtí
Connacht ,/ˈmˠɑːlʲiːnʲ/,máilín
Connacht ,[ˈfˠaːɾˠɪɟə],farraige
Connacht ,/ˈt̪ˠʊmˠəxiː/,tomacha
Connacht ,/ˈdʲaɾˠkətʲ/,dearcadh
Connacht ; Ulster ,/sˠpˠlˠaŋk/,splanc
Connacht ; Connacht ,/əˈmʲiçə/,imithe
Connacht ,/d̪ˠoː/,dóigh
Connacht ,/tʲeːw/,téamh
Connacht ,/ci/,cith
Connacht ,/ˈaɡoːdʲ/,agóid
Connacht ; Munster ,/ˈɑːtʲəvˠ/,áiteamh
Connacht ; Connacht ; Ulster ,/ˈasˠəl̪ˠ/,asal
Connacht ; Munster ,/ˈkiːnʲə/,caoineadh
Connacht ; Munster ,/sˠɑːlʲ/,sáil
Connacht ; Munster ,/ˈpˠoːɾˠʃə/,póirse
Connacht ,/cɾʲiəx/,críoch
Connacht ,/t̪ˠaʃ/,tais
Connacht ,/ɡɾˠaː/,gnaithe
Connacht ,/ˈbʊn̪ˠuːsˠəx/,bunúsach
Connacht ,/ˈd̪ˠuːɾˠəvˠ/,dúradh
Connacht ; Munster ,/ˈbʲahɑʃnʲeːʃiː/,beathaisnéisí
Connacht ,/ˈd̪ˠasˠt̪ˠə/,d'astaigh
Connacht ; Connacht ,/cinˠ/,cion
Connacht ; Ulster ,/ˌiːnʲə ˈçeːsˠt̪ˠə/,Aoine an Chéasta
Connacht ,/ˈceːlʲiːəx/,céilíoch
Connacht ,/fʲiːd̪ˠ/,fichead
Connacht ; Munster ,/cɾʲɛdʲ/,creid
Connacht ; Connacht ,[ˈaɡlˠəʃiː],eaglaisí
Connacht ,,d'aithneodh
Munster ; Connacht ; Munster ,/fʲiːn̠ʲ/,finn
Connacht ,/ˈbʲiːdʲəx/,bídeach
Connacht ; ,/əɾˠəbˠ/,orthu
Connacht ,/ˈbʲalˠiː/,bealaigh
Connacht ,/ˈɡɔl̠ʲuːnˠəx/,goilliúnach
Connacht ,/klˠuːv/,clúmh
Connacht ,/ˈuəɟnʲəx/,uaigneach
Connacht ; Munster ,[ˈɟɯl̪ˠə],giolla
Connacht ,/vʲɛx/,bheadh
Connacht ,/ˈkuːlˠuː/,cúlú
Connacht ,[ˈt̪ˠɑːwəxt̪ˠəx],tábhachtach
Connacht ,/ˈd̪ˠɔɾˠəxə/,dorcha
Connacht ,,moladh
Connacht ,/ˈkl̪ˠaixiː/,claíocha
Connacht ; Ulster ,/n̠ʲeːlˠ/,néal
Connacht ,/ˈɡal̪ˠɑːnˠ/,gallán
Connacht ,/kuəɾˠtʲ/,cuairt
Connacht ,/ˈɟaɾˠə/,gearradh
Connacht ,/ˈd̪ˠɪvʲə/,duibhe
Connacht ,/ˈt̪ˠɑːl̠ʲuːɾʲ/,táilliúir
Connacht ,/ˈæhəɾʲ/,athair
Connacht ; Ulster ,/bˠɾˠɪmʲ/,broim
Connacht ,/bˠænʲ/,bain
Connacht ,/ˈkuːɾʲlʲə/,comhairle
Connacht ,[ˈtʲɾʲæːsˠn̪ˠə],trasna
Connacht ,/ˈfˠɾˠaːŋkəx/,Francach
Connacht ,/ˈimʲlʲəkɑːnˠ/,imleacán
Connacht ,/ˈʃeːdʲətʲ/,séideadh
Connacht ,/ˈɑt̪ˠɾˠəbˠ/,eatarthu
Connacht ,/ˈʃiːnʲuː/,síneadh
Connacht ,/fʲuːn̪ˠ/,fionn
Connacht ,/d̪ˠɾˠuːxt̪ˠ/,drúcht
Connacht ,/ˈkɪn̠ʲɑːlʲ/,coinneáil
Connacht ,/ˈbʲaːɾˠəmʲ/,bearraim
Connacht ,/ˈkun̪ˠt̪ˠuːɾˠtʲ/,contúirt
Connacht ; Munster ,/ˈuːmˠə/,úmadh
Connacht ; Munster ,/ˈtʲitʲəmʲ/,titim
Connacht ; Munster ,/ˈkɑsˠə/,casa
Connacht ,/ˈbʲeːɾˠə/,béarfaidh
Connacht ,/d̪ˠaun̪ˠ/,donn
Connacht ,/ˈd̪ˠoːnʲ/ ~ /ˈd̪ˠuːnʲ/,dóthain
Connacht ,/d̪ˠiːɾˠ/,daor
Connacht ,/ˈæn̠ʲəɾˠ/,ainnir
Connacht ; Connacht ; Ulster ,/ˈdʲaɾˠəmˠəd̪ˠ/,dearmad
Connacht ,/ˈoːl̪ˠəx/,eolach
Connacht ; Munster ,/bˠɾˠoːɡ/,bróg
Connacht ; Ulster ,[fˠɪə],fuath
Connacht ,/ˈmˠɔl̪ˠətʲ/,moladh
Connacht ,/sˠɾˠɑːŋ/,sreang
Connacht ; Munster ,/ˈʃeːdʲə/,séideadh
Connacht ,/ˈsˠalˠə/,salaigh
Connacht ,/ˈ(h)ʊɡəd̪ˠ/,chugat
Connacht ; Munster ,/ˈfˠɪɾʲəxəsˠ/,fuireachas
Connacht ; Ulster ; ,/ˈmʲɛhəlˠ/,meitheal
Connacht ,/ɑːw/,Ádhamh
Connacht ,/t̪ˠɾˠʊmˠ/,trom
Connacht ,/ˈpˠʊŋkɑːnˠ/,Poncán
Connacht ,/ˈaɡən̠ʲ/,againn
Connacht ,/ˈkɾˠɔsˠɑːnˠ/,crosán
Connacht ,/ˌciːl̠ʲ ˈwan̪ˠt̪ˠɑːnʲ/,Cill Mhantáin
Connacht ; Connacht ; Ulster ,/ɾˠaŋ/,rang
Connacht ; Munster ,/fˠɑːɡ/,fág
Connacht ,/ˈklˠifʲə/,cluiche
Connacht ; Ulster ,/ˈkatˠəl̪ˠoːnʲ/,Catalóin
Connacht ,/ˈkɾˠuːbʲiːnʲ/,crúibín
Connacht ,/ˈaɡəmˠ/,agam
Connacht ,/ˈkoɡətʲ/,cogadh
Connacht ; Ulster ,[wɪdʲ],bhoid
Connacht ; Munster ,/ˌbʲlʲɑː ˈclʲiə/,Baile Átha Cliath
Connacht ; Munster ,/sˠn̪ˠɑːvˠ/,snámh
Connacht ; Munster ,/ˈʊmˠpˠəɾˠ/,iompar
Connacht ; Ulster ,/eːɡ/,éag
Connacht ,/ˈbʲlɪtʲə/,blite
Connacht ,/ʃoːlˠ/,seol
Connacht ,/n̪ˠiːvˠ/,naomh
Connacht ,/ˈbˠælə/,baile
Connacht ; Munster ,/ɑːɾˠ/,ár
Connacht ,/bˠɾˠa/,braith
Connacht ; Munster ,/fˠaˈd̪ˠoː/,fadó
Connacht ,/sˠʊ/,suigh
Connacht ,/ˈdʲɛcətʲ/,d'fheiceadh
Connacht ; Munster ,/ɾˠɛvʲ/,raibh
Connacht ,/ən̪ˠˈʃɔ/,anseo
Connacht ; Munster ,/ˈkuːɾˠəmˠəx/,cúramach
Connacht ,/ˈiːnˠuː/,ionadh
Connacht ,[kaːɾʲ],cathair
Connacht ,/ˈɡɑl̪ˠd̪ˠɾˠə/,galar
Connacht ; Munster ,/ɡɔɾˠ/,gor
Connacht ; Munster ,/ˈtʲoːɾʲɪc/,teoiric
Connacht ; Munster ,/ˈpˠɔbˠəlʲ/,pobail
Connacht ,/ˈdʲiːnədʲiːʃ/,déanaidís
Connacht ,/ˈfʲiəxən̠ʲtʲ/,fiachaint
Connacht ,/ˈʃɪlʲuː/,sileadh
Connacht ; Munster ,/sˠpˠoːl̪ˠ/,spól
Connacht ,/kuːɾʲ/,comhair
Connacht ; Connacht ,[fʲæː],feadh
Connacht ,/ˈuəɾʲəd̪ˠoːɾʲ/,uaireadóir
Connacht ,/ˈl̠ʲæɡən̪ˠ/,leagan
Connacht ,/ˈkɑnəmʲ/,canaim
Connacht ,/ˈbʲaiəx/,beithíoch
Connacht ; Ulster ,/t̪ˠəˈbˠakə/,tobac
Connacht ,/ˈbˠɔɡuː/,bogadh
Connacht ,[əˈmʲæːsˠk],i measc
Connacht ,/ˈinʲiːnˠiː/,iníona
Connacht ,/fˠɑːmʲ/,faighim
Connacht ; Ulster ,/ˈʃɪn̠ʲʃəɾˠ/,sinsear
Connacht ; Munster ,/ˈʃɛnʲəmʲ/,seinm
Connacht ,/ˈkɾˠuːnʲ.vʲiːɾʲəsˠ/,coróinvíreas
Connacht ,/ˈkuːlˠiː/,cúlaí
Connacht ,/ˈɛdʲəxəʃ/,oideachais
Connacht ; Munster ,/ˈdʲaɾˠɡəmʲ/,deargaim
Connacht ; Connacht ; Ulster ,/ˈbˠaxəl̪ˠ/,bachall
Connacht ; Munster ,/ˈɡɑːɾˠd̪ˠə/,garda
Connacht ,[ˈcɑːɾˠt̪ˠiː],ceártaí
Connacht ; Munster ,/ˈɟɑːɾˠfˠəɾˠ/,gearrfar
Connacht ,[ˈkʊlˠɑːʃtʲiː],coláistí
Connacht ; Munster ,/bˠɾˠɑː/,brá
Connacht ,/ˈmˠɪnʲəl̠ʲə/,muinchille
Connacht ; Munster ,/ˈd̪ˠɪnʲə/,duine
Connacht ; Ulster ,/ʃnʲiːw/,sníomh
Connacht ,/ˈkɾˠɪn̠ʲiː/,cruinnigh
Connacht ,/ɡɑ(ː)l̪ˠ/,Gall
Connacht ,/l̪ˠəi/,luí
Connacht ; Ulster ,/ˈedʲə/,oide
Connacht ,/ˈfˠuəɾˠɑːnˠ/,fuarán
Connacht ; Connacht ,/ˈɟɑːɾˠhə/,gearrtha
Connacht ,/ˈpˠadʲəɾʲ/,paidir
Connacht ,/ˈal̪ˠt̪ˠətʲ/,altfadh
Connacht ,/oːtʲ/,-ódh
Connacht ,/ˈɛlʲə/,uile
Connacht ,/ˈbaʃ/,baithis
Connacht ,/t̪ˠoːnʲ/,tóin
Connacht ; Connacht ,[mˠaːɾˠ jɑːl̪ˠ(t̪ˠ)eɾʲ],mar gheall ar
Connacht ,/ˈd̪ˠal̪ˠt̪ˠəx/,d'altfadh
Connacht ; Munster ,/ɑːlʲ/,áil
Connacht ; Ulster ,/ˈt̪ˠapˠuː/,tapadh
Connacht ,/ˈtʲɪn̠ʲtʲə/,tinte
Connacht ,/ˈaɡiː/,chugaibh
Connacht ,/ˈt̪ˠaui/,tabhaigh
Connacht ,/ˈɑmˠsˠə/,agamsa
Connacht ,/ˈsˠalˠən̪ˠ/,salann
Connacht ,/ˈkol̪ˠiːmʲ/,codlaím
Connacht ; Ulster ,/ˈɟɾʲan̪ˠwəɾˠ/,greannmhar
Connacht ,/eːnˠ/,éan
Connacht ,/ˈfˠoːlˠəmˠə/,foghlamtha
Connacht ; ,/ˈɪfʲɾʲən̪ˠ/,Aifreann
Connacht ,/ˈbˠɔlək/,bolg
Connacht ,/amˠ/,chugam
Connacht ,/kɑːmˠ/,cam
Connacht ,/ˈinʲhiːnʲ/,inchinn
Connacht ; Munster ,/bˠɔɡ/,bog
Connacht ,/ˈbˠanˠuː/,banbh
Connacht ; Munster ,/bˠɑːd̪ˠ/,bád
Connacht ; Connacht ; Ulster ,/ˈaɡəsˠ/,agus
Connacht ; Munster ,/d̪ˠɔd̪ˠ/,dod
Connacht ; Connacht ; Ulster ,/bˠlˠasˠ/,blas
Connacht ,/ˈdʲɪfʲɾʲiəxt̪ˠ/,difríocht
Connacht ,/ˈiːn̪ˠt̪ˠəsˠ/,iontas
Connacht ,/ˈmˠɪɾʲiːnʲ/,muirín
Connacht ,/ˈbˠal̠ʲtʲəxiː/,bailteacha
Connacht ,/ˈabˠɾˠiəx/,abradh
Connacht ,/kiːx/,caoch
Connacht ,/ˈdʲɛɾˠfˠə/,dearfa
Connacht ,/ˈʃuːmˠɾˠə/,seomra
Connacht ; Munster ,/ˈkol̪ˠə/,codladh
Connacht ; Ulster ,/ˈbˠiːdʲa(x)/,bídeach
Connacht ,/ˈɛɾʲəd̪ˠ/,oiread
Connacht ; Ulster ,/fˠlˠa(h)/,flaith
Connacht ,/ˈbˠlɑsˠt̪ˠə/,blasta
Connacht ,/fˠɑːn̪ˠ/,faigheann
Connacht ,/ˌd̪ˠɾˠeːd̪ˠ ˈn̪ˠuː/,Droichead Nua
Connacht ,/ˈanʲəmʲnʲəxiː/,ainmneacha
Connacht ,/ʃæːn̪ˠ/,sean
Connacht ,,baineadh
Connacht ,/ˈsˠasˠən̪ˠəx/,Sasanach
Connacht ; Ulster ,/ˈiçəmˠ/,ithim
Connacht ,/ˈt̪ˠaxt̪ˠuː/,tachtadh
Connacht ,/ɡo l̠ʲeh/,gabh i leith
Connacht ; ,/lʲəmˠ/,liom
Connacht ,/sˠl̪ˠɑːn̪ˠ ˈkɔl̪ˠət̪ˠ aːd/,slán codlata agat
Connacht ,/ˈt̪ˠoːɟɑːlʲ/,tóigeáil
Connacht ,/ɡɔbˠ/,gob
Connacht ,/pˠɾˠɔˈfʲɛʃun̪ˠt̪ˠə/,proifisiúnta
Connacht ,/ˈiːsˠt̪ˠə/,aosta
Connacht ; Munster ,/ɾˠoːd̪ˠ/,ród
Connacht ,/ˈpˠɪʃiːnʲ/,puisín
Connacht ,/ˈɡl̪ˠuəʃəmʲ/,gluaisim
Connacht ,/ˈkidʲəxt̪ˠə/,cuideachta
Connacht ; Ulster ,[ɛə̯ɡ],éag
Connacht ; Ulster ,/ɡl̪ˠasˠ/,glas
Connacht ,/bˠɾˠuːn̪ˠ/,brón
Connacht ; Munster ,/ˈmˠahəvˠ/,maitheamh
Connacht ,/tʲæxt̪ˠ/,teacht
Connacht ; Munster ,/dʲiːl̪ˠ/,díol
Connacht ; Ulster ,/ˈsˠiːɾˠə/,saora
Connacht ,/clʲæxt̪ˠ/,cleacht
Connacht ,/ˈɞɾˠəpˠsˠən/,orthusan
Connacht ,/ˈkiːnʲuː/,caoineadh
Connacht ,/ˈsˠɪmʲuːlʲ/,suimiúil
Connacht ,/ˈʃiːnʲəx/,síneadh
Connacht ; Ulster ,/bʲɾʲeːɡ/,bréag
Connacht ,/ˈæɾʲiːmʲ/,airím
Connacht ,/ˈeːcoːl̪ˠiː/,éiceolaí
Connacht ,/bˠɾˠʊ/,bruith
Connacht ,/bˠəuɾˠdʲ/,boird
Connacht ,/mˠoː/,mó
Connacht ,/d̪ˠiː/,di
Connacht ; Connacht ,/ˈdʲiːwɑːl̪ˠəx/,díobhálach
Connacht ; Ulster ; ,/ˈkɾˠuəxənˠ/,cruachan
Connacht ,/ˈd̪ˠaŋənˠ/,daingean
Connacht ,/ˈsˠt̪ˠɔpˠuː/,stopadh
Connacht ; Munster ,[ˈiːnʲʃɪ],inse
Connacht ,/ˈɾˠiəwiː/,riabhaí
Connacht ,[ˈcæːɾˠkə],cearca
Connacht ; Munster ,/oːlˠ/,eol
Connacht ,/ˈmˠal̪ˠə/,mallaigh
Connacht ,/ˈdʲeːn̪ˠiː/,déanaí
Connacht ,/ˈt̪ˠiːd̪ˠoːɾʲ/,tuíodóireacht
Connacht ; Ulster ,/t̪ˠɾˠuː/,tnúth
Connacht ,/t̪ˠuːmˠ/,tom
Connacht ,/ɡliːxəmʲ/,glaoim
Connacht ,/iːvˠ/,aomh
Connacht ; ,/ˈd̪ˠɞɾˠəʃ/,dorais
Connacht ,/ˈfˠɑlə/,fala
Connacht ,/ˌkaipʲ ˈwɑːʃ/,caidhp bháis
Connacht ; Connacht ; Ulster ,/bʲɾʲɛ/,breith
Connacht ; Munster ,/sˠl̪ˠɑːmˠ/,slám
Connacht ,/kaul̪ˠ/,coll
Connacht ,/ˈɾˠɛbʲɑːɾˠd̪ˠ/,Roibeárd
Connacht ; Munster ,/coːx/,ceoch
Connacht ,/ˈdʲiːn̠ʲeːɾˠ/,dínnéar
Connacht ,/ˈpˠɾˠaːt̪ˠəsˠt̪ˠuːn̪ˠəx/,Pratastúnach
Connacht ,/ˈbˠuəlˠuː/,bualadh
Connacht ,[tʲæːxt̪ˠ],teacht
Connacht ; Munster ,/bʲɾʲoː/,breo
Connacht ,/ˈkɔɡəɾˠn̪ˠiːlʲ/,cogarnaíl
Connacht ,/ˈʃnʲæːxt̪ˠə/,sneachta
Connacht ,/ˈbˠɑləvˠ/,balbh
Connacht ,/ˈbʲɪʃəx/,biseach
Connacht ,/ˈɡɑʃciəx/,gaiscíoch
Connacht ,/ˈavʲəlʲiːnʲ/,Aibhilín
Connacht ,/ˈhɛcɪ/,chuici
Connacht ,/ˈn̪ˠiːfˠə/,naofa
Connacht ,/ˈkuːˈan̪ˠən̪ˠ/,comhionann
Connacht ,/ˈkɑɾʲəɟəx/,carraigeach
Connacht ,/ˈbʲɾʲakɑːn̪ˠ/,breacán
Connacht ; Connacht ; Ulster ,/sˠt̪ˠad̪ˠ/,stad
Connacht ; Ulster ,/ˈl̠ʲapˠə/,leapa
Connacht ,/ˈmʲɛl̠ʲoːɡ/,meilleog
Connacht ,/ˈɞɾˠəʃə/,uirthise
Connacht ,/l̠ʲuːnˠ/,leon
Connacht ; Ulster ,/kɾˠɪn̠ʲ/,cruinn
Connacht ; Munster ,/ʃɑːnʲ/,Seáin
Connacht ,/ˈfʲlʲɔxfˠəɾˠ/,fliuchfar
Connacht ,/ˈal̪ˠt̪ˠəx/,altfadh
Connacht ,/ˈsˠpʲɾʲaɡətʲ/,spreagadh
Connacht ,/cɾʲiː/,crích
Connacht ,/bʲæn/,bean
Connacht ; Munster ,/ˈdʲaɾˠəɡə/,deargadh
Connacht ,/bˠɑːj/,báigh
Connacht ; Ulster ,/ʃl̠ʲiːk/,slíoc
Connacht ; Ulster ,/n̠ʲiəw/,Niamh
Connacht ,/ˈɡɾˠɑːnˠiː/,gránaigh
Connacht ,/ˈɑːwəl̪ˠ/,ábhal
Connacht ; Ulster ,[ˈdʲɾʲamˠən̪ˠə],dreamanna
Connacht ,/ciːl̠ʲ/,cill
Connacht ,/fʲiːl̠ʲ/,fill
Connacht ; Connacht ; Ulster ,/ˈmˠadʲəɾʲ lʲə/,maidir le
Connacht ,/ˈæliːn/,ealaín
Connacht ,/ˌdʲiə ˈɣiːbʲ/,Dia dhaoibh
Connacht ,/ˈfʲiːbʲiːnʲ/,fíbín
Connacht ,/ˈʃɪlʲoːɡ/,sileog
Connacht ,/ˈtʲiːmʲpʲəl̪ˠ/,timpeall
Connacht ; Munster ,/ɑːlʲ/,áil
Connacht ; Munster ,/oːɾˠ/,ór
Connacht ,/oːx/,-ódh
Connacht ; Ulster ,/ɟlʲan̪ˠ/,gleann
Connacht ,/ˈfʲiəɾˠiː/,fiafraí
Connacht ,/ˈfˠad̪ˠɑːl̪ˠəx/,fadálach
Connacht ,/ˈfˠoːvˠəɾˠ/,fómhar
Connacht ,/ˈfˠɪʃoːɡ/,fuiseog
Connacht ,/ˈɡuəlʲiː/,guaillí
Connacht ; Munster ,/pˠɾˠɑːsˠ/,prás
Connacht ,/ɡɑːn̪ˠ/,gann
Connacht ,/l̪ˠɔ/,luigh
Connacht ,/ˈcɾʲiəxn̪ˠiː/,críochnaigh
Connacht ; Munster ,/ˈciʃtʲən̪ˠəx/,cisteanach
Connacht ; Munster ,/ˈkɑsən̪ˠ/,casann
Connacht ,/ˈlʲeːiː/,léi
Connacht ; Munster ,/ˈʃaɡəl̪ˠ/,seagal
Connacht ; Munster ,/ˈɡɑːfʲəx/,gáifeach
Connacht ; Munster ,/ˈmʲaiɡ/,meadhg
Connacht ; Ulster ,/ˈʃiːl̪ˠwəɾˠ/,síolmhar
Connacht ,[ˈəuɾˠl̪ˠɑːɾˠ],orlár
Connacht ,/sˠiːɾˠ/,saor
Connacht ,/ˈɡɞhə/,ga
Connacht ; Munster ,/ə(n̪ˠ)ˈn̪ˠɑːsˠ/,Nás
Connacht ,/ɡnˠɑːsˠ/,gnás
Connacht ; Ulster ,/ˈdʲɛcɪn̠ʲ/,d'fheicinn
Connacht ; Ulster ,[iː],-aigh
Connacht ,/ˈkɔɾˠuː/,corradh
Connacht ,/ˈkəil̠ʲtʲəx/,coillteach
Connacht ,/ˈcæpˠə/,ceapadh
Connacht ,,déanadh
Connacht ,/ˈcɑːɾˠl̪ˠəx/,Ceatharlach
Connacht ,/aun̪ˠ/,abhann
Connacht ; Ulster ,/ˈl̠ʲan̪ˠu/,leanbh
Connacht ,/ˈfˠlæhəʃ/,flaithis
Connacht ; Connacht ; Ulster ,/kɾˠan̪ˠ/,crann
Connacht ,/ˈæɾʲəɟədʲ/,airgid
Connacht ; Connacht ,/ˈkivʲnʲiː/,cuimhnigh
Connacht ; Munster ,/ˈɑsˠəmˠ/,asam
Connacht ,/ˈɑsˠiː/,asaibh
Connacht ,/ˈkɑːbʲiːnʲ/,cáibín
Connacht ,/ˈkuːmˠpˠoːɾˠtʲ/,compóirt
Connacht ,/pˠəil̠ʲ/,poill
Connacht ,/ˈsˠpˠalʲpʲiːnʲ/,spailpín
Connacht ; Ulster ,[ˈdʲɛɾʲən̠ʲ],deirinn
Connacht ,/ˈiən̪ˠt̪ˠəsˠ/,iontas
Connacht ,/ˈd̪ˠɔxt̪ˠuːɾʲ/,dochtúir
Connacht ,/ˈɡɾˠɑːnʲuːlʲ/,gráiniúil
Connacht ,/ˈkɔhiː/,cothaigh
Connacht ,/ˈcan̪ˠsˠə/,ceansaigh
Connacht ,/ˈpˠoːɡəx/,pógadh
Connacht ,/ˈbʲɪhuːn̪ˠt̪ˠə/,bithiúnta
Connacht ; Ulster ,/t̪ˠɪn̠ʲ/,toinn
Connacht ; Ulster ,/l̪ˠasˠˈt̪ˠal̪ˠ/,lastall
Connacht ,/ˈclʲasˠiː/,cleasaí
Connacht ; Munster ,/ˈbˠɔl̪ˠsˠkərʲə/,bolscaire
Connacht ,/ˈbˠɾˠæːn̪ˠuː/,breathnú
Connacht ; Munster ,,agus
Connacht ,/ˈd̪ˠaŋn̪ˠiːmʲ/,daingním
Connacht ,/bʲleːn/,bléin
Connacht ; Munster ,/ˈpˠlˠɑːt̪ˠə/,pláta
Connacht ,/ˈdʲɪn̪ˠən̪ˠ/,déanann
Connacht ,/ˈt̪ˠɑxt̪ˠəvˠ/,tachtadh
Connacht ; Munster ,/ˈɟɾʲiːsˠəx/,gríosach
Connacht ,/ˈkʊnˠəfˠəx/,confach
Connacht ,/ˈbʲlʲɪsˠɑːnˠ/,bliosán
Connacht ,/ˈeːd̪ˠɑːlˠəx/,éadálach
Connacht ,/ˈaŋ(ɡ)əx/,eangach
Connacht ,/ˈal̪ˠmˠoːn̠ʲ/,almóinn
Connacht ; Munster ,/sˠt̪ˠɑː/,stá
Connacht ; Munster ,/ˈl̪ˠɔɾˠəɡə/,lorga
Connacht ,/ˈdʲɾʲɑːrʲəxə/,deartháireacha
Connacht ,/kiːl̪ˠ/,caol
Connacht ; Munster ,/pˠoːɾˠ/,pór
Connacht ,,líonadh
Connacht ,/ˈfˠal̪ˠəx/,falach
Connacht ,/ˈaiə/,aghaidh
Connacht ,/ˈmˠɔnəɾˠkəxt̪ˠ/,monarcacht
Connacht ,[ˈbˠaːl̪ˠə],boladh
Connacht ,/ˈbˠalə/,baile
Connacht ,/ˈamˠsˠə/,agamsa
Connacht ,/ˈceːn̪ˠə/,céanna
Connacht ; Ulster ,/bˠɾˠoːnˠ/,brón
Connacht ; Connacht ,[ˈɑɡiː],agaibh
Connacht ; Munster ,/ˈl̠ʲɛctʲɾʲəxəsˠ/,leictreachas
Connacht ,/lʲɔmˠ/,liom
Connacht ; Munster ,/ˈɑːɾʲəhə/,áirithe
Connacht ,/ˈbʲiːdʲəx/,bídeach
Connacht ,/ˈæɾˠə/,athraigh
Connacht ; Connacht ,/ˈdʲiːwɑːlˠəx/,díobhálach
Connacht ,/ˈfʲoːlˠə/,feola
Connacht ,/ˈeːlʲiːmʲ/,éilím
Connacht ; Munster ,/ˈbˠɑkə/,bacadh
Connacht ,/ˈceːsˠəx/,céasadh
Connacht ; Munster ,/ˈbˠɑxəl̪ˠ/,bachall
Connacht ; Ulster ,/d̪ˠlˠuː/,dlúth
Connacht ; Munster ,/ˈkɔtʲən̪ˠ/,coiteann
Connacht ,/dʲiːbʲ/,díbh
Connacht ,/dʲiːn/,déan
Connacht ,/ˈfˠɪn̠ʲʃoːɡ/,fuinseog
Connacht ; Munster ,/kɾˠoː/,cró
Connacht ,/ˈcɪʃɑːn̪ˠ/,ciseán
Connacht ,/ˈmˠʊnˠəɾˠkiː/,monarcaí
Connacht ,/ˈimʲiɾʲcə/,imirce
Connacht ,/ˈbʲal̪ˠiː/,bealaigh
Connacht ; Munster ,/ˈt̪ˠoːɡəmʲədʲ/,tógaimid
Connacht ; Munster ,/ˈpˠoːkə/,pógtha
Connacht ,/ɡlˠiː/,glaodh
Connacht ,/ˈpˠiːn̠ʲtʲɑːl̠ʲtʲə/,pointeáilte
Connacht ,/kɾˠuːmˠ/,crom
Connacht ,/ˈdʲiːnʲʃoːtʲ/,d'inseodh
Connacht ,/ˈmˠɑːlˠoːdʲ/,málóid
Connacht ,/ˈkɾˠɔsˠɑːlʲ/,crosáil
Connacht ; Munster ,/ˌɛɾʲəˈl̪ˠəid̪ˠ/,ar a laghad
Connacht ,/ˈkiːbˠəx/,caobach
Connacht ; Ulster ,/ɡlˠak/,glac
Connacht ,/uːɾʲˈl̠ʲeːɾʲ/,úrleathair
Connacht ,/ɡoːx/,gabhadh
Connacht ,/ˈahəɾʲ/,athair
Connacht ; Connacht ,[ˈaːn̪ˠoːl̪ˠiː],aineolaí
Connacht ,[ˈcæːxt̪ˠəɾˠ],ceachtar
Connacht ,/ˈfʲɾʲasˠt̪ˠəlˠiː/,freastalaí
Connacht ,/ˈfʲlʲɔxə/,fliuchadh
Connacht ; Connacht ,/ceɾˠdʲ/ ~ /coɾˠdʲ/,ceird
Connacht ,/ˈt̪ˠɑxt̪ˠəx/,tachtadh
Connacht ,/ˈæːɾʲiːmʲ/,airím
Connacht ,/ciç/,cith
Connacht ,/ˈkl̪ˠuʃən̪ˠ/,cloiseann
Connacht ,/ˈn̪ˠoːnʲiːnʲ/,nóinín
Connacht ,/ˈtʲil̠ʲəx/,tuilleadh
Connacht ,[ˈkɾˠiːn̠ʲtʲə],croinnte
Connacht ,/ɡlɑsˠ/,glas
Connacht ; Munster ,/ˈbˠɔɡə/,bogadh
Connacht ; Connacht ,/(t̪ˠə)ˈsˠpˠɑːn̠ʲtʲ/,taispeáint
Connacht ,[aːx],ach
Connacht ; Munster ,/ˈt̪ˠɔɾˠən̪ˠ/,torann
Connacht ; Connacht ; Ulster ,/ɡal̪ˠ/,gal
Connacht ,/ˈdʲiːbʲɾʲiːx/,díbríodh
Connacht ; Munster ,/ˈsˠkiːlʲə/,scaoileadh
Connacht ; Munster ,,agus
Connacht ,/ˈdʲiːl̠ʲɑː/,díleá
Connacht ,[ˈcɪʃən̪ˠiː],ciseanna
Connacht ; Munster ,/ˈɟaɾˠəbˠəx/,gearbach
Connacht ; Ulster ,/ˈkɔsˠuːlʲ/,cosúil
Connacht ,/ˈfʲlʲɔxətʲ/,fliuchadh
Connacht ,/t̪ˠɾˠeː/,troithe
Connacht ,[ˈbʲɾʲæːn̪ˠəx],Breatnach
Connacht ,/ˈæɾʲə/,airigh
Connacht ; Munster ,/ˈɪmʲəɾˠtʲ/,imirt
Connacht ,/ɡl̪ˠasˠ/,glas
Connacht ; Munster ,/ˈkɑːsˠkə/,Cásca
Connacht ,/ˈd̪ˠuːnˠətʲ/,dúnadh
Connacht ,/ˈpʲɛlʲuːɾˠ/,piliúr
Connacht ,/ˈiːhə/,ithe
Connacht ,[ˈkɔlˠɑːʃtʲiː],coláistí
Connacht ; Connacht ,/ˈt̪ˠaxt̪ˠətʲ/,tachtadh
Connacht ,/ˈan̪ˠəmˠn̪ˠəxiː/,anamnacha
Connacht ,/ˈtʲiəxt̪ˠ/,tíocht
Connacht ,/ɡau/,gabh
Connacht ; Connacht ,/ˈkivʲnʲə/,cuimhnigh
Connacht ; Ulster ,/ˈl̠ʲɪtʲəɾʲ/,litir
Connacht ; Ulster ,[ɟlʲɛːə̯sˠ],gléas
Connacht ,/ˈd̪ˠevʲnʲəxt̪ˠ/,doimhneacht
Connacht ,/ˈɡlɪnə/,gloine
Connacht ,[kaːb],cab
Connacht ; Munster ,/d̪ˠɑːlʲ/,dáil
Connacht ,/ˈakəd̪ˠuː/,acadamh
Connacht ; Munster ,/ˈpˠɾˠiːvˠˌxahɪɾʲ/,príomhchathair
Connacht ,/ˈkaɾˠt̪ˠəvˠ/,cartadh
Connacht ; Munster ,/klˠaʃ/,clais
Connacht ,/ˈcɾʲeːt̪ˠuːɾˠ/,créatúr
Connacht ,/fʲɪn̪ˠ/,fionn
Connacht ,/ˈpˠɑːdʲiːnʲ/,Páidín
Connacht ,/ˈfˠahəx/,fathach
Connacht ,/ˈɡl̪ˠasˠoːɡ/,glasóg
Connacht ,/ˈfʲeːçəvˠ/,féicheamh
Connacht ,/ɡɞl/,goil
Connacht ,/d̪ˠɾˠuː/,dorú
Connacht ,/kɾˠaɡ/,cnag
Connacht ; Munster ,/sˠɑ̃ːvˠ/,sámh
Connacht ; Connacht ; Munster ; Connacht ,/ˈdʲɾʲɛhuːɾˠ/,deirfiúr
Connacht ,/ˈɡau(ə)/,gabhfaidh
Connacht ,,déanaim
Connacht ; Munster ,/ˈt̪ˠɾˠɑːt̪ˠə/,tráta
Connacht ; Munster ,/fˠɑːsˠ/,fás
Connacht ,/ˈkuː.ɑːnˠ/,cuán
Connacht ,/ˈbˠaʃtʲə/,baisteadh
Connacht ,/d̪ˠɑːl̪ˠ/,dall
Connacht ,/ˈfˠɑːkə/,fágtha
Connacht ,/l̠ʲɑː/,leá
Connacht ; Munster ,/ˈn̪ˠoːɾˠə/,Nóra
Connacht ; Ulster ,/bʲan̪ˠ/,bean
Munster ; Connacht ; Munster ,/ˈtʲaŋə/,teanga
Connacht ,/ˈsˠklˠɑːwiəxt̪ˠ/,sclábhaíocht
Connacht ,/ˈd̪ˠɾˠeːd̪ˠ/,droichead
Connacht ; Munster ,/ɟnʲeː/,gné
Connacht ,/n̠ʲæɾˠt̪ˠ/,neart
Connacht ,/ˈhɞɡəmˠsˠə/,chugamsa
Connacht ,/ˈal̪ˠəx/,eallach
Connacht ,/ˈdʲeːɡə/,diaga
Connacht ,/ˈfˠɔl̪ˠuː/,folamh
Connacht ,/t̪ˠʊmˠ/,tom
Connacht ,/ˈfʲiəɾˠhə/,fiafraigh
Connacht ,/ˈʃl̠ʲəun̪ˠiː/,sleamhnaigh
Connacht ,/ˈfʲiəɾˠətʲ/,fiaradh
Connacht ,/ˈɪn̠ʲtʲəxt̪ˠ/,inteacht
Connacht ,/ˈuəlˠəhiː/,uathlathaí
Connacht ,/ˈbˠal̪ˠəx/,ballach
Connacht ; Munster ,/t̪ˠɑːnʲ/,táin
Connacht ; Munster ,/t̪ˠɾˠɑː/,trá
Connacht ,/ˈpˠɑːɾˠtʲiːnˠ ˌl̪ˠɔxt̪ˠ ˈəibʲɾʲə/,Páirtí an Lucht Oibre
Connacht ,/ˈaɾʲə/,airigh
Connacht ; Connacht ,/ˈdʲiːwɑːlʲ/,díobháil
Connacht ,/ˈɔɾˠdʲə/,airde
Connacht ,/mˠɔl̪ˠ/,mol
Connacht ,/ˈbˠɾˠʊmˠəx/,bromach
Connacht ,/ˈænɪʃ/,ainbhios
Connacht ,/ˈʃoːl̪ˠəmʲ/,seolaim
Connacht ; Ulster ,/ˈhat̪ˠə/,hata
Connacht ,[ˈtʲiːmˠpˠəʃtʲiː],timpistí
Connacht ,/ˈɡiːsˠɑːnˠ/,gaosán
Munster ; Connacht ; Munster ,/bˠiːmʲ/,boim
Connacht ,/ˈfˠɑtʲə/,faighte
Connacht ,/ˈəibˠləɡədʲ/,oibleagáid
Connacht ; Connacht ,/ˈʊɡɑːn̪ˠ/,eagán
Connacht ,/ˈiːnʲʃəxt̪ˠ/,inseacht
Connacht ; Munster ,/ʃoːl̪ˠ/,seol
Connacht ,/bˠanʲ/,bain
Connacht ,/ˈɡlˠanˠətʲ/,glanadh
Connacht ,/t̪ˠɛʃ/,tomhais
Connacht ,/ˈoːl̪ˠəmʲədʲ/,ólaimid
Connacht ,/ˈkɔɾˠiː/,corraigh
Connacht ,/d̪ˠaun̠ʲ/,domhain
Connacht ; Munster ,/ˈt̪ˠoːɾˠəvˠ/,tórramh
Connacht ; Munster ,/fˠɪlʲ/,fuil
Connacht ,/ˈɟɑːɾˠəvˠ/,gearradh
Connacht ,/bˠɑːl̪ˠ/,ball
Connacht ,/ˈt̪ˠɪʃmʲə/,tuismigh
Connacht ; Munster ,/ˈkɔsˠkəɾʲ/,coscair
Connacht ,/ˈt̪ˠiːwiː/,taobhaigh
Connacht ,/ˈkɔɾˠuːnʲ/,coróin
Connacht ,/klˠoɡ/,clog
Connacht ,/d̪ˠəˈliə/,dlí
Connacht ; Munster ,/ˈuəxt̪ˠə/,uachta
Connacht ,/ˈkiːnʲətʲ/,caoineadh
Connacht ,/ˈcuːʃən̪ˠiː/,ciumhaiseanna
Connacht ,/ˈʊmˠl̪ˠɑːn̪ˠ/,iomlán
Connacht ,/ɾˠuːt̪ˠ/,romhat
Connacht ; Munster ,/ˈiːlʲəx/,aoileach
Connacht ; Munster ,/ˈɛɾʲəxt̪ˠəsˠ/,oireachtas
Connacht ,/bˠɾˠoːn/,brón
Connacht ,/fʲlʲɔx/,fliuch
Connacht ,/ˈʃæsˠə/,seasamh
Connacht ,/ˈbˠad̪ˠɾˠɑːlʲ/,badráil
Connacht ; Ulster ,/ˈdʲɛɾʲuː/,deireadh
Connacht ,/ˈt̪ˠɛtʲiːnʲ/,toitín
Connacht ; Ulster ,/ˈɣɪtʲʃə/,dhuitse
Connacht ,/ˈsˠæɡəɾˠtʲ/,sagairt
Connacht ,/ɡnˠɑːsˠ/,gnás
Connacht ,/ˈhoːɾˠlˠɑːnˠ/,Iordáin
Connacht ; Munster ,/l̪ˠɪvʲ/,luibh
Connacht ,/ˈɛbʲɾʲaːnˠ/,Aibreán
Connacht ,/ˈɡɑːlˠə/,gála
Connacht ,/ˈmˠɑːɾˠ/,máthar
Connacht ; Ulster ,/ˈd̪ˠɔɾˠəsˠ/,doras
Connacht ; Ulster ,/ˌiːvʲ ˈalʲiː/,Uíbh Fhailí
Connacht ,/ˈkɾˠɑːbʲə/,cnáibe
Connacht ; Ulster ,/pʲal̪ˠ/,peall
Connacht ; Ulster ,/pʲɪn̠ʲ/,pinn
Connacht ,/bˠɾˠa/,braith
Connacht ; Munster ,/ˈkʊmˠə/,cuma
Connacht ,/t̪ˠɾˠuəj/,trua
Connacht ; Munster ,/ˈbˠɑːɾˠdˠə/,barda
Connacht ,/ˈcɪn̠ʲə/,cinnidh
Connacht ; Munster ,/sˠn̪ˠɑ̃ːvˠ/,snámh
Connacht ,[ˈiːnˠiː],ionaidh
Connacht ,/ˈfˠoɾˠəkə/,fothragadh
Connacht ,/ˈʃan̪ˠinʲə/,seanduine
Connacht ; Munster ,/ˈklˠɔɡədʲ/,clogaid
Connacht ; Munster ,/ˈd̪ˠɔˌɾˠan̪ˠə/,do-ranna
Connacht ,/ˈn̪ˠuːiː/,ngnóthaí
Connacht ,/ˈʃeːdʲəx/,séideadh
Connacht ,/ˈɔfˠɾˠɑːlˠəxə/,ofrálacha
Connacht ,/ˈn̠ʲivʲnʲəx/,nimhneach
Connacht ; Munster ,/ˈavˠəkɑːd̪ˠ/,abhacád
Connacht ,/ˈænʲiːtʲ/,aithníodh
Connacht ,/dʲiː/,d'ith
Connacht ,/ˈbʲɪʃiː/,bisigh
Connacht ; Connacht ,/ˈfˠax/,fathach
Connacht ,/ˈɑivʲnəxə/,aibhneacha
Connacht ,/ˈɪlʲəvˠ/,oileadh
Connacht ; Ulster ,/bʲlʲiː/,bligh
Connacht ,/ˈd̪ˠal̪ˠt̪ˠəx/,d'altadh
Connacht ,/ˈæsˠoːɡ/,easóg
Connacht ,/ˈfˠɾˠaŋkəx/,Francach
Connacht ,/ˈiːnˠə/,ionadh
Connacht ; Ulster ,/ˈʃeːdʲuː/,séideadh
Connacht ,/kuːɾʲ/,comhair
Connacht ; Munster ,/ˈn̪ˠɑːɾʲə/,náire
Connacht ,/ˈd̪ˠɑːɡətʲ/,d'fhágadh
Connacht ,/ˈuːsˠɑːdʲəx/,úsáideach
Connacht ,/ˈfˠiːlɑːn̪ˠ/,faoileán
Connacht ,/bˠiː/,baoth
Connacht ,/ˈbʲɞɡɑːn/,beagán
Connacht ; Munster ,/ɡɑːɾʲ/,gáir
Connacht ; Munster ,/ˈclʲeːɾʲəx/,cléireach
Connacht ,[ˈɾˠuː.ɑːnˠ],ruán
Connacht ,[ˈiːn̪ˠt̪ˠiː],oícheanta
Connacht ; Munster ,/kɑːɾˠn̪ˠ/,carn
Connacht ,/ˈkoːɾˠn̪ˠuː/,cornadh
Connacht ; Ulster ,/kɾˠaɡ/,cnag
Connacht ,/ˈɾˠuːoːɡ/,ruóg
Connacht ,/ˈ(h)ʊɡəd̪ˠ/,chugat
Connacht ,/ˈʃanˠəmoːɾʲiː/,seanmóirí
Connacht ,/ˈkuːlʲ/,cúthail
Connacht ; ,/lʲʊmˠ/,liom
Connacht ,/nə ˈhiniəxə heɾʲ/,Indiacha Thoir
Connacht ; Munster ,/sˠt̪ˠɑd̪ˠ/,stad
Connacht ; Ulster ,/ˈeːsˠkə/,éasca
Connacht ; Ulster ,/ˈbˠlˠaːsˠ/,blás
Connacht ,/d̪ˠəˈluː/,dlúth
Connacht ,/ˈuɡin̠ʲ/,againn
Connacht ,/ˈt̪ˠɑniː/,tanaí
Connacht ,/ˈoːɾˠd̪ˠuː/,ordú
Connacht ,/ˈoːɾˠɑːnˠ/,Odhrán
Connacht ,/ˈd̪ˠɞxəɾˠ/,dochar
Connacht ,/ˈan̪ˠəmˠəxiː/,anamacha
Connacht ,/ˈsˠalˠə/,salaigh
Connacht ,/d̪ˠɑːnˠ/,dán
Connacht ,[ˈɪmʲən̪ˠiː],imeanna
Connacht ; Connacht ,/ˈt̪ˠaxt̪ˠə/,tachtadh
Connacht ; Ulster ,/ˈkasˠu(ː)/,casadh
Connacht ; Munster ,/mˠɑːʃ/,más
Connacht ,/ˈʊn̪ˠt̪ˠɾˠɑːlʲ/,iontráil
Connacht ,/ˈɡɑ(ː)l̪ˠd̪ˠə/,gallda
Connacht ,/ˈpˠadʲɾʲiːnʲ/,paidrín
Connacht ; Munster ,/ˈpˠlˠoːd̪ˠɪhə/,plódaithe
Connacht ,[t̪ˠəˈbˠaːk],tobac
Connacht ; Munster ,/ˈsˠn̪ˠɑːfˠə/,snáfa
Connacht ,/t̪ˠiːw/,taobh
Connacht ,/ɑ(ː)t̪ˠ/,'ad
Connacht ,/ˈʌxt̪ˠɑːnˠ/,uchtán
Connacht ,/ˈfˠoːl̪ˠəmˠə/,foghlamtha
Connacht ; Ulster ,/ɡiː/,gaoth
Connacht ; Munster ,/dʲlʲiː/,dlí
Connacht ,[ˈkahiːɾʲəxə],cathaoireacha
Connacht ; Munster ,/ˈmʲɛhəvˠ/,Meitheamh
Connacht ; Munster ,/ˈdʲoːɾˠə/,deora
Connacht ,/ˈpˠoːɡətʲ/,pógadh
Connacht ; Munster ,/ˈeːɾʲən̪ˠəx/,Éireannach
Connacht ,/ˈsˠoːkuːlˠəx/,sócúlach
Connacht ,/æn̠ʲ/,againn
Connacht ,/ˈsˠʊn̪ˠə/,sona
Connacht ; Munster ,/ˈʊɾˠsˠə/,ursa
Connacht ,/ˈt̪ˠasˠt̪ˠɑːlʲ/,teastáil
Connacht ,/ˈl̠ʲiːn̪ˠətʲ/,líonadh
Connacht ,/ˈfʲiəɾˠuː/,fiaradh
Connacht ; Munster ,/sˠt̪ˠoːlˠ/,stól
Connacht ,/fʲa(ː)/,feadh
Connacht ,/bʲiəl/,biail
Connacht ,/ɡə/,de
Connacht ; Ulster ,/ˈkatʲɾʲiːn̪ˠə/,Caitríona
Connacht ; Ulster ,/ˈciəɾˠɣʊw/,ciardhubh
Connacht ,/ˈfʲiːsˠoːɡ/,féasóg
Connacht ; Connacht ,/ˈɑːɾʲiːmʲ/,áirím
Connacht ,/ˈfʲɾʲasˠt̪ˠəlˠiːtʲ/,freastalaíodh
Connacht ; Ulster ,/amˠ/,am
Connacht ,/ˈt̪ˠɔsˠiː/,tosaigh
Connacht ,/ˈl̠ʲaˌfˠiːsˠ/,leafaos
Connacht ,/ˈfˠiːvˠəɾˠ/,faobhar
Connacht ; Munster ,/pʲiːbʲ/,píb
Connacht ,/ˈavˠɾˠəsˠ/,amhras
Connacht ; Munster ,/bˠɑːdʲ/,báid
Connacht ; Ulster ,/bʲɪn̠ʲ/,binn
Connacht ; Ulster ,/ɾˠiː/,righ
Connacht ,/l̪ˠɑːx/,lathach
Connacht ,/ˈɔɾˠəpˠsˠən/,orthusan
Connacht ,/ˈsˠt̪ˠoːkɑːlʲ/,stócáil
Connacht ; Munster ,/sˠɑːn̠ʲ/,sáinn
Connacht ; Munster ,/ˈpˠɑːpˠə/,pápa
Connacht ,/ˈfʲiəxən̠ʲtʲ/,féachaint
Connacht ; Ulster ,/sˠpʲɾʲeːj/,spréigh
Connacht ; Connacht ; Munster ,/ˈbʲɑːɾˠn̪ˠə/,bearna
Connacht ; Ulster ,/ˈkɑsˠuːɾˠ/,casúr
Connacht ,/ɡnˠɑː/,gnáth
Connacht ; Connacht ,/əˈɲal̪ˠ ɛɾʲ/,i ngeall ar
Connacht ; Ulster ,/ˈbˠiːxəsˠ/,buíochas
Connacht ,/ˈmˠuːxətʲ/,múchadh
Connacht ,/t̪ˠiːn̠ʲ/,toinn
Connacht ; Ulster ,/ˈʃal̪ˠəɡ/,sealg
Connacht ,/ˈpˠɾˠɔt̪ˠəsˠt̪ˠuːn̪ˠəx/,Protastúnach
Connacht ; Ulster ,/d̪ˠl̪ˠuː/,dlúth
Connacht ,/ˈaːɾˠn̠ʲaːnˠ/,airneán
Connacht ,/ˈbʲɑːɾˠətʲ/,bearradh
Connacht ,/ˈklˠoːʃcɾʲiːwiː/,clóscríobhaithe
Connacht ; Munster ; Ulster ,/ˈfʲɪhəd̪ˠ/,fichead
Connacht ,/nʲiːnˠ/,iníon
Connacht ,/ˈbˠænʲəmʲ/,bainim
Connacht ,/ˈd̪ˠeːhən/,d'aithin
Connacht ; Connacht ,/t̪ˠɔn̪ˠ/,tonn
Connacht ,/ˈl̪ˠɛtʲəx/,loiteach
Connacht ; Ulster ,[əˈd̪ˠuəj],aduaidh
Connacht ; Ulster ,/ɡlˠasˠ/,glas
Connacht ; Munster ,/ˈbˠuəɾˠəx/,buarach
Connacht ; Ulster ,/kat̪ˠ/,cat
Connacht ; Munster ,/ˈt̪ˠɾˠɔd̪ˠə/,troda
Connacht ; Connacht ,/ˈbˠɑːn̪ˠɾˠiən̪ˠ/,banríon
Connacht ,/ˌdʲiə ˈjiːbʲ/,Dia dhaoibh
Connacht ; Ulster ,/ˈmˠasˠl̪ˠuː/,maslú
Connacht ,/ˈkɔmˠoːɾˠt̪ˠəsˠ/,comórtas
Connacht ,/mʲɑːl̪ˠ/,meall
Connacht ,[ˈɡaʃciːxə],gaiscíocha
Connacht ,/ˈd̪ˠan̠ʲoːnʲ/,d'ainneoin
Connacht ,/ˈbˠɪdʲeːlˠ/,buidéal
Connacht ; Munster ,/ˈʃiːlʲəmʲ/,sílim
Connacht ; Munster ,/ˈɑsˠət̪ˠ/,asat
Connacht ,[æːɾʲ],athair
Connacht ,/ˈtʲɾʲoːɾˠəxiː/,treoracha
Connacht ,/ˈmˠad̪ˠə ˈɾˠuə/,madadh rua
Connacht ,/ˈsˠiːɾˠə/,saothraigh
Connacht ,/ˈvʲiːuː/,bhíothadh
Connacht ; Ulster ,[ˈkũːn̪ˠũː],cúnamh
Connacht ; Munster ,/kɑːɾˠ/,carr
Connacht ,/ˈkɔlˠəmˠɑːnˠ/,Colmán
Connacht ,/ˈfˠɾˠaŋkəx/,Francach
Connacht ; Connacht ,/ˈmˠɑːɾʲəxiː/,máithreacha
Connacht ,/bˠɑːn̪ˠ/,bán
Connacht ,/ˈfˠɑːmˠədʲ/,faighimid
Connacht ,/xoː/,chomh
Connacht ; Munster ,/ˈɑsˠn̪ˠə/,easna
Connacht ; Munster ,/ˈfˠoːlˠəmʲ/,foghlaim
Connacht ; Munster ,/ˈɑːl̠ʲə/,áille
Connacht ,/ˈɡɾˠiːuːlʲ/,gnaíúil
Connacht ; Munster ,/ˈsˠt̪ˠɾˠɑpˠəɾʲə/,strapaire
Connacht ,/t̪ˠɛʃ/,tomhas
Connacht ,/ˈknˠɑpˠə/,cnaipe
Connacht ,/ˈaibʲɾʲɑːn/,Aibreán
Connacht ,/ˈbʲɾʲɪʃəvˠ/,briseadh
Connacht ; Munster ,/ˈmʲinʲ/,min
Connacht ,/ˈfˠat̪ˠiː/,fataí
Connacht ,/ˈɑːɾʲə/,aire
Connacht ,/ˈd̪ˠoːpˠsˠən/,dóibhsean
Connacht ,/(ɣ)iːt̪ˠ/,dhíot
Connacht ,/ˈɡɔɾˠə/,goradh
Connacht ; Munster ,[ˈsˠuːɡɾˠə],súgradh
Connacht ,/ˈkɛlʲəx/,coileach
Connacht ,/ˈpʲeːn̠ʲtʲɑːlʲ/,péinteáil
Connacht ,/ˈd̪ˠoːlˠhuː/,d'ólfadh
Connacht ,/ˈbˠuəxəl̠ʲ/,buachaill
Connacht ; Munster ,/ˈmˠaɾˠəɡə/,margadh
Connacht ,/wæmʲ/,uaim
Connacht ,/ˈfʲamˠən/,feamainn
Connacht ,/kumˠˈɾˠɑːd̪ˠiː/,comrádaí
Connacht ; Munster ,/ˈeːʃtʲəmʲ/,éistim
Connacht ,/ˈkɾˠɔxətʲ/,crochadh
Connacht ,[kaː],cath
Connacht ,/ˈɛlʲə/,uile
Connacht ,/ˈbˠalʲiː/,bailigh
Connacht ,/ˈmˠuːxətʲ/,múchadh
Connacht ,/ˈɾˠoːmˠɑːnʲəʃ/,Rómáinis
Connacht ; Connacht ,/ˈbˠɾˠud̪ˠɑːnˠ/,bradán
Connacht ,/ˈkəiciːʃ/,coicís
Connacht ,/ˈl̪ˠɑːɾʲəx/,láithreach
Connacht ,/ˈl̪ˠɑsˠɾˠəx/,lasrach
Connacht ,/ˈaɾˠkɑːnˠ/,arcán
Connacht ; Ulster ,/n̠ʲaɾˠt̪ˠ/,neart
Connacht ; Munster ,/bˠɑː/,bá
Connacht ,/ˈbˠunˠuː/,bunadh
Connacht ; Connacht ; Ulster ,/bˠl̪ˠasˠ/,blas
Connacht ; Munster ,/ʊɾˠ/,ur-
Connacht ; Ulster ,/ʃcɾʲiːbˠ/,scríob
Connacht ,/ˈmˠɑːd̪ˠɾˠiː/,madraí
Connacht ,/ˈɑːmˠəd̪ˠ/,adhmad
Connacht ,/ˈinʲʃoː/,inseoidh
Connacht ,[ˈdʲɛʃiː],deisigh
Connacht ,/iˈciːnʲəxt̪ˠ/,éigin
Connacht ,/ˌfˠɪlʲ ˈt̪ˠɾˠuːnə/,fuil shróine
Connacht ; Munster ,/ˈd̪ˠuːʃəxt̪ˠ/,dúiseacht
Connacht ,[ˈd̪ˠɔxt̪ˠuːɾˠə],dochtúra
Connacht ,/ˈt̪ˠan̪ˠiː/,tanaí
Connacht ; ,/ˈɔɾˠəbˠ/,orthu
Connacht ,/ˈɟaɾˠuː/,gearradh
Connacht ; Munster ,/t̪ˠɑːlˠ/,tál
Connacht ,/ˈkɾˠɪn̠ʲiəxiː/,cruinníocha
Connacht ,/tʲɾʲeːdʲ/,tréig
Connacht ; Connacht ; Ulster ,/kasˠ/,cas
Connacht ,/ˈfʲɾʲeːwəxiː/,fréamhacha
Connacht ; Munster ,/ˈcɾʲɪhəmʲ/,crithim
Connacht ,/kanʲtʲ/,caint
Connacht ,[ˈklˠɑːɾˠʃəxiː],cláirseacha
Connacht ; Munster ,/ɟeːɾˠ/,géar
Connacht ,/ˈiːnʲtʲəɾˠəxt̪ˠ/,intleacht
Connacht ,/ˈbˠlɑhiː/,bláthaí
Connacht ,/ˈɛfʲɪc/,oifig
Connacht ,/ˈfʲɛvˠɾˠəʃ/,fiabhrais
